valor_mensalidade,tempo_contrato,qtd_chamados_suporte,dias_atraso_pagamento,uso_medio_gb,nps_score,meses_sem_incidente,risco_pagamento,pressao_suporte,engagement_score,ticket_medio_ajustado,score_satisfacao,score_risco_composto,plano,regiao,tem_fidelidade,qtd_upgrades,churn_real,prob_churn,pred_opt_thr,risco
112.88,33,8,71,118.9,0.0,2,2.3667,0.2353,39.63,112.88,0.0,15.0,Fibra 200MB,Leste,0,0,1,0.9983,1,ALTO
75.4,3,9,86,144.6,0.0,7,2.8667,2.25,96.4,37.7,0.0,11.25,Fibra 100MB,Leste,0,1,1,0.9981,1,ALTO
74.33,1,9,70,55.3,3.0,7,2.3333,4.5,36.87,37.16,2.1,11.25,Fibra 100MB,Leste,0,1,1,0.9976,1,ALTO
87.17,3,7,85,121.9,2.7,5,2.8333,1.75,81.27,87.17,1.35,15.0,Fibra 100MB,Norte,0,0,1,0.9959,1,ALTO
71.19,2,8,56,132.5,1.7,9,1.8667,2.6667,88.33,71.19,1.53,15.0,Fibra 100MB,Norte,0,0,1,0.9957,1,ALTO
69.74,34,6,83,50.7,1.3,1,2.7667,0.1714,33.8,69.74,0.13,9.0,Fibra 100MB,Norte,1,0,1,0.9947,1,ALTO
416.36,2,7,81,813.6,3.7,3,2.7,2.3333,90.4,416.36,1.11,15.0,Empresarial,Oeste,0,0,1,0.9944,1,ALTO
70.06,3,6,90,116.5,4.0,3,3.0,1.5,77.67,70.06,1.2,15.0,Fibra 100MB,Oeste,0,0,1,0.9925,1,ALTO
75.32,14,5,48,50.0,3.1,2,1.6,0.3333,33.33,75.32,0.62,15.0,Fibra 100MB,Norte,0,0,1,0.9894,1,ALTO
77.93,12,7,8,74.4,0.0,6,0.2667,0.5385,49.6,77.93,0.0,5.0,Fibra 100MB,Norte,0,0,1,0.9892,1,ALTO
87.64,59,6,40,121.6,4.2,0,1.3333,0.1,81.07,87.64,0.0,15.0,Fibra 100MB,Norte,0,0,1,0.9888,1,ALTO
73.82,2,4,58,60.5,1.9,2,1.9333,1.3333,40.33,73.82,0.38,7.5,Fibra 100MB,Leste,0,0,0,0.9888,1,ALTO
73.71,56,5,87,116.7,2.2,7,2.9,0.0877,77.8,73.71,1.54,15.0,Fibra 100MB,Norte,0,0,1,0.9882,1,ALTO
83.04,3,5,61,60.8,3.0,6,2.0333,1.25,40.53,83.04,1.8,15.0,Fibra 100MB,Norte,0,0,1,0.9881,1,ALTO
102.23,2,5,81,186.1,2.4,7,2.7,1.6667,62.03,102.23,1.68,15.0,Fibra 200MB,Oeste,0,0,1,0.988,1,ALTO
85.87,38,3,38,98.9,0.0,2,1.2667,0.0769,65.93,85.87,0.0,7.5,Fibra 100MB,Norte,0,0,1,0.9878,1,ALTO
87.23,4,5,14,58.7,1.9,0,0.4667,1.0,39.13,87.23,0.0,5.0,Fibra 100MB,Oeste,0,0,1,0.9869,1,ALTO
80.4,17,4,42,82.7,1.3,2,1.4,0.2222,55.13,80.4,0.26,7.5,Fibra 100MB,Norte,0,0,1,0.9866,1,ALTO
113.21,56,7,51,183.3,3.0,5,1.7,0.1228,61.1,56.6,1.5,11.25,Fibra 200MB,Norte,0,1,0,0.9863,1,ALTO
77.46,6,2,78,130.8,1.1,1,2.6,0.2857,87.2,77.46,0.11,7.5,Fibra 100MB,Norte,0,0,1,0.986,1,ALTO
102.64,7,6,23,299.6,0.0,6,0.7667,0.75,99.87,102.64,0.0,5.0,Fibra 200MB,Norte,0,0,1,0.9854,1,ALTO
126.85,36,2,88,410.8,0.0,2,2.9333,0.0541,68.47,126.85,0.0,7.5,Fibra 500MB,Oeste,0,0,1,0.9847,1,ALTO
70.92,2,3,70,124.3,1.0,0,2.3333,1.0,82.87,35.46,0.0,3.375,Fibra 100MB,Oeste,1,1,1,0.9838,1,ALTO
100.58,14,8,61,165.4,2.9,12,2.0333,0.5333,55.13,100.58,3.48,15.0,Fibra 200MB,Leste,0,0,1,0.9834,1,ALTO
74.3,57,4,51,113.1,1.7,3,1.7,0.069,75.4,74.3,0.51,7.5,Fibra 100MB,Norte,0,0,1,0.9832,1,ALTO
76.1,44,4,68,82.6,1.9,0,2.2667,0.0889,55.07,38.05,0.0,3.375,Fibra 100MB,Norte,1,1,1,0.9824,1,ALTO
79.2,2,5,30,61.6,1.1,6,1.0,1.6667,41.07,79.2,0.66,5.0,Fibra 100MB,Oeste,0,0,1,0.9823,1,ALTO
99.48,18,3,59,252.1,0.3,3,1.9667,0.1579,84.03,99.48,0.09,7.5,Fibra 200MB,Oeste,0,0,1,0.982,1,ALTO
69.39,50,5,2,106.9,2.3,0,0.0667,0.098,71.27,69.39,0.0,5.0,Fibra 100MB,Norte,0,0,1,0.9811,1,ALTO
418.21,28,6,44,434.4,1.7,8,1.4667,0.2069,48.27,418.21,1.36,15.0,Empresarial,Leste,0,0,1,0.9802,1,ALTO
74.87,13,8,10,73.7,4.3,3,0.3333,0.5714,49.13,74.87,1.29,5.0,Fibra 100MB,Leste,0,0,1,0.9795,1,ALTO
110.26,12,3,70,152.4,1.4,3,2.3333,0.2308,50.8,110.26,0.42,7.5,Fibra 200MB,Leste,0,0,1,0.9794,1,ALTO
76.39,31,5,64,87.4,4.4,5,2.1333,0.1562,58.27,76.39,2.2,15.0,Fibra 100MB,Norte,0,0,1,0.9793,1,ALTO
159.83,22,7,68,334.2,3.2,11,2.2667,0.3043,55.7,159.83,3.52,15.0,Fibra 500MB,Norte,0,0,1,0.9789,1,ALTO
88.32,1,6,29,63.8,4.4,5,0.9667,3.0,42.53,88.32,2.2,5.0,Fibra 100MB,Oeste,0,0,1,0.9787,1,ALTO
104.44,25,4,62,248.1,2.6,0,2.0667,0.1538,82.7,104.44,0.0,7.5,Fibra 200MB,Sul,0,0,1,0.9785,1,ALTO
76.66,1,7,39,95.1,5.3,8,1.3,3.5,63.4,25.55,4.24,4.5,Fibra 100MB,Norte,0,2,1,0.9783,1,ALTO
75.45,58,3,57,52.7,2.4,1,1.9,0.0508,35.13,75.45,0.24,7.5,Fibra 100MB,Oeste,0,0,0,0.9781,1,ALTO
178.01,47,8,3,581.1,4.3,1,0.1,0.1667,96.85,178.01,0.43,5.0,Fibra 500MB,Norte,0,0,1,0.9768,1,ALTO
99.4,4,4,86,202.0,4.1,2,2.8667,0.8,67.33,99.4,0.82,7.5,Fibra 200MB,Norte,0,0,0,0.9764,1,ALTO
135.39,3,3,3,346.9,0.0,0,0.1,0.75,57.82,67.69,0.0,1.875,Fibra 500MB,Oeste,0,1,1,0.9762,1,ALTO
144.88,1,3,88,537.5,3.3,3,2.9333,1.5,89.58,144.88,0.99,7.5,Fibra 500MB,Norte,0,0,1,0.9761,1,ALTO
78.61,40,4,62,148.7,3.4,0,2.0667,0.0976,99.13,78.61,0.0,7.5,Fibra 100MB,Centro,0,0,1,0.9761,1,ALTO
72.01,48,3,65,111.6,2.7,1,2.1667,0.0612,74.4,72.01,0.27,7.5,Fibra 100MB,Oeste,0,0,1,0.9758,1,ALTO
117.04,56,4,27,189.3,1.5,1,0.9,0.0702,63.1,117.04,0.15,2.5,Fibra 200MB,Leste,0,0,1,0.9757,1,ALTO
440.44,28,1,31,399.2,0.0,0,1.0333,0.0345,44.36,440.44,0.0,7.5,Empresarial,Leste,0,0,1,0.9752,1,ALTO
88.61,22,4,86,56.8,3.3,5,2.8667,0.1739,37.87,88.61,1.65,7.5,Fibra 100MB,Leste,0,0,1,0.974,1,ALTO
70.11,57,3,80,121.5,1.9,5,2.6667,0.0517,81.0,70.11,0.95,7.5,Fibra 100MB,Leste,0,0,1,0.974,1,ALTO
109.92,13,7,5,202.3,4.1,1,0.1667,0.5,67.43,109.92,0.41,5.0,Fibra 200MB,Leste,0,0,0,0.9737,1,ALTO
70.81,28,5,24,73.2,3.1,0,0.8,0.1724,48.8,70.81,0.0,5.0,Fibra 100MB,Sul,0,0,1,0.9735,1,ALTO
109.99,48,4,54,115.7,3.5,0,1.8,0.0816,38.57,109.99,0.0,7.5,Fibra 200MB,Oeste,0,0,1,0.9732,1,ALTO
111.78,16,6,89,241.4,3.6,9,2.9667,0.3529,80.47,55.89,3.24,11.25,Fibra 200MB,Oeste,0,1,1,0.9727,1,ALTO
133.31,15,3,39,570.4,1.9,1,1.3,0.1875,95.07,133.31,0.19,7.5,Fibra 500MB,Leste,0,0,1,0.9725,1,ALTO
86.78,5,5,24,100.1,3.0,4,0.8,0.8333,66.73,86.78,1.2,5.0,Fibra 100MB,Norte,0,0,0,0.9724,1,ALTO
70.3,13,4,7,78.8,1.0,2,0.2333,0.2857,52.53,70.3,0.2,2.5,Fibra 100MB,Centro,0,0,1,0.9724,1,ALTO
73.47,3,5,3,90.0,3.5,2,0.1,1.25,60.0,73.47,0.7,5.0,Fibra 100MB,Norte,0,0,1,0.9722,1,ALTO
75.58,45,3,9,75.1,0.0,2,0.3,0.0652,50.07,75.58,0.0,2.5,Fibra 100MB,Sul,0,0,0,0.972,1,ALTO
77.58,3,6,47,108.4,5.7,2,1.5667,1.5,72.27,77.58,1.14,6.0,Fibra 100MB,Leste,0,0,1,0.9719,1,ALTO
87.56,56,5,68,81.3,4.6,5,2.2667,0.0877,54.2,43.78,2.3,11.25,Fibra 100MB,Leste,0,1,1,0.9708,1,ALTO
95.65,3,5,78,272.4,5.1,0,2.6,1.25,90.8,95.65,0.0,6.0,Fibra 200MB,Sul,0,0,1,0.9704,1,ALTO
73.66,11,5,20,114.7,3.8,1,0.6667,0.4167,76.47,73.66,0.38,5.0,Fibra 100MB,Norte,0,0,1,0.9703,1,ALTO
419.4,12,6,72,647.2,4.8,9,2.4,0.4615,71.91,419.4,4.32,15.0,Empresarial,Norte,0,0,1,0.97,1,ALTO
115.94,41,3,5,230.4,1.3,0,0.1667,0.0714,76.8,115.94,0.0,2.5,Fibra 200MB,Norte,0,0,1,0.9697,1,ALTO
71.09,8,6,79,104.7,6.8,0,2.6333,0.6667,69.8,71.09,0.0,6.0,Fibra 100MB,Norte,0,0,1,0.9695,1,ALTO
100.03,23,0,76,152.6,0.6,0,2.5333,0.0,50.87,50.02,0.0,5.625,Fibra 200MB,Centro,0,1,1,0.9693,1,ALTO
87.31,28,2,83,130.0,2.9,2,2.7667,0.069,86.67,87.31,0.58,7.5,Fibra 100MB,Leste,0,0,1,0.9685,1,ALTO
149.77,1,6,20,587.6,5.2,0,0.6667,3.0,97.93,149.77,0.0,2.0,Fibra 500MB,Centro,0,0,1,0.9683,1,ALTO
189.5,39,5,68,595.4,5.0,5,2.2667,0.125,99.23,189.5,2.5,15.0,Fibra 500MB,Leste,0,0,0,0.9677,1,ALTO
73.17,14,5,4,112.0,2.6,2,0.1333,0.3333,74.67,73.17,0.52,5.0,Fibra 100MB,Centro,0,0,1,0.9676,1,ALTO
125.34,59,7,66,361.4,5.8,3,2.2,0.1167,60.23,125.34,1.74,6.0,Fibra 500MB,Norte,0,0,1,0.9673,1,ALTO
73.67,43,3,25,99.6,1.9,0,0.8333,0.0682,66.4,36.84,0.0,1.875,Fibra 100MB,Oeste,0,1,1,0.9667,1,ALTO
434.33,3,6,73,892.1,6.1,2,2.4333,1.5,99.12,434.33,1.22,6.0,Empresarial,Oeste,0,0,0,0.9666,1,ALTO
168.33,54,3,80,313.6,1.8,4,2.6667,0.0545,52.27,84.16,0.72,5.625,Fibra 500MB,Leste,0,1,0,0.9663,1,ALTO
81.68,44,5,81,116.8,5.6,2,2.7,0.1111,77.87,81.68,1.12,6.0,Fibra 100MB,Norte,0,0,0,0.9662,1,ALTO
72.76,15,4,2,141.1,2.1,1,0.0667,0.25,94.07,72.76,0.21,2.5,Fibra 100MB,Leste,0,0,1,0.966,1,ALTO
84.39,6,2,23,85.0,0.3,1,0.7667,0.2857,56.67,84.39,0.03,1.5,Fibra 100MB,Leste,1,0,1,0.9656,1,ALTO
118.41,1,3,61,125.8,4.9,0,2.0333,1.5,41.93,118.41,0.0,7.5,Fibra 200MB,Norte,0,0,1,0.9655,1,ALTO
87.49,49,5,62,113.6,1.6,12,2.0667,0.1,75.73,43.74,1.92,11.25,Fibra 100MB,Norte,0,1,1,0.9654,1,ALTO
196.41,6,5,33,419.6,2.4,8,1.1,0.7143,69.93,196.41,1.92,15.0,Fibra 500MB,Sul,0,0,1,0.9651,1,ALTO
103.52,22,8,20,237.3,4.7,5,0.6667,0.3478,79.1,103.52,2.35,5.0,Fibra 200MB,Oeste,0,0,0,0.9648,1,ALTO
76.23,2,5,26,84.2,3.8,0,0.8667,1.6667,56.13,76.23,0.0,3.0,Fibra 100MB,Sul,1,0,1,0.9647,1,ALTO
80.56,13,2,84,70.5,4.3,0,2.8,0.1429,47.0,80.56,0.0,7.5,Fibra 100MB,Norte,0,0,1,0.9646,1,ALTO
94.85,1,3,49,288.4,3.5,2,1.6333,1.5,96.13,94.85,0.7,7.5,Fibra 200MB,Oeste,0,0,1,0.9646,1,ALTO
72.94,1,5,46,113.1,6.1,2,1.5333,2.5,75.4,72.94,1.22,6.0,Fibra 100MB,Oeste,0,0,1,0.9645,1,ALTO
518.1,15,3,51,816.2,1.1,6,1.7,0.1875,90.69,518.1,0.66,7.5,Empresarial,Norte,0,0,1,0.9644,1,ALTO
89.83,50,6,7,180.5,2.6,5,0.2333,0.1176,60.17,89.83,1.3,5.0,Fibra 200MB,Leste,0,0,1,0.9642,1,ALTO
80.35,39,2,37,103.6,0.1,6,1.2333,0.05,69.07,80.35,0.06,7.5,Fibra 100MB,Leste,0,0,1,0.9641,1,ALTO
69.31,41,4,89,141.6,4.9,4,2.9667,0.0952,94.4,69.31,1.96,7.5,Fibra 100MB,Norte,0,0,1,0.9626,1,ALTO
162.01,31,4,18,530.8,1.7,1,0.6,0.125,88.47,81.0,0.17,1.875,Fibra 500MB,Oeste,0,1,1,0.9619,1,ALTO
187.58,1,5,17,242.3,4.3,3,0.5667,2.5,40.38,187.58,1.29,5.0,Fibra 500MB,Oeste,0,0,1,0.9619,1,ALTO
85.22,2,4,17,49.9,3.8,2,0.5667,1.3333,33.27,85.22,0.76,2.5,Fibra 100MB,Norte,0,0,1,0.9617,1,ALTO
101.73,10,3,32,266.7,3.3,0,1.0667,0.2727,88.9,101.73,0.0,7.5,Fibra 200MB,Leste,0,0,1,0.9612,1,ALTO
79.05,57,4,56,149.0,3.8,4,1.8667,0.069,99.33,79.05,1.52,7.5,Fibra 100MB,Leste,0,0,1,0.961,1,ALTO
86.87,2,6,12,132.0,5.1,3,0.4,2.0,88.0,86.87,1.53,2.0,Fibra 100MB,Leste,0,0,1,0.9606,1,ALTO
92.68,15,6,4,174.6,4.3,2,0.1333,0.375,58.2,92.68,0.86,5.0,Fibra 200MB,Norte,0,0,0,0.9603,1,ALTO
104.05,7,4,79,250.0,4.3,5,2.6333,0.5,83.33,104.05,2.15,7.5,Fibra 200MB,Norte,0,0,1,0.9602,1,ALTO
80.5,8,1,90,129.7,1.7,5,3.0,0.1111,86.47,80.5,0.85,7.5,Fibra 100MB,Leste,0,0,1,0.9598,1,ALTO
70.97,21,4,41,137.5,3.7,4,1.3667,0.1818,91.67,70.97,1.48,7.5,Fibra 100MB,Norte,0,0,1,0.9596,1,ALTO
75.04,2,4,65,65.3,4.8,1,2.1667,1.3333,43.53,75.04,0.48,4.5,Fibra 100MB,Leste,1,0,0,0.9595,1,ALTO
96.82,51,4,0,126.9,2.1,2,0.0,0.0769,42.3,96.82,0.42,2.5,Fibra 200MB,Norte,0,0,0,0.9593,1,ALTO
86.11,5,5,9,80.9,1.5,9,0.3,0.8333,53.93,86.11,1.35,5.0,Fibra 100MB,Norte,0,0,1,0.9591,1,ALTO
74.94,11,4,52,81.4,4.4,4,1.7333,0.3333,54.27,74.94,1.76,7.5,Fibra 100MB,Norte,0,0,0,0.9588,1,ALTO
115.81,3,5,62,279.4,1.9,11,2.0667,1.25,93.13,115.81,2.09,9.0,Fibra 200MB,Norte,1,0,1,0.9582,1,ALTO
126.5,18,3,90,291.8,4.6,1,3.0,0.1579,48.63,126.5,0.46,7.5,Fibra 500MB,Norte,0,0,1,0.9581,1,ALTO
86.51,40,4,87,113.7,4.2,6,2.9,0.0976,75.8,86.51,2.52,7.5,Fibra 100MB,Oeste,0,0,1,0.9578,1,ALTO
75.97,15,4,62,53.2,4.6,2,2.0667,0.25,35.47,75.97,0.92,7.5,Fibra 100MB,Sul,0,0,1,0.9571,1,ALTO
400.36,3,3,26,338.2,2.3,0,0.8667,0.75,37.58,400.36,0.0,2.5,Empresarial,Oeste,0,0,0,0.9568,1,ALTO
74.98,9,6,21,59.1,4.4,6,0.7,0.6,39.4,74.98,2.64,5.0,Fibra 100MB,Leste,0,0,1,0.9561,1,ALTO
78.83,14,2,38,125.0,1.6,5,1.2667,0.1333,83.33,78.83,0.8,7.5,Fibra 100MB,Norte,0,0,1,0.9558,1,ALTO
105.89,1,4,42,247.5,2.7,8,1.4,2.0,82.5,52.94,2.16,5.625,Fibra 200MB,Leste,0,1,1,0.9552,1,ALTO
111.0,23,5,5,259.5,2.1,5,0.1667,0.2083,86.5,111.0,1.05,5.0,Fibra 200MB,Oeste,0,0,1,0.9546,1,ALTO
69.77,14,2,82,60.7,4.2,2,2.7333,0.1333,40.47,69.77,0.84,7.5,Fibra 100MB,Leste,0,0,1,0.9545,1,ALTO
103.61,38,3,15,102.9,0.9,4,0.5,0.0769,34.3,103.61,0.36,2.5,Fibra 200MB,Leste,0,0,1,0.9542,1,ALTO
148.91,36,3,80,257.3,4.6,1,2.6667,0.0811,42.88,148.91,0.46,7.5,Fibra 500MB,Norte,0,0,1,0.9542,1,ALTO
82.22,57,6,1,129.1,4.1,2,0.0333,0.1034,86.07,82.22,0.82,5.0,Fibra 100MB,Sul,0,0,1,0.9539,1,ALTO
127.3,49,4,38,417.4,3.7,3,1.2667,0.08,69.57,127.3,1.11,7.5,Fibra 500MB,Norte,0,0,1,0.9539,1,ALTO
79.19,52,3,0,66.0,1.8,3,0.0,0.0566,44.0,79.19,0.54,2.5,Fibra 100MB,Norte,0,0,1,0.9528,1,ALTO
90.93,17,4,58,169.9,3.3,7,1.9333,0.2222,56.63,90.93,2.31,7.5,Fibra 200MB,Norte,0,0,1,0.9521,1,ALTO
140.1,42,3,56,377.6,2.8,3,1.8667,0.0698,62.93,140.1,0.84,7.5,Fibra 500MB,Centro,0,0,0,0.9519,1,ALTO
72.63,2,4,77,103.6,4.4,5,2.5667,1.3333,69.07,72.63,2.2,4.5,Fibra 100MB,Leste,1,0,0,0.9511,1,ALTO
101.56,15,3,23,280.4,1.9,2,0.7667,0.1875,93.47,101.56,0.38,2.5,Fibra 200MB,Oeste,0,0,1,0.9511,1,ALTO
88.21,34,2,83,85.8,3.7,0,2.7667,0.0571,57.2,88.21,0.0,4.5,Fibra 100MB,Leste,1,0,1,0.9503,1,ALTO
81.9,42,4,21,141.4,3.6,2,0.7,0.093,94.27,81.9,0.72,2.5,Fibra 100MB,Norte,0,0,1,0.9496,1,ALTO
187.81,53,3,21,303.6,0.5,5,0.7,0.0556,50.6,187.81,0.25,2.5,Fibra 500MB,Leste,0,0,1,0.9495,1,ALTO
81.52,2,3,56,97.4,4.7,3,1.8667,1.0,64.93,81.52,1.41,7.5,Fibra 100MB,Oeste,0,0,1,0.9488,1,ALTO
92.71,3,3,54,224.7,3.8,2,1.8,0.75,74.9,23.18,0.76,5.625,Fibra 200MB,Leste,0,3,1,0.9487,1,ALTO
70.68,54,3,2,130.1,3.1,0,0.0667,0.0545,86.73,70.68,0.0,2.5,Fibra 100MB,Norte,0,0,1,0.9479,1,ALTO
82.26,59,3,59,58.3,4.3,1,1.9667,0.05,38.87,41.13,0.43,5.625,Fibra 100MB,Centro,0,1,0,0.9477,1,ALTO
78.85,6,6,7,62.7,4.9,5,0.2333,0.8571,41.8,78.85,2.45,5.0,Fibra 100MB,Oeste,0,0,1,0.9475,1,ALTO
87.72,43,3,33,62.7,2.3,4,1.1,0.0682,41.8,21.93,0.92,5.625,Fibra 100MB,Centro,0,3,1,0.9471,1,ALTO
80.43,16,1,34,82.5,1.9,2,1.1333,0.0588,55.0,40.22,0.38,5.625,Fibra 100MB,Leste,0,1,0,0.9471,1,ALTO
187.2,3,3,76,242.9,4.2,3,2.5333,0.75,40.48,93.6,1.26,5.625,Fibra 500MB,Norte,0,1,1,0.9466,1,ALTO
83.58,12,5,68,96.1,6.4,2,2.2667,0.3846,64.07,83.58,1.28,6.0,Fibra 100MB,Oeste,0,0,0,0.9465,1,ALTO
76.86,36,3,9,65.7,3.2,1,0.3,0.0811,43.8,76.86,0.32,2.5,Fibra 100MB,Norte,0,0,1,0.9463,1,ALTO
74.48,58,3,68,135.5,4.7,4,2.2667,0.0508,90.33,74.48,1.88,7.5,Fibra 100MB,Norte,0,0,0,0.9447,1,ALTO
156.54,50,5,70,285.4,5.3,3,2.3333,0.098,47.57,78.27,1.59,4.5,Fibra 500MB,Norte,0,1,1,0.9446,1,ALTO
76.73,26,5,7,68.2,1.9,5,0.2333,0.1852,45.47,76.73,0.95,3.0,Fibra 100MB,Centro,1,0,1,0.9445,1,ALTO
75.82,30,3,54,76.1,0.1,11,1.8,0.0968,50.73,37.91,0.11,5.625,Fibra 100MB,Norte,0,1,1,0.9437,1,ALTO
87.74,31,4,41,118.4,3.7,6,1.3667,0.125,78.93,87.74,2.22,7.5,Fibra 100MB,Oeste,0,0,1,0.9434,1,ALTO
92.95,9,3,23,286.8,1.3,5,0.7667,0.3,95.6,92.95,0.65,2.5,Fibra 200MB,Leste,0,0,1,0.9431,1,ALTO
70.75,44,1,11,79.7,1.2,2,0.3667,0.0222,53.13,70.75,0.24,2.5,Fibra 100MB,Leste,0,0,1,0.942,1,ALTO
88.82,1,4,17,106.9,0.7,12,0.5667,2.0,71.27,88.82,0.84,2.5,Fibra 100MB,Norte,0,0,1,0.9417,1,ALTO
117.32,1,3,62,240.8,3.0,8,2.0667,1.5,80.27,58.66,2.4,5.625,Fibra 200MB,Leste,0,1,1,0.9405,1,ALTO
143.83,4,4,74,237.9,1.8,11,2.4667,0.8,39.65,143.83,1.98,7.5,Fibra 500MB,Centro,0,0,1,0.9404,1,ALTO
109.46,26,4,76,271.8,5.2,1,2.5333,0.1481,90.6,109.46,0.52,3.0,Fibra 200MB,Oeste,0,0,0,0.9402,1,ALTO
71.0,1,2,31,80.5,4.5,1,1.0333,1.0,53.67,71.0,0.45,7.5,Fibra 100MB,Leste,0,0,1,0.94,1,ALTO
73.47,37,4,76,106.5,0.0,11,2.5333,0.1053,71.0,18.37,0.0,3.375,Fibra 100MB,Leste,1,3,1,0.94,1,ALTO
75.99,26,5,29,116.8,4.4,5,0.9667,0.1852,77.87,75.99,2.2,5.0,Fibra 100MB,Oeste,0,0,1,0.9399,1,ALTO
108.2,12,4,26,258.2,2.9,3,0.8667,0.3077,86.07,54.1,0.87,1.875,Fibra 200MB,Oeste,0,1,1,0.9397,1,ALTO
80.47,12,2,77,76.4,3.1,7,2.5667,0.1538,50.93,80.47,2.17,7.5,Fibra 100MB,Leste,0,0,1,0.9394,1,ALTO
69.11,54,3,5,143.4,3.2,0,0.1667,0.0545,95.6,69.11,0.0,2.5,Fibra 100MB,Oeste,0,0,1,0.9389,1,ALTO
450.17,48,4,5,371.7,2.7,2,0.1667,0.0816,41.3,450.17,0.54,2.5,Empresarial,Leste,0,0,1,0.9388,1,ALTO
169.62,1,4,19,525.0,4.8,1,0.6333,2.0,87.5,169.62,0.48,2.5,Fibra 500MB,Oeste,0,0,1,0.9387,1,ALTO
102.46,45,4,46,136.8,4.5,3,1.5333,0.087,45.6,51.23,1.35,5.625,Fibra 200MB,Leste,0,1,1,0.9385,1,ALTO
113.52,10,4,47,210.8,4.0,7,1.5667,0.3636,70.27,113.52,2.8,7.5,Fibra 200MB,Norte,0,0,1,0.9384,1,ALTO
130.34,14,6,60,457.5,4.9,11,2.0,0.4,76.25,32.58,5.39,11.25,Fibra 500MB,Leste,0,3,1,0.9383,1,ALTO
85.74,4,3,37,63.8,3.8,4,1.2333,0.6,42.53,85.74,1.52,7.5,Fibra 100MB,Sul,0,0,1,0.9373,1,ALTO
516.5,29,7,2,603.7,5.0,6,0.0667,0.2333,67.08,516.5,3.0,5.0,Empresarial,Norte,0,0,1,0.9371,1,ALTO
85.15,3,2,0,105.2,2.9,0,0.0,0.5,70.13,85.15,0.0,2.5,Fibra 100MB,Leste,0,0,0,0.937,1,ALTO
75.76,1,3,24,75.2,1.4,9,0.8,1.5,50.13,37.88,1.26,1.875,Fibra 100MB,Norte,0,1,1,0.937,1,ALTO
475.83,4,4,14,569.9,2.2,5,0.4667,0.8,63.32,475.83,1.1,2.5,Empresarial,Oeste,0,0,1,0.937,1,ALTO
98.13,15,3,46,275.7,1.3,9,1.5333,0.1875,91.9,98.13,1.17,7.5,Fibra 200MB,Leste,0,0,1,0.9369,1,ALTO
187.69,42,1,87,532.6,2.6,0,2.9,0.0233,88.77,93.84,0.0,3.375,Fibra 500MB,Leste,1,1,1,0.9367,1,ALTO
78.42,27,2,83,100.1,0.7,11,2.7667,0.0714,66.73,78.42,0.77,7.5,Fibra 100MB,Oeste,0,0,1,0.9356,1,ALTO
111.89,54,4,0,109.2,1.9,2,0.0,0.0727,36.4,111.89,0.38,1.5,Fibra 200MB,Centro,1,0,1,0.9347,1,ALTO
74.72,1,4,0,148.8,4.0,5,0.0,2.0,99.2,74.72,2.0,2.5,Fibra 100MB,Leste,0,0,1,0.9345,1,ALTO
85.72,3,4,55,144.3,4.7,7,1.8333,1.0,96.2,42.86,3.29,5.625,Fibra 100MB,Leste,0,1,1,0.9344,1,ALTO
153.27,3,7,29,502.3,6.4,3,0.9667,1.75,83.72,153.27,1.92,1.2,Fibra 500MB,Norte,1,0,1,0.934,1,ALTO
107.1,12,4,24,174.3,1.8,5,0.8,0.3077,58.1,107.1,0.9,1.5,Fibra 200MB,Leste,1,0,1,0.9331,1,ALTO
78.21,1,6,0,78.4,7.9,0,0.0,3.0,52.27,78.21,0.0,2.0,Fibra 100MB,Leste,0,0,1,0.9327,1,ALTO
130.8,35,3,44,336.0,0.4,8,1.4667,0.0833,56.0,65.4,0.32,5.625,Fibra 500MB,Centro,0,1,1,0.9324,1,ALTO
77.58,28,3,80,99.5,4.1,7,2.6667,0.1034,66.33,77.58,2.87,7.5,Fibra 100MB,Centro,0,0,0,0.9322,1,ALTO
396.57,23,4,28,893.0,3.6,3,0.9333,0.1667,99.22,396.57,1.08,2.5,Empresarial,Leste,0,0,1,0.9321,1,ALTO
109.2,3,1,81,193.6,2.9,2,2.7,0.25,64.53,109.2,0.58,4.5,Fibra 200MB,Norte,1,0,0,0.9317,1,ALTO
69.36,10,4,1,83.3,3.6,4,0.0333,0.3636,55.53,69.36,1.44,2.5,Fibra 100MB,Norte,0,0,1,0.9316,1,ALTO
118.24,54,3,84,251.6,2.4,9,2.8,0.0545,83.87,39.41,2.16,5.625,Fibra 200MB,Leste,0,2,1,0.9316,1,ALTO
77.8,34,1,78,149.5,3.4,5,2.6,0.0286,99.67,77.8,1.7,7.5,Fibra 100MB,Norte,0,0,1,0.9314,1,ALTO
80.56,45,3,55,134.9,1.8,11,1.8333,0.0652,89.93,80.56,1.98,7.5,Fibra 100MB,Norte,0,0,1,0.9305,1,ALTO
82.59,58,4,1,87.0,2.7,5,0.0333,0.0678,58.0,20.65,1.35,1.875,Fibra 100MB,Norte,0,3,1,0.9301,1,ALTO
87.86,30,3,5,81.4,2.7,3,0.1667,0.0968,54.27,87.86,0.81,2.5,Fibra 100MB,Oeste,0,0,1,0.9301,1,ALTO
87.98,40,2,2,68.9,2.6,1,0.0667,0.0488,45.93,87.98,0.26,2.5,Fibra 100MB,Oeste,0,0,0,0.9298,1,ALTO
69.98,1,2,5,69.1,3.6,0,0.1667,1.0,46.07,69.98,0.0,2.5,Fibra 100MB,Oeste,0,0,1,0.9296,1,ALTO
88.89,39,2,88,62.9,2.7,10,2.9333,0.05,41.93,88.89,2.7,7.5,Fibra 100MB,Leste,0,0,1,0.9295,1,ALTO
114.39,49,4,89,241.7,5.5,3,2.9667,0.08,80.57,57.2,1.65,2.25,Fibra 200MB,Leste,0,1,0,0.9294,1,ALTO
99.73,23,5,57,249.0,6.9,0,1.9,0.2083,83.0,99.73,0.0,6.0,Fibra 200MB,Leste,0,0,0,0.9294,1,ALTO
72.27,52,5,52,78.5,6.1,1,1.7333,0.0943,52.33,72.27,0.61,3.6,Fibra 100MB,Norte,1,0,1,0.9293,1,ALTO
392.56,49,3,90,662.9,3.3,7,3.0,0.06,73.66,392.56,2.31,7.5,Empresarial,Sul,0,0,0,0.9292,1,ALTO
131.62,12,7,1,538.6,5.2,4,0.0333,0.5385,89.77,43.87,2.08,1.5,Fibra 500MB,Norte,0,2,1,0.9289,1,ALTO
119.39,51,4,65,517.3,3.9,6,2.1667,0.0769,86.22,59.7,2.34,5.625,Fibra 500MB,Oeste,0,1,1,0.9289,1,ALTO
108.67,13,1,56,251.3,4.0,0,1.8667,0.0714,83.77,108.67,0.0,7.5,Fibra 200MB,Leste,0,0,1,0.9288,1,ALTO
72.08,32,3,1,141.4,3.9,0,0.0333,0.0909,94.27,72.08,0.0,2.5,Fibra 100MB,Norte,0,0,1,0.9287,1,ALTO
116.11,1,5,2,223.8,1.1,11,0.0667,2.5,74.6,116.11,1.21,3.0,Fibra 200MB,Oeste,1,0,0,0.9285,1,ALTO
82.97,19,1,81,128.9,4.8,1,2.7,0.05,85.93,82.97,0.48,7.5,Fibra 100MB,Leste,0,0,1,0.9279,1,ALTO
109.93,56,2,84,164.9,2.4,5,2.8,0.0351,54.97,109.93,1.2,4.5,Fibra 200MB,Oeste,1,0,0,0.9277,1,ALTO
71.93,26,5,4,70.9,4.6,1,0.1333,0.1852,47.27,71.93,0.46,3.0,Fibra 100MB,Leste,1,0,1,0.9276,1,ALTO
70.39,52,4,5,99.4,4.1,3,0.1667,0.0755,66.27,70.39,1.23,2.5,Fibra 100MB,Norte,0,0,1,0.9276,1,ALTO
101.81,20,4,48,272.2,5.7,0,1.6,0.1905,90.73,101.81,0.0,3.0,Fibra 200MB,Norte,0,0,1,0.9267,1,ALTO
159.26,9,4,3,334.6,3.4,2,0.1,0.4,55.77,79.63,0.68,1.875,Fibra 500MB,Norte,0,1,1,0.9266,1,ALTO
84.34,26,4,83,52.4,5.8,2,2.7667,0.1481,34.93,84.34,1.16,1.8,Fibra 100MB,Norte,1,0,1,0.9263,1,ALTO
98.78,51,4,2,177.3,3.0,4,0.0667,0.0769,59.1,98.78,1.2,2.5,Fibra 200MB,Leste,0,0,1,0.9263,1,ALTO
436.97,57,1,86,822.3,2.7,2,2.8667,0.0172,91.37,218.48,0.54,5.625,Empresarial,Sul,0,1,1,0.9246,1,ALTO
72.53,3,6,3,121.1,4.5,7,0.1,1.5,80.73,36.26,3.15,2.25,Fibra 100MB,Norte,1,1,1,0.9245,1,ALTO
85.65,10,2,39,104.6,3.6,4,1.3,0.1818,69.73,85.65,1.44,7.5,Fibra 100MB,Oeste,0,0,1,0.9239,1,ALTO
82.19,6,3,52,61.3,4.8,0,1.7333,0.4286,40.87,82.19,0.0,4.5,Fibra 100MB,Centro,1,0,1,0.9224,1,ALTO
69.87,44,4,4,96.5,3.2,6,0.1333,0.0889,64.33,69.87,1.92,2.5,Fibra 100MB,Norte,0,0,1,0.9217,1,ALTO
85.51,23,3,2,119.6,2.7,4,0.0667,0.125,79.73,85.51,1.08,2.5,Fibra 100MB,Leste,0,0,0,0.9212,1,ALTO
86.65,58,7,19,104.1,6.5,1,0.6333,0.1186,69.4,86.65,0.65,1.2,Fibra 100MB,Leste,1,0,1,0.9209,1,ALTO
76.81,8,6,4,126.3,5.6,4,0.1333,0.6667,84.2,76.81,2.24,2.0,Fibra 100MB,Oeste,0,0,1,0.9201,1,ALTO
77.33,2,0,55,137.0,2.3,3,1.8333,0.0,91.33,38.66,0.69,5.625,Fibra 100MB,Leste,0,1,0,0.9199,1,ALTO
82.79,2,6,35,59.5,6.8,11,1.1667,2.0,39.67,41.4,7.48,4.5,Fibra 100MB,Oeste,0,1,1,0.9196,1,ALTO
73.96,52,5,24,119.6,5.3,3,0.8,0.0943,79.73,73.96,1.59,2.0,Fibra 100MB,Oeste,0,0,1,0.9193,1,ALTO
182.25,14,3,1,245.0,0.0,8,0.0333,0.2,40.83,182.25,0.0,2.5,Fibra 500MB,Norte,0,0,1,0.9193,1,ALTO
76.58,56,2,23,129.9,1.4,4,0.7667,0.0351,86.6,76.58,0.56,1.5,Fibra 100MB,Leste,1,0,1,0.9181,1,ALTO
111.99,31,4,25,206.5,5.2,0,0.8333,0.125,68.83,111.99,0.0,1.0,Fibra 200MB,Norte,0,0,1,0.9169,1,ALTO
195.97,58,3,35,250.5,3.9,3,1.1667,0.0508,41.75,65.32,1.17,5.625,Fibra 500MB,Norte,0,2,1,0.9169,1,ALTO
98.88,55,5,25,224.7,3.5,10,0.8333,0.0893,74.9,98.88,3.5,5.0,Fibra 200MB,Norte,0,0,1,0.9159,1,ALTO
86.86,31,6,6,115.5,4.9,8,0.2,0.1875,77.0,86.86,3.92,5.0,Fibra 100MB,Oeste,0,0,1,0.9158,1,ALTO
86.6,15,6,69,106.4,7.8,2,2.3,0.375,70.93,86.6,1.56,3.6,Fibra 100MB,Norte,1,0,1,0.9149,1,ALTO
96.76,1,5,1,156.8,6.5,3,0.0333,2.5,52.27,96.76,1.95,2.0,Fibra 200MB,Leste,0,0,1,0.914,1,ALTO
116.53,60,3,48,247.3,5.0,4,1.6,0.0492,82.43,116.53,2.0,7.5,Fibra 200MB,Leste,0,0,0,0.9131,1,ALTO
80.44,51,4,5,136.7,4.4,3,0.1667,0.0769,91.13,80.44,1.32,2.5,Fibra 100MB,Leste,0,0,1,0.9122,1,ALTO
72.74,24,4,87,146.5,5.9,6,2.9,0.16,97.67,72.74,3.54,3.0,Fibra 100MB,Oeste,0,0,1,0.9121,1,ALTO
114.07,1,3,74,205.3,1.3,11,2.4667,1.5,68.43,114.07,1.43,4.5,Fibra 200MB,Sul,1,0,1,0.9113,1,ALTO
77.12,18,5,32,128.0,5.5,9,1.0667,0.2632,85.33,77.12,4.95,6.0,Fibra 100MB,Norte,0,0,1,0.9101,1,ALTO
125.6,15,6,1,425.9,4.0,7,0.0333,0.375,70.98,125.6,2.8,5.0,Fibra 500MB,Sul,0,0,1,0.9094,1,ALTO
115.11,1,3,27,245.7,3.5,7,0.9,1.5,81.9,115.11,2.45,2.5,Fibra 200MB,Leste,0,0,0,0.9086,1,ALTO
84.68,3,5,15,102.6,6.1,3,0.5,1.25,68.4,84.68,1.83,2.0,Fibra 100MB,Centro,0,0,1,0.9085,1,ALTO
92.69,14,5,33,229.2,5.6,5,1.1,0.3333,76.4,92.69,2.8,6.0,Fibra 200MB,Centro,0,0,1,0.9085,1,ALTO
119.08,1,1,4,448.6,2.1,2,0.1333,0.5,74.77,119.08,0.42,2.5,Fibra 500MB,Norte,0,0,1,0.9073,1,ALTO
78.23,40,2,80,112.0,5.4,3,2.6667,0.0488,74.67,78.23,1.62,3.0,Fibra 100MB,Norte,0,0,1,0.9071,1,ALTO
111.21,7,2,6,105.5,3.6,0,0.2,0.25,35.17,55.6,0.0,1.875,Fibra 200MB,Norte,0,1,1,0.9071,1,ALTO
81.29,7,2,1,50.2,1.7,6,0.0333,0.25,33.47,81.29,1.02,2.5,Fibra 100MB,Leste,0,0,0,0.9069,1,ALTO
96.4,8,4,29,270.2,2.7,9,0.9667,0.4444,90.07,96.4,2.43,2.5,Fibra 200MB,Leste,0,0,1,0.9052,1,ALTO
91.34,52,4,5,181.6,4.5,1,0.1667,0.0755,60.53,91.34,0.45,2.5,Fibra 200MB,Centro,0,0,0,0.9046,1,ALTO
100.87,12,3,21,223.6,4.8,0,0.7,0.2308,74.53,100.87,0.0,2.5,Fibra 200MB,Leste,0,0,1,0.9043,1,ALTO
105.1,14,3,77,226.6,5.6,4,2.5667,0.2,75.53,105.1,2.24,3.0,Fibra 200MB,Norte,0,0,1,0.9042,1,ALTO
87.41,21,0,30,136.5,2.8,0,1.0,0.0,91.0,87.41,0.0,2.5,Fibra 100MB,Oeste,0,0,1,0.9036,1,ALTO
160.27,26,3,58,345.3,3.1,9,1.9333,0.1111,57.55,160.27,2.79,7.5,Fibra 500MB,Oeste,0,0,1,0.9032,1,ALTO
111.01,13,2,2,137.9,3.3,1,0.0667,0.1429,45.97,111.01,0.33,2.5,Fibra 200MB,Leste,0,0,0,0.9028,1,ALTO
74.7,2,2,86,86.0,4.5,5,2.8667,0.6667,57.33,74.7,2.25,4.5,Fibra 100MB,Oeste,1,0,1,0.9025,1,ALTO
82.85,16,4,3,133.2,4.6,2,0.1,0.2353,88.8,82.85,0.92,2.5,Fibra 100MB,Centro,0,0,0,0.9023,1,ALTO
109.33,47,2,24,276.3,4.3,0,0.8,0.0417,92.1,109.33,0.0,2.5,Fibra 200MB,Norte,0,0,1,0.9023,1,ALTO
96.06,38,1,69,121.9,4.8,3,2.3,0.0256,40.63,96.06,1.44,7.5,Fibra 200MB,Norte,0,0,1,0.9023,1,ALTO
69.79,58,4,4,103.1,3.0,5,0.1333,0.0678,68.73,34.9,1.5,1.125,Fibra 100MB,Norte,1,1,1,0.9018,1,ALTO
76.14,2,2,57,116.2,5.3,2,1.9,0.6667,77.47,38.07,1.06,2.25,Fibra 100MB,Norte,0,1,1,0.9009,1,ALTO
103.74,48,4,5,162.8,4.7,3,0.1667,0.0816,54.27,103.74,1.41,2.5,Fibra 200MB,Norte,0,0,1,0.9008,1,ALTO
96.0,3,3,47,118.3,5.0,8,1.5667,0.75,39.43,96.0,4.0,7.5,Fibra 200MB,Norte,0,0,0,0.9006,1,ALTO
101.95,7,4,29,115.8,3.0,10,0.9667,0.5,38.6,101.95,3.0,2.5,Fibra 200MB,Norte,0,0,0,0.9,1,ALTO
146.86,12,3,15,519.2,3.4,3,0.5,0.2308,86.53,146.86,1.02,2.5,Fibra 500MB,Oeste,0,0,0,0.8998,1,ALTO
77.99,57,3,24,129.6,4.0,4,0.8,0.0517,86.4,77.99,1.6,2.5,Fibra 100MB,Oeste,0,0,1,0.8998,1,ALTO
86.35,8,2,84,62.0,3.6,10,2.8,0.2222,41.33,43.18,3.6,5.625,Fibra 100MB,Leste,0,1,1,0.8997,1,ALTO
175.04,32,0,33,243.0,2.5,2,1.1,0.0,40.5,175.04,0.5,7.5,Fibra 500MB,Oeste,0,0,1,0.8994,1,ALTO
76.66,32,5,24,56.6,4.9,11,0.8,0.1515,37.73,76.66,5.39,5.0,Fibra 100MB,Norte,0,0,1,0.8992,1,ALTO
138.23,17,3,23,449.9,3.7,4,0.7667,0.1667,74.98,138.23,1.48,2.5,Fibra 500MB,Norte,0,0,1,0.8988,1,ALTO
76.17,56,3,29,70.1,3.5,7,0.9667,0.0526,46.73,76.17,2.45,2.5,Fibra 100MB,Leste,0,0,1,0.8986,1,ALTO
79.67,20,3,4,114.4,4.9,0,0.1333,0.1429,76.27,79.67,0.0,2.5,Fibra 100MB,Leste,0,0,0,0.8985,1,ALTO
73.85,60,3,54,132.0,2.6,11,1.8,0.0492,88.0,24.62,2.86,5.625,Fibra 100MB,Leste,0,2,1,0.8981,1,ALTO
84.62,9,3,29,86.6,4.9,4,0.9667,0.3,57.73,84.62,1.96,2.5,Fibra 100MB,Norte,0,0,1,0.898,1,ALTO
84.15,26,6,49,111.7,6.5,8,1.6333,0.2222,74.47,84.15,5.2,3.6,Fibra 100MB,Norte,1,0,1,0.8977,1,ALTO
101.41,22,3,20,285.3,3.0,4,0.6667,0.1304,95.1,101.41,1.2,2.5,Fibra 200MB,Sul,0,0,1,0.8961,1,ALTO
445.13,23,4,83,732.9,5.2,6,2.7667,0.1667,81.43,445.13,3.12,3.0,Empresarial,Sul,0,0,1,0.8952,1,ALTO
184.87,42,6,3,453.5,3.8,10,0.1,0.1395,75.58,92.44,3.8,3.75,Fibra 500MB,Norte,0,1,0,0.895,1,ALTO
86.66,6,5,4,90.9,4.1,12,0.1333,0.7143,60.6,86.66,4.92,5.0,Fibra 100MB,Norte,0,0,1,0.8946,1,ALTO
70.61,11,2,5,136.2,0.2,8,0.1667,0.1667,90.8,70.61,0.16,2.5,Fibra 100MB,Centro,0,0,0,0.894,1,ALTO
90.37,57,3,23,168.6,3.7,3,0.7667,0.0517,56.2,90.37,1.11,2.5,Fibra 200MB,Sul,0,0,1,0.8936,1,ALTO
93.45,24,4,11,162.8,4.8,4,0.3667,0.16,54.27,93.45,1.92,2.5,Fibra 200MB,Norte,0,0,1,0.8935,1,ALTO
113.29,1,2,72,181.1,4.6,10,2.4,1.0,60.37,113.29,4.6,7.5,Fibra 200MB,Norte,0,0,1,0.892,1,ALTO
76.81,8,4,29,123.1,3.5,10,0.9667,0.4444,82.07,76.81,3.5,2.5,Fibra 100MB,Leste,0,0,1,0.8919,1,ALTO
94.31,20,3,24,250.6,3.9,3,0.8,0.1429,83.53,94.31,1.17,2.5,Fibra 200MB,Centro,0,0,1,0.8916,1,ALTO
87.52,34,2,71,86.7,5.5,2,2.3667,0.0571,57.8,43.76,1.1,2.25,Fibra 100MB,Leste,0,1,1,0.8909,1,ALTO
95.07,42,2,0,108.5,1.8,5,0.0,0.0465,36.17,23.77,0.9,1.875,Fibra 200MB,Norte,0,3,1,0.8908,1,ALTO
84.72,10,4,3,108.9,5.0,4,0.1,0.3636,72.6,84.72,2.0,2.5,Fibra 100MB,Leste,0,0,1,0.8908,1,ALTO
172.27,12,4,83,343.4,5.2,10,2.7667,0.3077,57.23,172.27,5.2,3.0,Fibra 500MB,Norte,0,0,1,0.8907,1,ALTO
87.86,3,2,69,116.8,4.8,8,2.3,0.5,77.87,87.86,3.84,7.5,Fibra 100MB,Oeste,0,0,0,0.8899,1,ALTO
107.97,1,3,20,114.1,4.6,3,0.6667,1.5,38.03,107.97,1.38,1.5,Fibra 200MB,Norte,1,0,1,0.8899,1,ALTO
424.48,12,3,35,333.1,5.0,2,1.1667,0.2308,37.01,424.48,1.0,7.5,Empresarial,Centro,0,0,1,0.8896,1,ALTO
72.7,43,2,23,111.6,4.7,0,0.7667,0.0455,74.4,72.7,0.0,2.5,Fibra 100MB,Oeste,0,0,1,0.8891,1,ALTO
79.14,3,4,5,54.8,4.1,7,0.1667,1.0,36.53,79.14,2.87,2.5,Fibra 100MB,Sul,0,0,1,0.8887,1,ALTO
89.67,5,3,12,137.3,4.0,1,0.4,0.5,45.77,89.67,0.4,1.5,Fibra 200MB,Leste,1,0,1,0.8886,1,ALTO
91.67,4,4,1,231.1,5.1,3,0.0333,0.8,77.03,91.67,1.53,1.0,Fibra 200MB,Norte,0,0,1,0.888,1,ALTO
184.01,52,5,28,301.0,4.2,11,0.9333,0.0943,50.17,184.01,4.62,5.0,Fibra 500MB,Norte,0,0,1,0.8874,1,ALTO
73.1,1,3,59,52.3,6.0,7,1.9667,1.5,34.87,73.1,4.2,3.0,Fibra 100MB,Centro,0,0,1,0.8859,1,ALTO
180.58,14,1,3,351.3,0.3,6,0.1,0.0667,58.55,180.58,0.18,2.5,Fibra 500MB,Leste,0,0,1,0.8858,1,ALTO
81.74,41,3,76,114.2,4.8,12,2.5333,0.0714,76.13,81.74,5.76,7.5,Fibra 100MB,Leste,0,0,1,0.8858,1,ALTO
137.54,42,2,83,568.8,3.6,10,2.7667,0.0465,94.8,137.54,3.6,7.5,Fibra 500MB,Leste,0,0,1,0.8851,1,ALTO
159.66,56,1,80,434.5,2.7,8,2.6667,0.0175,72.42,159.66,2.16,7.5,Fibra 500MB,Centro,0,0,1,0.8851,1,ALTO
73.04,3,2,71,127.7,4.5,10,2.3667,0.5,85.13,73.04,4.5,7.5,Fibra 100MB,Leste,0,0,1,0.8845,1,ALTO
122.27,59,3,0,310.0,2.6,6,0.0,0.05,51.67,122.27,1.56,2.5,Fibra 500MB,Norte,0,0,1,0.8845,1,ALTO
78.52,14,4,89,113.9,6.2,4,2.9667,0.2667,75.93,78.52,2.48,1.8,Fibra 100MB,Centro,1,0,1,0.8843,1,ALTO
134.58,13,6,9,558.9,5.7,4,0.3,0.4286,93.15,134.58,2.28,2.0,Fibra 500MB,Sul,0,0,1,0.884,1,ALTO
74.5,10,4,70,72.1,6.6,6,2.3333,0.3636,48.07,74.5,3.96,3.0,Fibra 100MB,Centro,0,0,1,0.8839,1,ALTO
79.05,15,0,57,123.8,4.3,2,1.9,0.0,82.53,79.05,0.86,7.5,Fibra 100MB,Oeste,0,0,1,0.8838,1,ALTO
77.0,3,3,8,101.3,3.6,6,0.2667,0.75,67.53,77.0,2.16,2.5,Fibra 100MB,Centro,0,0,1,0.8834,1,ALTO
85.8,58,3,85,107.6,5.4,10,2.8333,0.0508,71.73,85.8,5.4,3.0,Fibra 100MB,Norte,0,0,1,0.8833,1,ALTO
126.65,15,2,28,463.3,4.5,0,0.9333,0.125,77.22,126.65,0.0,2.5,Fibra 500MB,Leste,0,0,1,0.8828,1,ALTO
80.14,29,6,1,57.2,7.4,2,0.0333,0.2,38.13,80.14,1.48,2.0,Fibra 100MB,Leste,0,0,0,0.8819,1,ALTO
101.82,55,5,13,140.8,3.8,12,0.4333,0.0893,46.93,101.82,4.56,5.0,Fibra 200MB,Norte,0,0,1,0.8816,1,ALTO
73.79,27,6,57,63.9,8.6,12,1.9,0.2143,42.6,73.79,10.32,6.0,Fibra 100MB,Leste,0,0,1,0.8811,1,ALTO
80.01,60,2,29,63.3,4.0,3,0.9667,0.0328,42.2,80.01,1.2,2.5,Fibra 100MB,Sul,0,0,1,0.8804,1,ALTO
162.52,58,2,86,294.7,2.6,8,2.8667,0.0339,49.12,162.52,2.08,4.5,Fibra 500MB,Oeste,1,0,1,0.8803,1,ALTO
191.42,7,3,57,243.7,3.0,12,1.9,0.375,40.62,191.42,3.6,7.5,Fibra 500MB,Leste,0,0,1,0.8803,1,ALTO
75.62,32,1,16,147.5,2.6,4,0.5333,0.0303,98.33,37.81,1.04,1.875,Fibra 100MB,Norte,0,1,1,0.8802,1,ALTO
71.14,29,5,19,68.9,6.9,4,0.6333,0.1667,45.93,71.14,2.76,2.0,Fibra 100MB,Norte,0,0,1,0.88,1,ALTO
77.91,55,5,13,103.2,4.8,11,0.4333,0.0893,68.8,77.91,5.28,5.0,Fibra 100MB,Leste,0,0,1,0.8793,1,ALTO
92.77,3,2,14,247.7,2.5,3,0.4667,0.5,82.57,92.77,0.75,1.5,Fibra 200MB,Oeste,1,0,1,0.8783,1,ALTO
88.39,37,3,67,80.3,5.8,3,2.2333,0.0789,53.53,88.39,1.74,1.8,Fibra 100MB,Norte,1,0,0,0.8782,1,ALTO
82.72,18,2,70,143.0,4.3,4,2.3333,0.1053,95.33,82.72,1.72,4.5,Fibra 100MB,Centro,1,0,1,0.8774,1,ALTO
83.09,52,3,58,81.2,4.8,10,1.9333,0.0566,54.13,83.09,4.8,7.5,Fibra 100MB,Centro,0,0,1,0.8774,1,ALTO
82.95,57,3,80,94.5,6.6,3,2.6667,0.0517,63.0,41.48,1.98,2.25,Fibra 100MB,Oeste,0,1,1,0.8771,1,ALTO
104.31,7,3,22,243.7,2.1,9,0.7333,0.375,81.23,104.31,1.89,2.5,Fibra 200MB,Oeste,0,0,1,0.8769,1,ALTO
79.68,55,7,2,95.2,5.3,11,0.0667,0.125,63.47,39.84,5.83,1.5,Fibra 100MB,Centro,0,1,1,0.8765,1,ALTO
83.98,25,3,14,94.7,3.9,5,0.4667,0.1154,63.13,41.99,1.95,1.875,Fibra 100MB,Oeste,0,1,1,0.8757,1,ALTO
103.81,9,2,50,184.7,3.9,9,1.6667,0.2,61.57,103.81,3.51,7.5,Fibra 200MB,Norte,0,0,1,0.8754,1,ALTO
70.03,17,2,5,141.4,4.6,1,0.1667,0.1111,94.27,70.03,0.46,2.5,Fibra 100MB,Norte,0,0,1,0.8752,1,ALTO
174.32,12,3,0,253.4,3.8,2,0.0,0.2308,42.23,174.32,0.76,2.5,Fibra 500MB,Centro,0,0,0,0.8751,1,ALTO
123.72,6,1,13,398.5,3.0,1,0.4333,0.1429,66.42,123.72,0.3,2.5,Fibra 500MB,Oeste,0,0,1,0.8749,1,ALTO
103.94,2,2,78,164.9,3.7,11,2.6,0.6667,54.97,103.94,4.07,7.5,Fibra 200MB,Centro,0,0,1,0.8747,1,ALTO
396.95,30,4,16,375.9,3.5,4,0.5333,0.129,41.77,396.95,1.4,1.5,Empresarial,Leste,1,0,1,0.8746,1,ALTO
72.32,20,4,38,104.4,6.1,4,1.2667,0.1905,69.6,72.32,2.44,3.0,Fibra 100MB,Centro,0,0,1,0.8746,1,ALTO
80.2,2,2,7,81.5,4.3,2,0.2333,0.6667,54.33,40.1,0.86,1.875,Fibra 100MB,Oeste,0,1,1,0.8743,1,ALTO
97.24,33,2,17,150.3,3.2,3,0.5667,0.0588,50.1,97.24,0.96,2.5,Fibra 200MB,Sul,0,0,1,0.8738,1,ALTO
74.0,34,3,11,125.8,2.8,9,0.3667,0.0857,83.87,74.0,2.52,2.5,Fibra 100MB,Norte,0,0,0,0.8735,1,ALTO
87.21,15,3,8,81.1,2.3,8,0.2667,0.1875,54.07,87.21,1.84,2.5,Fibra 100MB,Sul,0,0,1,0.8729,1,ALTO
178.55,3,2,4,581.8,4.2,1,0.1333,0.5,96.97,178.55,0.42,2.5,Fibra 500MB,Leste,0,0,1,0.871,1,ALTO
97.66,4,3,5,155.8,4.4,5,0.1667,0.6,51.93,97.66,2.2,2.5,Fibra 200MB,Norte,0,0,1,0.8709,1,ALTO
78.94,40,6,82,85.3,6.9,12,2.7333,0.1463,56.87,39.47,8.28,2.7,Fibra 100MB,Oeste,1,1,1,0.8707,1,ALTO
503.41,14,2,21,637.8,2.7,5,0.7,0.1333,70.87,503.41,1.35,2.5,Empresarial,Oeste,0,0,1,0.8706,1,ALTO
101.24,39,1,41,102.8,1.2,11,1.3667,0.025,34.27,101.24,1.32,7.5,Fibra 200MB,Norte,0,0,1,0.8704,1,ALTO
77.43,38,1,3,124.8,3.2,2,0.1,0.0256,83.2,77.43,0.64,2.5,Fibra 100MB,Oeste,0,0,1,0.8698,1,ALTO
74.55,43,2,56,117.3,4.9,6,1.8667,0.0455,78.2,74.55,2.94,7.5,Fibra 100MB,Sul,0,0,1,0.8698,1,ALTO
197.04,34,2,6,240.5,2.0,6,0.2,0.0571,40.08,197.04,1.2,2.5,Fibra 500MB,Leste,0,0,0,0.8698,1,ALTO
106.85,49,1,5,198.8,3.4,1,0.1667,0.02,66.27,53.42,0.34,1.875,Fibra 200MB,Norte,0,1,1,0.8692,1,ALTO
75.81,2,1,20,111.0,4.4,1,0.6667,0.3333,74.0,75.81,0.44,2.5,Fibra 100MB,Leste,0,0,1,0.8685,1,ALTO
78.7,2,2,51,115.2,5.9,3,1.7,0.6667,76.8,78.7,1.77,3.0,Fibra 100MB,Leste,0,0,1,0.8685,1,ALTO
161.58,49,1,14,549.7,3.7,1,0.4667,0.02,91.62,161.58,0.37,2.5,Fibra 500MB,Norte,0,0,1,0.8681,1,ALTO
79.14,16,3,17,122.1,2.1,11,0.5667,0.1765,81.4,79.14,2.31,2.5,Fibra 100MB,Norte,0,0,0,0.8681,1,ALTO
182.25,60,3,24,250.4,4.5,4,0.8,0.0492,41.73,182.25,1.8,2.5,Fibra 500MB,Leste,0,0,1,0.8678,1,ALTO
86.44,59,3,22,92.3,4.3,3,0.7333,0.05,61.53,86.44,1.29,1.5,Fibra 100MB,Oeste,1,0,1,0.8666,1,ALTO
81.36,47,2,4,101.0,3.4,1,0.1333,0.0417,67.33,20.34,0.34,1.125,Fibra 100MB,Leste,1,3,1,0.8664,1,ALTO
112.02,46,1,34,110.8,2.9,7,1.1333,0.0213,36.93,112.02,2.03,7.5,Fibra 200MB,Oeste,0,0,1,0.8663,1,ALTO
73.55,47,1,68,115.7,3.7,9,2.2667,0.0208,77.13,73.55,3.33,7.5,Fibra 100MB,Oeste,0,0,1,0.8661,1,ALTO
72.0,12,0,26,51.2,4.0,1,0.8667,0.0,34.13,72.0,0.4,2.5,Fibra 100MB,Norte,0,0,1,0.8657,1,ALTO
106.6,23,3,2,153.8,4.1,5,0.0667,0.125,51.27,106.6,2.05,2.5,Fibra 200MB,Norte,0,0,0,0.8657,1,ALTO
82.9,17,3,2,60.6,5.0,1,0.0667,0.1667,40.4,41.45,0.5,1.875,Fibra 100MB,Centro,0,1,0,0.8651,1,ALTO
76.23,24,4,85,146.4,7.9,4,2.8333,0.16,97.6,76.23,3.16,3.0,Fibra 100MB,Oeste,0,0,1,0.865,1,ALTO
80.47,2,2,4,51.8,3.0,7,0.1333,0.6667,34.53,80.47,2.1,2.5,Fibra 100MB,Oeste,0,0,1,0.864,1,ALTO
113.13,43,2,70,205.4,5.5,4,2.3333,0.0455,68.47,113.13,2.2,3.0,Fibra 200MB,Leste,0,0,0,0.864,1,ALTO
75.9,40,1,64,50.8,3.6,9,2.1333,0.0244,33.87,75.9,3.24,7.5,Fibra 100MB,Centro,0,0,1,0.8634,1,ALTO
79.21,47,4,27,50.5,3.9,11,0.9,0.0833,33.67,79.21,4.29,2.5,Fibra 100MB,Oeste,0,0,1,0.8633,1,ALTO
107.2,42,3,13,172.2,2.6,8,0.4333,0.0698,57.4,53.6,2.08,1.875,Fibra 200MB,Leste,0,1,1,0.8631,1,ALTO
79.14,37,2,74,70.8,6.0,2,2.4667,0.0526,47.2,39.57,1.2,2.25,Fibra 100MB,Centro,0,1,1,0.862,1,ALTO
141.17,60,4,14,345.1,4.0,7,0.4667,0.0656,57.52,141.17,2.8,2.5,Fibra 500MB,Oeste,0,0,1,0.8607,1,ALTO
69.45,20,3,0,121.1,4.7,4,0.0,0.1429,80.73,69.45,1.88,2.5,Fibra 100MB,Leste,0,0,1,0.8596,1,ALTO
77.67,2,4,28,59.1,3.5,12,0.9333,1.3333,39.4,38.84,4.2,1.125,Fibra 100MB,Norte,1,1,1,0.8591,1,ALTO
111.63,31,2,68,279.8,5.1,2,2.2667,0.0625,93.27,111.63,1.02,1.8,Fibra 200MB,Norte,1,0,1,0.8591,1,ALTO
94.18,48,3,16,199.1,5.4,0,0.5333,0.0612,66.37,94.18,0.0,1.0,Fibra 200MB,Oeste,0,0,1,0.859,1,ALTO
84.42,12,2,26,75.6,3.7,5,0.8667,0.1538,50.4,84.42,1.85,2.5,Fibra 100MB,Sul,0,0,1,0.859,1,ALTO
72.18,59,3,10,89.4,4.6,3,0.3333,0.05,59.6,72.18,1.38,1.5,Fibra 100MB,Norte,1,0,1,0.8584,1,ALTO
113.39,1,3,10,181.1,4.0,9,0.3333,1.5,60.37,113.39,3.6,2.5,Fibra 200MB,Leste,0,0,1,0.8582,1,ALTO
185.94,2,3,3,432.7,2.1,10,0.1,1.0,72.12,185.94,2.1,2.5,Fibra 500MB,Leste,0,0,1,0.8582,1,ALTO
82.61,17,2,22,69.7,4.9,4,0.7333,0.1111,46.47,82.61,1.96,2.5,Fibra 100MB,Norte,0,0,0,0.8581,1,ALTO
96.34,15,2,46,279.5,4.2,9,1.5333,0.125,93.17,96.34,3.78,7.5,Fibra 200MB,Norte,0,0,1,0.8577,1,ALTO
69.33,14,1,20,149.0,0.5,9,0.6667,0.0667,99.33,69.33,0.45,2.5,Fibra 100MB,Oeste,0,0,1,0.8567,1,ALTO
104.86,4,3,0,228.2,4.7,4,0.0,0.6,76.07,104.86,1.88,2.5,Fibra 200MB,Leste,0,0,0,0.8555,1,ALTO
86.88,3,2,24,73.7,6.1,0,0.8,0.5,49.13,86.88,0.0,1.0,Fibra 100MB,Norte,0,0,1,0.8518,1,ALTO
121.18,37,4,26,481.7,4.7,7,0.8667,0.1053,80.28,121.18,3.29,2.5,Fibra 500MB,Oeste,0,0,0,0.8513,1,ALTO
429.81,3,3,2,617.4,3.9,6,0.0667,0.75,68.6,429.81,2.34,2.5,Empresarial,Leste,0,0,1,0.8508,1,ALTO
80.18,52,2,21,134.7,5.2,2,0.7,0.0377,89.8,80.18,1.04,1.0,Fibra 100MB,Norte,0,0,0,0.8498,1,ALTO
114.4,31,4,24,131.0,4.4,8,0.8,0.125,43.67,57.2,3.52,1.875,Fibra 200MB,Oeste,0,1,1,0.8491,1,ALTO
74.58,15,3,19,81.7,4.8,7,0.6333,0.1875,54.47,74.58,3.36,2.5,Fibra 100MB,Leste,0,0,1,0.8487,1,ALTO
87.88,11,4,21,77.5,6.8,4,0.7,0.3333,51.67,87.88,2.72,1.0,Fibra 100MB,Norte,0,0,1,0.8484,1,ALTO
149.75,12,5,39,214.9,6.1,12,1.3,0.3846,35.82,149.75,7.32,6.0,Fibra 500MB,Leste,0,0,0,0.8482,1,ALTO
83.55,41,3,25,73.5,3.8,10,0.8333,0.0714,49.0,83.55,3.8,2.5,Fibra 100MB,Leste,0,0,1,0.8473,1,ALTO
73.68,15,3,43,121.9,5.2,6,1.4333,0.1875,81.27,73.68,3.12,3.0,Fibra 100MB,Sul,0,0,1,0.8466,1,ALTO
79.4,3,5,11,90.4,7.0,4,0.3667,1.25,60.27,79.4,2.8,1.2,Fibra 100MB,Leste,1,0,1,0.8465,1,ALTO
172.73,55,4,69,280.8,7.7,4,2.3,0.0714,46.8,172.73,3.08,3.0,Fibra 500MB,Norte,0,0,1,0.8461,1,ALTO
74.78,39,2,4,106.4,4.3,4,0.1333,0.05,70.93,74.78,1.72,2.5,Fibra 100MB,Leste,0,0,1,0.8461,1,ALTO
77.42,46,4,2,138.9,6.2,1,0.0667,0.0851,92.6,77.42,0.62,1.0,Fibra 100MB,Oeste,0,0,1,0.8461,1,ALTO
94.88,8,2,28,273.5,4.7,2,0.9333,0.2222,91.17,94.88,0.94,2.5,Fibra 200MB,Centro,0,0,1,0.8457,1,ALTO
101.99,3,2,23,291.8,4.7,2,0.7667,0.5,97.27,51.0,0.94,1.875,Fibra 200MB,Oeste,0,1,0,0.8448,1,ALTO
81.56,31,2,0,70.3,4.0,1,0.0,0.0625,46.87,40.78,0.4,1.125,Fibra 100MB,Leste,1,1,1,0.8441,1,ALTO
88.42,20,2,0,53.3,1.2,10,0.0,0.0952,35.53,88.42,1.2,2.5,Fibra 100MB,Oeste,0,0,1,0.8438,1,ALTO
186.11,57,0,55,540.7,1.8,10,1.8333,0.0,90.12,186.11,1.8,7.5,Fibra 500MB,Norte,0,0,1,0.8433,1,ALTO
87.17,40,1,2,104.9,4.5,0,0.0667,0.0244,69.93,87.17,0.0,2.5,Fibra 100MB,Oeste,0,0,1,0.8421,1,ALTO
91.4,2,3,0,147.0,5.1,5,0.0,1.0,49.0,91.4,2.55,1.0,Fibra 200MB,Norte,0,0,1,0.8417,1,ALTO
386.53,49,3,3,426.9,3.9,5,0.1,0.06,47.43,386.53,1.95,2.5,Empresarial,Leste,0,0,1,0.8413,1,ALTO
498.54,32,2,50,324.3,2.9,11,1.6667,0.0606,36.03,498.54,3.19,7.5,Empresarial,Leste,0,0,1,0.8408,1,ALTO
87.86,45,3,16,84.2,4.3,7,0.5333,0.0652,56.13,43.93,3.01,1.875,Fibra 100MB,Oeste,0,1,0,0.8404,1,ALTO
116.65,10,3,15,228.1,0.0,11,0.5,0.2727,76.03,116.65,0.0,1.5,Fibra 200MB,Oeste,1,0,1,0.84,1,ALTO
73.3,31,6,1,84.1,6.9,2,0.0333,0.1875,56.07,73.3,1.38,1.2,Fibra 100MB,Centro,1,0,1,0.8395,1,ALTO
75.97,28,2,59,137.6,5.6,6,1.9667,0.069,91.73,75.97,3.36,3.0,Fibra 100MB,Leste,0,0,1,0.8389,1,ALTO
89.25,38,2,66,109.2,4.4,7,2.2,0.0513,36.4,89.25,3.08,4.5,Fibra 200MB,Leste,1,0,1,0.8388,1,ALTO
76.85,36,3,10,140.1,4.6,6,0.3333,0.0811,93.4,76.85,2.76,2.5,Fibra 100MB,Oeste,0,0,1,0.8386,1,ALTO
70.35,26,3,4,69.3,4.0,9,0.1333,0.1111,46.2,70.35,3.6,2.5,Fibra 100MB,Norte,0,0,1,0.8384,1,ALTO
87.43,37,5,6,60.3,6.5,5,0.2,0.1316,40.2,87.43,3.25,2.0,Fibra 100MB,Sul,0,0,1,0.8382,1,ALTO
110.74,40,1,54,137.0,5.3,1,1.8,0.0244,45.67,55.37,0.53,2.25,Fibra 200MB,Leste,0,1,1,0.838,1,ALTO
73.34,51,4,32,60.9,7.6,2,1.0667,0.0769,40.6,73.34,1.52,3.0,Fibra 100MB,Oeste,0,0,1,0.838,1,ALTO
180.01,1,3,65,388.7,6.4,9,2.1667,1.5,64.78,180.01,5.76,3.0,Fibra 500MB,Oeste,0,0,1,0.8357,1,ALTO
76.72,59,6,2,103.9,5.9,12,0.0667,0.1,69.27,76.72,7.08,2.0,Fibra 100MB,Oeste,0,0,1,0.8345,1,ALTO
74.78,1,4,15,59.7,6.7,12,0.5,2.0,39.8,74.78,8.04,1.0,Fibra 100MB,Norte,0,0,1,0.8343,1,ALTO
76.68,12,4,2,85.2,6.5,4,0.0667,0.3077,56.8,76.68,2.6,1.0,Fibra 100MB,Norte,0,0,1,0.8341,1,ALTO
381.71,53,0,2,744.3,1.4,3,0.0667,0.0,82.7,190.86,0.42,1.875,Empresarial,Oeste,0,1,1,0.8337,1,ALTO
85.4,30,0,12,77.9,4.0,2,0.4,0.0,51.93,85.4,0.8,2.5,Fibra 100MB,Norte,0,0,1,0.8337,1,ALTO
86.4,1,2,5,115.5,3.7,9,0.1667,1.0,77.0,86.4,3.33,2.5,Fibra 100MB,Norte,0,0,1,0.8336,1,ALTO
166.38,9,1,34,490.8,5.0,4,1.1333,0.1,81.8,166.38,2.0,7.5,Fibra 500MB,Norte,0,0,1,0.8326,1,ALTO
78.55,12,4,4,121.4,5.5,5,0.1333,0.3077,80.93,78.55,2.75,1.0,Fibra 100MB,Centro,0,0,1,0.8324,1,ALTO
126.17,7,3,22,320.2,6.3,0,0.7333,0.375,53.37,126.17,0.0,1.0,Fibra 500MB,Norte,0,0,1,0.8319,1,ALTO
71.92,13,3,2,109.7,5.8,1,0.0667,0.2143,73.13,71.92,0.58,1.0,Fibra 100MB,Oeste,0,0,1,0.8314,1,ALTO
74.06,26,4,2,103.4,3.7,9,0.0667,0.1481,68.93,74.06,3.33,1.5,Fibra 100MB,Norte,1,0,1,0.831,1,ALTO
100.41,34,4,0,261.5,1.6,11,0.0,0.1143,87.17,100.41,1.76,1.5,Fibra 200MB,Norte,1,0,1,0.8305,1,ALTO
73.54,14,1,25,127.7,3.8,4,0.8333,0.0667,85.13,73.54,1.52,2.5,Fibra 100MB,Centro,0,0,1,0.8304,1,ALTO
108.18,33,1,21,228.1,4.0,2,0.7,0.0294,76.03,108.18,0.8,2.5,Fibra 200MB,Centro,0,0,1,0.8296,1,ALTO
83.35,45,5,6,149.7,4.1,9,0.2,0.1087,99.8,83.35,3.69,3.0,Fibra 100MB,Sul,1,0,1,0.8295,1,ALTO
102.66,31,4,38,144.3,6.1,5,1.2667,0.125,48.1,102.66,3.05,1.8,Fibra 200MB,Norte,1,0,1,0.8276,1,ALTO
71.17,38,3,23,66.7,6.1,5,0.7667,0.0769,44.47,71.17,3.05,1.0,Fibra 100MB,Norte,0,0,0,0.827,1,ALTO
83.79,14,4,23,105.1,5.0,10,0.7667,0.2667,70.07,83.79,5.0,2.5,Fibra 100MB,Centro,0,0,1,0.8269,1,ALTO
116.22,22,3,8,220.9,2.2,11,0.2667,0.1304,73.63,116.22,2.42,2.5,Fibra 200MB,Leste,0,0,0,0.8265,1,ALTO
73.52,2,3,4,70.5,5.3,2,0.1333,1.0,47.0,73.52,1.06,0.6,Fibra 100MB,Centro,1,0,1,0.8251,1,ALTO
72.03,37,2,8,68.8,4.4,3,0.2667,0.0526,45.87,36.02,1.32,1.875,Fibra 100MB,Sul,0,1,1,0.825,1,ALTO
71.86,6,3,23,75.8,3.1,12,0.7667,0.4286,50.53,23.95,3.72,1.875,Fibra 100MB,Leste,0,2,1,0.8232,1,ALTO
124.38,2,3,0,363.3,5.3,0,0.0,1.0,60.55,124.38,0.0,0.6,Fibra 500MB,Leste,1,0,1,0.8222,1,ALTO
71.39,14,5,32,140.2,8.4,12,1.0667,0.3333,93.47,71.39,10.08,6.0,Fibra 100MB,Norte,0,0,1,0.8211,1,ALTO
160.9,1,3,15,450.4,3.8,12,0.5,1.5,75.07,160.9,4.56,2.5,Fibra 500MB,Norte,0,0,0,0.821,1,ALTO
88.45,48,5,2,81.7,7.3,2,0.0667,0.102,54.47,88.45,1.46,2.0,Fibra 100MB,Sul,0,0,1,0.8208,1,ALTO
84.88,53,2,87,116.2,7.1,6,2.9,0.037,77.47,42.44,4.26,2.25,Fibra 100MB,Norte,0,1,1,0.8202,1,ALTO
81.12,25,5,4,140.6,6.0,10,0.1333,0.1923,93.73,81.12,6.0,2.0,Fibra 100MB,Leste,0,0,1,0.8199,1,ALTO
77.78,1,2,11,87.4,4.9,8,0.3667,1.0,58.27,77.78,3.92,2.5,Fibra 100MB,Norte,0,0,1,0.8198,1,ALTO
87.59,33,5,5,104.2,6.8,7,0.1667,0.1471,69.47,87.59,4.76,2.0,Fibra 100MB,Oeste,0,0,1,0.8196,1,ALTO
148.11,14,2,60,454.0,4.5,11,2.0,0.1333,75.67,148.11,4.95,7.5,Fibra 500MB,Leste,0,0,0,0.8194,1,ALTO
71.83,25,1,24,136.6,3.9,3,0.8,0.0385,91.07,71.83,1.17,1.5,Fibra 100MB,Norte,1,0,1,0.819,1,ALTO
74.42,16,3,4,128.2,4.0,9,0.1333,0.1765,85.47,37.21,3.6,1.875,Fibra 100MB,Norte,0,1,1,0.8182,1,ALTO
82.65,27,4,78,69.1,8.3,10,2.6,0.1429,46.07,82.65,8.3,3.0,Fibra 100MB,Oeste,0,0,0,0.8179,1,ALTO
76.37,14,1,4,51.2,3.4,3,0.1333,0.0667,34.13,38.18,1.02,1.125,Fibra 100MB,Norte,1,1,0,0.8174,1,ALTO
106.63,40,3,5,219.6,1.0,11,0.1667,0.0732,73.2,106.63,1.1,1.5,Fibra 200MB,Norte,1,0,1,0.8152,1,ALTO
175.11,26,2,90,392.0,6.0,5,3.0,0.0741,65.33,175.11,3.0,3.0,Fibra 500MB,Sul,0,0,1,0.8149,1,ALTO
114.91,37,2,30,148.4,4.4,7,1.0,0.0526,49.47,114.91,3.08,2.5,Fibra 200MB,Leste,0,0,1,0.8146,1,ALTO
101.49,51,0,0,157.6,0.1,9,0.0,0.0,52.53,101.49,0.09,2.5,Fibra 200MB,Norte,0,0,1,0.8146,1,ALTO
96.25,16,1,10,181.9,3.9,3,0.3333,0.0588,60.63,96.25,1.17,2.5,Fibra 200MB,Oeste,0,0,1,0.8136,1,ALTO
438.48,5,3,40,741.3,6.4,4,1.3333,0.5,82.37,438.48,2.56,3.0,Empresarial,Oeste,0,0,0,0.8134,1,ALTO
74.12,19,1,90,114.8,6.1,6,3.0,0.05,76.53,74.12,3.66,3.0,Fibra 100MB,Oeste,0,0,1,0.8119,1,ALTO
85.6,22,3,2,76.3,6.5,2,0.0667,0.1304,50.87,85.6,1.3,1.0,Fibra 100MB,Norte,0,0,0,0.8095,1,ALTO
80.88,33,3,80,141.3,7.6,10,2.6667,0.0882,94.2,80.88,7.6,3.0,Fibra 100MB,Norte,0,0,1,0.8095,1,ALTO
83.29,8,4,2,128.8,4.3,12,0.0667,0.4444,85.87,41.64,5.16,1.875,Fibra 100MB,Norte,0,1,1,0.8094,1,ALTO
136.3,9,2,5,320.1,2.4,9,0.1667,0.2,53.35,136.3,2.16,2.5,Fibra 500MB,Norte,0,0,1,0.8092,1,ALTO
69.15,46,3,0,139.8,6.3,0,0.0,0.0638,93.2,34.58,0.0,0.75,Fibra 100MB,Leste,0,1,1,0.8085,1,ALTO
73.42,60,2,51,139.2,5.1,9,1.7,0.0328,92.8,36.71,4.59,2.25,Fibra 100MB,Norte,0,1,1,0.8078,1,ALTO
159.79,16,1,5,468.1,3.2,4,0.1667,0.0588,78.02,159.79,1.28,2.5,Fibra 500MB,Oeste,0,0,1,0.8074,1,ALTO
73.34,44,3,48,145.1,5.9,10,1.6,0.0667,96.73,73.34,5.9,3.0,Fibra 100MB,Leste,0,0,1,0.8072,1,ALTO
113.6,19,6,2,173.7,8.2,7,0.0667,0.3,57.9,113.6,5.74,2.0,Fibra 200MB,Norte,0,0,1,0.8061,1,ALTO
74.11,59,2,86,98.2,5.2,10,2.8667,0.0333,65.47,74.11,5.2,1.8,Fibra 100MB,Norte,1,0,1,0.8058,1,ALTO
92.97,57,3,8,261.1,2.1,8,0.2667,0.0517,87.03,92.97,1.68,1.5,Fibra 200MB,Sul,1,0,0,0.8049,1,ALTO
126.34,36,4,3,579.5,2.3,12,0.1,0.1081,96.58,126.34,2.76,2.5,Fibra 500MB,Centro,0,0,1,0.8035,1,ALTO
406.18,3,3,50,470.0,5.6,8,1.6667,0.75,52.22,406.18,4.48,3.0,Empresarial,Centro,0,0,1,0.8029,1,ALTO
99.9,2,2,0,183.2,3.5,4,0.0,0.6667,61.07,99.9,1.4,1.5,Fibra 200MB,Centro,1,0,1,0.8006,1,ALTO
70.22,50,1,37,125.2,5.5,3,1.2333,0.0196,83.47,70.22,1.65,3.0,Fibra 100MB,Oeste,0,0,1,0.8005,1,ALTO
123.58,58,3,38,525.0,5.6,7,1.2667,0.0508,87.5,123.58,3.92,3.0,Fibra 500MB,Oeste,0,0,1,0.7992,1,ALTO
80.54,29,5,4,132.4,7.1,6,0.1333,0.1667,88.27,80.54,4.26,2.0,Fibra 100MB,Centro,0,0,1,0.7991,1,ALTO
83.92,3,0,71,99.8,4.4,8,2.3667,0.0,66.53,83.92,3.52,7.5,Fibra 100MB,Sul,0,0,1,0.7987,1,ALTO
108.33,51,1,44,117.0,5.4,4,1.4667,0.0192,39.0,108.33,2.16,3.0,Fibra 200MB,Leste,0,0,0,0.798,1,ALTO
71.52,60,3,4,140.6,4.0,7,0.1333,0.0492,93.73,71.52,2.8,1.5,Fibra 100MB,Leste,1,0,1,0.7979,1,ALTO
94.14,58,3,7,161.2,4.3,9,0.2333,0.0508,53.73,94.14,3.87,2.5,Fibra 200MB,Leste,0,0,1,0.7972,1,ALTO
87.86,34,1,5,147.4,2.4,9,0.1667,0.0286,98.27,87.86,2.16,2.5,Fibra 100MB,Norte,0,0,1,0.7968,1,ALTO
87.11,15,1,6,98.7,5.3,0,0.2,0.0625,65.8,29.04,0.0,0.75,Fibra 100MB,Norte,0,2,0,0.7958,1,ALTO
115.29,18,1,4,276.1,4.7,0,0.1333,0.0526,92.03,115.29,0.0,2.5,Fibra 200MB,Centro,0,0,1,0.7949,1,ALTO
470.6,12,3,1,423.9,1.6,10,0.0333,0.2308,47.1,156.87,1.6,1.875,Empresarial,Norte,0,2,1,0.7944,1,ALTO
87.96,59,3,8,53.1,4.5,10,0.2667,0.05,35.4,43.98,4.5,1.875,Fibra 100MB,Leste,0,1,0,0.793,1,ALTO
117.94,34,1,77,214.6,5.9,5,2.5667,0.0286,71.53,117.94,2.95,3.0,Fibra 200MB,Oeste,0,0,1,0.7927,1,ALTO
69.67,59,3,3,79.7,5.0,9,0.1,0.05,53.13,69.67,4.5,2.5,Fibra 100MB,Leste,0,0,0,0.7922,1,ALTO
69.65,53,2,24,63.9,4.9,7,0.8,0.037,42.6,69.65,3.43,2.5,Fibra 100MB,Centro,0,0,1,0.7914,1,ALTO
83.74,55,1,5,126.8,5.4,1,0.1667,0.0179,84.53,83.74,0.54,1.0,Fibra 100MB,Norte,0,0,1,0.7895,1,ALTO
141.54,49,4,4,367.9,5.1,8,0.1333,0.08,61.32,141.54,4.08,1.0,Fibra 500MB,Leste,0,0,1,0.7893,1,ALTO
72.35,12,4,53,130.0,6.8,10,1.7667,0.3077,86.67,72.35,6.8,1.8,Fibra 100MB,Norte,1,0,1,0.7887,1,ALTO
73.61,45,5,39,55.5,9.4,10,1.3,0.1087,37.0,73.61,9.4,6.0,Fibra 100MB,Centro,0,0,1,0.786,1,ALTO
77.74,24,3,48,139.2,7.8,4,1.6,0.12,92.8,38.87,3.12,2.25,Fibra 100MB,Norte,0,1,1,0.7853,1,ALTO
142.98,57,2,32,404.2,5.4,2,1.0667,0.0345,67.37,142.98,1.08,1.8,Fibra 500MB,Norte,1,0,1,0.7847,1,ALTO
75.21,23,3,1,139.6,2.7,11,0.0333,0.125,93.07,75.21,2.97,2.5,Fibra 100MB,Sul,0,0,0,0.7846,1,ALTO
74.99,8,4,30,59.4,5.7,11,1.0,0.4444,39.6,18.75,6.27,0.75,Fibra 100MB,Centro,0,3,0,0.7828,1,ALTO
73.83,47,1,31,84.3,3.9,11,1.0333,0.0208,56.2,73.83,4.29,7.5,Fibra 100MB,Oeste,0,0,1,0.7818,1,ALTO
93.26,46,4,0,142.8,3.0,11,0.0,0.0851,47.6,93.26,3.3,1.5,Fibra 200MB,Leste,1,0,1,0.7817,1,ALTO
84.86,11,3,1,79.2,2.2,12,0.0333,0.25,52.8,84.86,2.64,1.5,Fibra 100MB,Norte,1,0,1,0.7814,1,ALTO
115.99,49,2,24,214.5,2.2,8,0.8,0.04,71.5,115.99,1.76,1.5,Fibra 200MB,Sul,1,0,1,0.7814,1,ALTO
141.32,12,2,3,198.3,5.0,1,0.1,0.1538,33.05,141.32,0.5,2.5,Fibra 500MB,Sul,0,0,1,0.78,1,ALTO
120.95,34,3,15,518.9,4.4,10,0.5,0.0857,86.48,120.95,4.4,2.5,Fibra 500MB,Norte,0,0,0,0.7798,1,ALTO
88.97,52,2,22,148.2,4.9,4,0.7333,0.0377,98.8,29.66,1.96,1.125,Fibra 100MB,Norte,1,2,1,0.7796,1,ALTO
441.95,3,4,42,659.4,8.2,4,1.4,1.0,73.27,441.95,3.28,3.0,Empresarial,Centro,0,0,1,0.7788,1,ALTO
76.49,2,2,23,123.0,6.4,4,0.7667,0.6667,82.0,76.49,2.56,1.0,Fibra 100MB,Leste,0,0,1,0.7781,1,ALTO
104.66,3,5,8,190.0,8.5,10,0.2667,1.25,63.33,104.66,8.5,2.0,Fibra 200MB,Norte,0,0,1,0.7753,1,ALTO
94.94,55,5,13,203.4,7.5,6,0.4333,0.0893,67.8,94.94,4.5,2.0,Fibra 200MB,Centro,0,0,1,0.7744,1,ALTO
494.06,38,3,25,460.4,5.2,3,0.8333,0.0769,51.16,247.03,1.56,0.75,Empresarial,Centro,0,1,1,0.774,1,ALTO
90.88,58,3,4,256.1,4.4,6,0.1333,0.0508,85.37,45.44,2.64,1.125,Fibra 200MB,Norte,1,1,0,0.7738,1,ALTO
97.71,39,3,7,185.5,5.5,7,0.2333,0.075,61.83,97.71,3.85,1.0,Fibra 200MB,Norte,0,0,1,0.7732,1,ALTO
74.73,17,2,83,79.4,5.0,16,2.7667,0.1111,52.93,74.73,8.0,7.5,Fibra 100MB,Sul,0,0,0,0.7727,1,ALTO
78.9,20,3,9,63.0,4.1,12,0.3,0.1429,42.0,78.9,4.92,2.5,Fibra 100MB,Oeste,0,0,1,0.7709,1,ALTO
84.3,13,4,35,97.2,7.7,4,1.1667,0.2857,64.8,42.15,3.08,1.35,Fibra 100MB,Norte,1,1,1,0.7702,1,ALTO
97.63,14,3,8,279.8,3.9,11,0.2667,0.2,93.27,97.63,4.29,2.5,Fibra 200MB,Leste,0,0,1,0.77,1,ALTO
83.43,55,1,33,141.1,3.9,12,1.1,0.0179,94.07,83.43,4.68,7.5,Fibra 100MB,Leste,0,0,1,0.7694,1,ALTO
75.67,2,2,2,88.0,4.3,10,0.0667,0.6667,58.67,75.67,4.3,2.5,Fibra 100MB,Leste,0,0,1,0.7692,1,ALTO
70.87,12,4,6,85.2,6.3,11,0.2,0.3077,56.8,70.87,6.93,1.0,Fibra 100MB,Norte,0,0,1,0.7688,1,ALTO
180.27,1,3,30,441.6,5.5,12,1.0,1.5,73.6,180.27,6.6,1.0,Fibra 500MB,Leste,0,0,1,0.7681,1,ALTO
88.0,2,3,22,129.1,7.3,4,0.7333,1.0,86.07,44.0,2.92,0.75,Fibra 100MB,Oeste,0,1,1,0.7672,1,ALTO
140.98,40,6,4,234.6,7.4,10,0.1333,0.1463,39.1,140.98,7.4,2.0,Fibra 500MB,Oeste,0,0,1,0.7668,1,ALTO
75.36,21,2,15,70.9,3.9,11,0.5,0.0909,47.27,75.36,4.29,2.5,Fibra 100MB,Leste,0,0,1,0.766,1,ALTO
79.72,32,5,4,64.6,5.5,12,0.1333,0.1515,43.07,79.72,6.6,1.2,Fibra 100MB,Leste,1,0,1,0.7651,1,ALTO
100.72,39,2,40,237.3,4.8,11,1.3333,0.05,79.1,50.36,5.28,5.625,Fibra 200MB,Leste,0,1,1,0.7647,1,ALTO
91.32,58,3,3,164.1,6.2,3,0.1,0.0508,54.7,91.32,1.86,1.0,Fibra 200MB,Oeste,0,0,1,0.764,1,ALTO
81.56,57,2,2,77.1,3.8,10,0.0667,0.0345,51.4,27.19,3.8,1.875,Fibra 100MB,Norte,0,2,1,0.7623,1,ALTO
104.8,13,3,21,116.6,6.4,7,0.7,0.2143,38.87,104.8,4.48,1.0,Fibra 200MB,Norte,0,0,0,0.761,1,ALTO
91.63,14,3,39,176.2,5.9,9,1.3,0.2,58.73,45.82,5.31,2.25,Fibra 200MB,Oeste,0,1,1,0.7598,1,ALTO
87.15,38,4,21,60.8,6.2,11,0.7,0.1026,40.53,87.15,6.82,1.0,Fibra 100MB,Centro,0,0,1,0.7597,1,ALTO
88.75,35,1,68,99.2,3.1,11,2.2667,0.0278,66.13,88.75,3.41,4.5,Fibra 100MB,Sul,1,0,1,0.7583,1,ALTO
81.47,33,1,21,115.0,3.0,6,0.7,0.0294,76.67,40.74,1.8,1.125,Fibra 100MB,Centro,1,1,0,0.7572,1,ALTO
185.68,3,3,30,365.4,6.6,8,1.0,0.75,60.9,185.68,5.28,1.0,Fibra 500MB,Norte,0,0,1,0.757,1,ALTO
88.18,47,4,58,98.8,6.8,11,1.9333,0.0833,65.87,29.39,7.48,1.35,Fibra 100MB,Leste,1,2,0,0.7558,1,ALTO
97.55,33,1,1,205.0,3.4,6,0.0333,0.0294,68.33,97.55,2.04,2.5,Fibra 200MB,Centro,0,0,1,0.7544,1,ALTO
91.15,41,1,82,227.3,6.7,2,2.7333,0.0238,75.77,91.15,1.34,1.8,Fibra 200MB,Norte,1,0,1,0.7539,1,ALTO
85.52,14,3,3,137.5,6.9,2,0.1,0.2,91.67,85.52,1.38,1.0,Fibra 100MB,Oeste,0,0,1,0.7535,1,ALTO
89.54,12,4,4,167.1,5.2,8,0.1333,0.3077,55.7,89.54,4.16,0.6,Fibra 200MB,Leste,1,0,1,0.752,1,ALTO
78.34,11,2,4,79.2,4.3,10,0.1333,0.1667,52.8,78.34,4.3,2.5,Fibra 100MB,Leste,0,0,1,0.7516,1,ALTO
109.44,27,1,0,106.2,3.6,6,0.0,0.0357,35.4,36.48,2.16,1.875,Fibra 200MB,Leste,0,2,0,0.7498,1,MÉDIO
161.7,57,1,5,366.9,3.3,4,0.1667,0.0172,61.15,40.42,1.32,1.875,Fibra 500MB,Sul,0,3,0,0.7477,1,MÉDIO
166.29,58,3,3,257.1,2.9,8,0.1,0.0508,42.85,166.29,2.32,1.5,Fibra 500MB,Sul,1,0,0,0.747,1,MÉDIO
184.74,7,2,46,353.3,7.1,1,1.5333,0.25,58.88,184.74,0.71,3.0,Fibra 500MB,Centro,0,0,1,0.7457,1,MÉDIO
84.11,39,1,16,137.8,3.5,6,0.5333,0.025,91.87,42.06,2.1,1.125,Fibra 100MB,Leste,1,1,0,0.7455,1,MÉDIO
114.28,24,2,31,266.7,6.9,3,1.0333,0.08,88.9,114.28,2.07,3.0,Fibra 200MB,Leste,0,0,1,0.7452,1,MÉDIO
92.16,48,1,8,131.0,3.8,7,0.2667,0.0204,43.67,92.16,2.66,2.5,Fibra 200MB,Oeste,0,0,0,0.7449,1,MÉDIO
83.23,39,0,1,115.1,1.5,9,0.0333,0.0,76.73,20.81,1.35,1.875,Fibra 100MB,Leste,0,3,1,0.7446,1,MÉDIO
180.06,45,2,1,599.0,1.8,11,0.0333,0.0435,99.83,180.06,1.98,2.5,Fibra 500MB,Centro,0,0,1,0.7446,1,MÉDIO
74.68,44,1,7,55.9,4.2,5,0.2333,0.0222,37.27,37.34,2.1,1.125,Fibra 100MB,Norte,1,1,1,0.744,1,MÉDIO
194.19,21,3,27,351.4,5.1,11,0.9,0.1364,58.57,194.19,5.61,1.0,Fibra 500MB,Norte,0,0,0,0.7419,1,MÉDIO
91.92,25,2,19,133.2,4.4,10,0.6333,0.0769,44.4,91.92,4.4,2.5,Fibra 200MB,Leste,0,0,1,0.7418,1,MÉDIO
111.9,54,1,2,156.4,5.5,2,0.0667,0.0182,52.13,111.9,1.1,1.0,Fibra 200MB,Norte,0,0,1,0.7418,1,MÉDIO
99.59,24,2,24,162.4,4.1,11,0.8,0.08,54.13,99.59,4.51,2.5,Fibra 200MB,Leste,0,0,1,0.7414,1,MÉDIO
177.89,8,3,4,491.0,5.7,4,0.1333,0.3333,81.83,177.89,2.28,1.0,Fibra 500MB,Sul,0,0,1,0.7408,1,MÉDIO
81.84,25,3,34,78.3,6.6,7,1.1333,0.1154,52.2,81.84,4.62,1.8,Fibra 100MB,Leste,1,0,1,0.7403,1,MÉDIO
77.63,16,4,33,133.6,7.6,5,1.1,0.2353,89.07,38.82,3.8,1.35,Fibra 100MB,Leste,1,1,1,0.7401,1,MÉDIO
74.73,8,2,43,122.4,6.3,11,1.4333,0.2222,81.6,74.73,6.93,3.0,Fibra 100MB,Norte,0,0,0,0.7396,1,MÉDIO
171.55,54,3,16,579.1,6.5,2,0.5333,0.0545,96.52,171.55,1.3,1.0,Fibra 500MB,Sul,0,0,1,0.7377,1,MÉDIO
93.84,5,2,5,280.4,4.5,8,0.1667,0.3333,93.47,23.46,3.6,1.875,Fibra 200MB,Norte,0,3,1,0.7371,1,MÉDIO
82.34,8,2,4,57.7,7.2,1,0.1333,0.2222,38.47,82.34,0.72,1.0,Fibra 100MB,Norte,0,0,1,0.7371,1,MÉDIO
114.16,40,3,30,165.9,6.3,8,1.0,0.0732,55.3,114.16,5.04,1.0,Fibra 200MB,Oeste,0,0,1,0.7369,1,MÉDIO
85.53,46,1,2,115.9,2.6,9,0.0667,0.0213,77.27,42.76,2.34,1.875,Fibra 100MB,Centro,0,1,0,0.7362,1,MÉDIO
85.19,2,3,1,95.7,7.0,9,0.0333,1.0,63.8,85.19,6.3,1.0,Fibra 100MB,Norte,0,0,1,0.7358,1,MÉDIO
85.21,16,1,63,80.5,3.5,11,2.1,0.0588,53.67,85.21,3.85,4.5,Fibra 100MB,Sul,1,0,0,0.7357,1,MÉDIO
72.91,3,1,28,131.7,4.4,9,0.9333,0.25,87.8,72.91,3.96,2.5,Fibra 100MB,Oeste,0,0,1,0.7349,1,MÉDIO
157.18,42,0,2,300.5,3.2,6,0.0667,0.0,50.08,157.18,1.92,2.5,Fibra 500MB,Norte,0,0,1,0.7344,1,MÉDIO
469.9,30,1,76,844.9,5.2,10,2.5333,0.0323,93.88,469.9,5.2,3.0,Empresarial,Oeste,0,0,0,0.7337,1,MÉDIO
88.7,10,0,4,138.1,1.4,7,0.1333,0.0,92.07,88.7,0.98,1.5,Fibra 100MB,Centro,1,0,0,0.7324,1,MÉDIO
85.02,44,3,2,122.8,6.3,4,0.0667,0.0667,81.87,85.02,2.52,0.6,Fibra 100MB,Norte,1,0,1,0.7307,1,MÉDIO
89.71,60,2,1,207.9,4.9,7,0.0333,0.0328,69.3,89.71,3.43,2.5,Fibra 200MB,Oeste,0,0,0,0.7289,1,MÉDIO
122.33,18,1,61,300.7,4.7,12,2.0333,0.0526,50.12,122.33,5.64,7.5,Fibra 500MB,Oeste,0,0,0,0.7288,1,MÉDIO
75.96,29,1,61,101.5,6.9,0,2.0333,0.0333,67.67,37.98,0.0,1.35,Fibra 100MB,Leste,1,1,1,0.7282,1,MÉDIO
172.3,41,5,0,215.6,6.2,11,0.0,0.119,35.93,172.3,6.82,2.0,Fibra 500MB,Centro,0,0,1,0.7275,1,MÉDIO
93.22,19,3,9,286.5,6.1,7,0.3,0.15,95.5,93.22,4.27,1.0,Fibra 200MB,Leste,0,0,0,0.7275,1,MÉDIO
417.46,2,1,39,750.1,7.0,0,1.3,0.3333,83.34,417.46,0.0,3.0,Empresarial,Leste,0,0,1,0.7266,1,MÉDIO
74.58,15,2,13,58.1,5.3,10,0.4333,0.125,38.73,74.58,5.3,1.0,Fibra 100MB,Norte,0,0,1,0.7262,1,MÉDIO
182.95,47,1,1,574.9,4.0,6,0.0333,0.0208,95.82,182.95,2.4,2.5,Fibra 500MB,Oeste,0,0,1,0.7239,1,MÉDIO
109.1,49,3,18,255.1,5.6,10,0.6,0.06,85.03,54.55,5.6,0.75,Fibra 200MB,Norte,0,1,1,0.7236,1,MÉDIO
125.98,57,6,5,217.8,7.4,9,0.1667,0.1034,36.3,62.99,6.66,0.9,Fibra 500MB,Norte,1,1,0,0.7235,1,MÉDIO
81.34,15,1,2,70.0,5.1,3,0.0667,0.0625,46.67,81.34,1.53,1.0,Fibra 100MB,Sul,0,0,0,0.7227,1,MÉDIO
495.92,50,2,16,810.2,4.3,11,0.5333,0.0392,90.02,495.92,4.73,2.5,Empresarial,Norte,0,0,1,0.7205,1,MÉDIO
95.77,34,3,1,102.5,5.0,12,0.0333,0.0857,34.17,95.77,6.0,2.5,Fibra 200MB,Norte,0,0,1,0.7197,1,MÉDIO
72.71,60,2,5,112.2,3.0,10,0.1667,0.0328,74.8,36.35,3.0,1.125,Fibra 100MB,Leste,1,1,1,0.7194,1,MÉDIO
82.11,34,1,70,54.2,5.9,8,2.3333,0.0286,36.13,41.06,4.72,1.35,Fibra 100MB,Norte,1,1,1,0.7187,1,MÉDIO
92.33,37,2,23,291.2,3.1,11,0.7667,0.0526,97.07,92.33,3.41,1.5,Fibra 200MB,Norte,1,0,1,0.7149,1,MÉDIO
104.56,17,6,2,188.0,7.9,12,0.0667,0.3333,62.67,104.56,9.48,1.2,Fibra 200MB,Norte,1,0,1,0.7142,1,MÉDIO
72.64,22,4,14,70.7,7.5,12,0.4667,0.1739,47.13,36.32,9.0,0.75,Fibra 100MB,Norte,0,1,1,0.7133,1,MÉDIO
86.16,23,3,1,106.0,6.2,10,0.0333,0.125,70.67,86.16,6.2,1.0,Fibra 100MB,Norte,0,0,1,0.7128,1,MÉDIO
69.25,37,2,48,98.6,6.3,12,1.6,0.0526,65.73,23.08,7.56,2.25,Fibra 100MB,Norte,0,2,1,0.7127,1,MÉDIO
411.95,27,4,5,328.9,7.0,7,0.1667,0.1429,36.54,411.95,4.9,1.0,Empresarial,Norte,0,0,1,0.711,1,MÉDIO
83.39,11,1,53,50.3,5.6,11,1.7667,0.0833,33.53,83.39,6.16,3.0,Fibra 100MB,Oeste,0,0,1,0.7107,1,MÉDIO
115.96,30,3,24,168.9,6.3,11,0.8,0.0968,56.3,115.96,6.93,1.0,Fibra 200MB,Norte,0,0,0,0.7097,1,MÉDIO
84.71,60,1,75,96.5,6.5,6,2.5,0.0164,64.33,84.71,3.9,1.8,Fibra 100MB,Oeste,1,0,0,0.7088,1,MÉDIO
86.33,1,2,14,78.5,6.0,11,0.4667,1.0,52.33,86.33,6.6,1.0,Fibra 100MB,Leste,0,0,1,0.7083,1,MÉDIO
88.78,39,3,3,108.0,6.9,5,0.1,0.075,72.0,88.78,3.45,1.0,Fibra 100MB,Centro,0,0,1,0.7066,1,MÉDIO
98.51,56,3,6,145.1,6.6,6,0.2,0.0526,48.37,98.51,3.96,1.0,Fibra 200MB,Oeste,0,0,1,0.7056,1,MÉDIO
76.0,59,1,65,83.5,7.4,7,2.1667,0.0167,55.67,76.0,5.18,3.0,Fibra 100MB,Oeste,0,0,1,0.7047,1,MÉDIO
499.69,22,2,60,749.1,7.2,6,2.0,0.087,83.23,499.69,4.32,3.0,Empresarial,Centro,0,0,0,0.7046,1,MÉDIO
86.42,57,2,42,139.3,6.3,10,1.4,0.0345,92.87,21.6,6.3,2.25,Fibra 100MB,Leste,0,3,0,0.7044,1,MÉDIO
83.17,56,2,38,80.1,8.1,2,1.2667,0.0351,53.4,83.17,1.62,3.0,Fibra 100MB,Centro,0,0,1,0.7041,1,MÉDIO
122.64,31,2,31,263.5,6.7,1,1.0333,0.0625,43.92,122.64,0.67,1.8,Fibra 500MB,Norte,1,0,1,0.704,1,MÉDIO
86.94,30,0,11,82.2,6.3,0,0.3667,0.0,54.8,86.94,0.0,1.0,Fibra 100MB,Norte,0,0,1,0.7039,1,MÉDIO
86.89,2,2,11,53.5,8.0,1,0.3667,0.6667,35.67,43.44,0.8,0.75,Fibra 100MB,Norte,0,1,1,0.703,1,MÉDIO
156.11,54,2,5,257.6,4.0,9,0.1667,0.0364,42.93,156.11,3.6,2.5,Fibra 500MB,Centro,0,0,0,0.7025,1,MÉDIO
76.58,35,1,5,56.6,4.9,7,0.1667,0.0278,37.73,76.58,3.43,2.5,Fibra 100MB,Centro,0,0,1,0.702,1,MÉDIO
146.97,11,1,85,460.7,7.3,7,2.8333,0.0833,76.78,146.97,5.11,3.0,Fibra 500MB,Leste,0,0,1,0.7014,1,MÉDIO
88.4,47,5,7,128.7,9.1,2,0.2333,0.1042,85.8,88.4,1.82,1.2,Fibra 100MB,Norte,1,0,1,0.6988,1,MÉDIO
78.78,12,2,5,95.0,5.1,10,0.1667,0.1538,63.33,78.78,5.1,1.0,Fibra 100MB,Leste,0,0,1,0.6974,1,MÉDIO
160.04,31,2,72,450.1,7.1,5,2.4,0.0625,75.02,160.04,3.55,1.8,Fibra 500MB,Leste,1,0,1,0.6965,1,MÉDIO
108.82,5,2,20,250.8,7.8,0,0.6667,0.3333,83.6,108.82,0.0,1.0,Fibra 200MB,Norte,0,0,1,0.6954,1,MÉDIO
118.37,24,2,1,224.4,3.9,10,0.0333,0.08,74.8,118.37,3.9,2.5,Fibra 200MB,Centro,0,0,0,0.6953,1,MÉDIO
92.59,1,3,0,113.4,8.0,8,0.0,1.5,37.8,92.59,6.4,1.0,Fibra 200MB,Norte,0,0,1,0.6944,1,MÉDIO
115.4,28,4,4,294.6,7.0,8,0.1333,0.1379,98.2,38.47,5.6,0.75,Fibra 200MB,Leste,0,2,0,0.6928,1,MÉDIO
83.76,49,3,0,66.5,4.7,9,0.0,0.06,44.33,83.76,4.23,1.5,Fibra 100MB,Sul,1,0,0,0.6923,1,MÉDIO
86.73,3,2,57,138.7,6.9,10,1.9,0.5,92.47,86.73,6.9,1.8,Fibra 100MB,Norte,1,0,0,0.6911,1,MÉDIO
83.25,1,1,5,52.2,6.0,5,0.1667,0.5,34.8,83.25,3.0,1.0,Fibra 100MB,Oeste,0,0,1,0.6911,1,MÉDIO
72.73,32,3,31,126.2,6.0,12,1.0333,0.0909,84.13,72.73,7.2,1.8,Fibra 100MB,Norte,1,0,1,0.691,1,MÉDIO
76.61,19,2,24,125.2,5.5,11,0.8,0.1,83.47,76.61,6.05,1.0,Fibra 100MB,Leste,0,0,1,0.6909,1,MÉDIO
78.12,9,2,5,53.9,4.9,10,0.1667,0.2,35.93,78.12,4.9,2.5,Fibra 100MB,Sul,0,0,0,0.6908,1,MÉDIO
80.85,33,3,4,143.5,6.2,9,0.1333,0.0882,95.67,26.95,5.58,0.75,Fibra 100MB,Leste,0,2,0,0.6905,1,MÉDIO
72.97,1,1,3,99.1,2.5,11,0.1,0.5,66.07,24.32,2.75,1.875,Fibra 100MB,Sul,0,2,1,0.6887,1,MÉDIO
82.08,8,3,4,81.8,6.5,10,0.1333,0.3333,54.53,82.08,6.5,1.0,Fibra 100MB,Oeste,0,0,1,0.6886,1,MÉDIO
82.29,12,2,5,128.7,6.2,4,0.1667,0.1538,85.8,82.29,2.48,1.0,Fibra 100MB,Sul,0,0,1,0.6885,1,MÉDIO
130.0,57,1,2,342.9,4.3,6,0.0667,0.0172,57.15,130.0,2.58,2.5,Fibra 500MB,Centro,0,0,0,0.6878,1,MÉDIO
113.28,36,1,1,251.0,3.5,8,0.0333,0.027,83.67,113.28,2.8,2.5,Fibra 200MB,Sul,0,0,1,0.6856,1,MÉDIO
491.34,60,0,3,799.2,4.3,6,0.1,0.0,88.8,491.34,2.58,2.5,Empresarial,Norte,0,0,0,0.685,1,MÉDIO
78.29,55,0,0,115.8,4.7,0,0.0,0.0,77.2,26.1,0.0,1.125,Fibra 100MB,Centro,1,2,1,0.6804,1,MÉDIO
101.52,27,2,82,141.3,7.2,12,2.7333,0.0714,47.1,101.52,8.64,3.0,Fibra 200MB,Sul,0,0,0,0.6798,1,MÉDIO
135.85,17,4,18,574.3,7.4,7,0.6,0.2222,95.72,135.85,5.18,1.0,Fibra 500MB,Sul,0,0,0,0.678,1,MÉDIO
108.9,26,2,2,99.5,4.6,7,0.0667,0.0741,33.17,27.22,3.22,1.125,Fibra 200MB,Norte,1,3,0,0.6755,1,MÉDIO
71.6,13,1,48,71.9,6.4,8,1.6,0.0714,47.93,71.6,5.12,3.0,Fibra 100MB,Sul,0,0,1,0.6752,1,MÉDIO
80.22,39,1,13,54.0,4.6,7,0.4333,0.025,36.0,80.22,3.22,1.5,Fibra 100MB,Oeste,1,0,1,0.6751,1,MÉDIO
81.02,8,3,2,92.2,7.1,8,0.0667,0.3333,61.47,27.01,5.68,0.75,Fibra 100MB,Leste,0,2,1,0.6751,1,MÉDIO
72.25,46,4,4,67.0,7.2,10,0.1333,0.0851,44.67,72.25,7.2,0.6,Fibra 100MB,Norte,1,0,1,0.675,1,MÉDIO
146.44,35,3,6,412.4,6.8,5,0.2,0.0833,68.73,73.22,3.4,0.75,Fibra 500MB,Leste,0,1,1,0.6743,1,MÉDIO
89.45,24,3,20,198.7,6.1,7,0.6667,0.12,66.23,44.72,4.27,0.45,Fibra 200MB,Leste,1,1,0,0.6728,1,MÉDIO
144.15,2,4,17,324.6,7.2,10,0.5667,1.3333,54.1,48.05,7.2,0.45,Fibra 500MB,Norte,1,2,0,0.6719,1,MÉDIO
110.29,7,1,60,283.1,6.4,7,2.0,0.125,94.37,110.29,4.48,3.0,Fibra 200MB,Sul,0,0,0,0.6718,1,MÉDIO
103.07,34,1,3,200.6,4.7,9,0.1,0.0286,66.87,103.07,4.23,2.5,Fibra 200MB,Norte,0,0,1,0.6691,1,MÉDIO
82.52,29,0,10,55.5,6.4,2,0.3333,0.0,37.0,82.52,1.28,1.0,Fibra 100MB,Norte,0,0,1,0.6686,1,MÉDIO
406.13,10,4,59,559.0,7.9,15,1.9667,0.3636,62.11,203.06,11.85,2.25,Empresarial,Leste,0,1,1,0.6682,1,MÉDIO
138.99,28,3,44,342.6,9.0,6,1.4667,0.1034,57.1,138.99,5.4,3.0,Fibra 500MB,Norte,0,0,1,0.6662,1,MÉDIO
97.14,8,2,10,248.1,7.5,1,0.3333,0.2222,82.7,97.14,0.75,1.0,Fibra 200MB,Leste,0,0,1,0.6649,1,MÉDIO
118.83,38,3,22,132.0,6.2,14,0.7333,0.0769,44.0,118.83,8.68,1.0,Fibra 200MB,Norte,0,0,0,0.6649,1,MÉDIO
90.71,45,2,0,138.6,4.7,7,0.0,0.0435,46.2,90.71,3.29,1.5,Fibra 200MB,Oeste,1,0,0,0.6637,1,MÉDIO
70.09,8,2,15,94.9,6.4,9,0.5,0.2222,63.27,70.09,5.76,1.0,Fibra 100MB,Oeste,0,0,1,0.6596,1,MÉDIO
75.65,46,0,9,62.2,6.9,0,0.3,0.0,41.47,75.65,0.0,1.0,Fibra 100MB,Norte,0,0,1,0.6584,1,MÉDIO
77.76,57,1,64,143.1,5.4,13,2.1333,0.0172,95.4,77.76,7.02,3.0,Fibra 100MB,Sul,0,0,0,0.6571,1,MÉDIO
81.49,37,1,25,128.2,7.4,2,0.8333,0.0263,85.47,81.49,1.48,1.0,Fibra 100MB,Leste,0,0,1,0.6569,1,MÉDIO
80.09,49,1,9,104.6,7.0,0,0.3,0.02,69.73,80.09,0.0,1.0,Fibra 100MB,Centro,0,0,0,0.6565,1,MÉDIO
124.85,4,2,81,343.7,8.9,10,2.7,0.4,57.28,124.85,8.9,3.0,Fibra 500MB,Leste,0,0,0,0.6554,1,MÉDIO
153.11,20,2,19,582.8,5.8,9,0.6333,0.0952,97.13,153.11,5.22,1.0,Fibra 500MB,Leste,0,0,0,0.6548,1,MÉDIO
86.38,36,3,40,120.4,7.6,14,1.3333,0.0811,80.27,43.19,10.64,2.25,Fibra 100MB,Oeste,0,1,0,0.6532,1,MÉDIO
84.44,41,0,69,81.8,5.8,11,2.3,0.0,54.53,84.44,6.38,3.0,Fibra 100MB,Centro,0,0,1,0.6527,1,MÉDIO
98.34,17,1,8,220.3,5.3,6,0.2667,0.0556,73.43,98.34,3.18,1.0,Fibra 200MB,Oeste,0,0,0,0.652,1,MÉDIO
84.59,54,1,5,142.8,6.9,1,0.1667,0.0182,95.2,42.3,0.69,0.75,Fibra 100MB,Leste,0,1,1,0.6512,1,MÉDIO
75.1,43,2,0,120.1,6.4,8,0.0,0.0455,80.07,75.1,5.12,1.0,Fibra 100MB,Leste,0,0,0,0.6511,1,MÉDIO
192.69,37,2,4,584.0,6.3,6,0.1333,0.0526,97.33,192.69,3.78,1.0,Fibra 500MB,Leste,0,0,0,0.6498,1,MÉDIO
74.98,17,2,24,117.2,6.1,12,0.8,0.1111,78.13,74.98,7.32,1.0,Fibra 100MB,Leste,0,0,0,0.6496,1,MÉDIO
69.44,44,1,2,129.8,5.6,8,0.0667,0.0222,86.53,69.44,4.48,1.0,Fibra 100MB,Norte,0,0,0,0.6486,1,MÉDIO
405.08,29,2,1,611.7,3.7,6,0.0333,0.0667,67.97,135.03,2.22,1.125,Empresarial,Oeste,1,2,0,0.6485,1,MÉDIO
77.27,46,1,0,51.7,5.1,7,0.0,0.0213,34.47,77.27,3.57,1.0,Fibra 100MB,Sul,0,0,0,0.6476,1,MÉDIO
109.15,19,0,4,176.9,4.2,6,0.1333,0.0,58.97,54.58,2.52,1.875,Fibra 200MB,Oeste,0,1,0,0.6469,1,MÉDIO
143.06,29,3,1,203.9,5.6,11,0.0333,0.1,33.98,143.06,6.16,1.0,Fibra 500MB,Leste,0,0,0,0.6463,1,MÉDIO
69.72,18,4,23,132.6,9.3,9,0.7667,0.2105,88.4,69.72,8.37,1.0,Fibra 100MB,Oeste,0,0,1,0.6454,1,MÉDIO
71.09,56,0,22,62.8,6.7,4,0.7333,0.0,41.87,71.09,2.68,1.0,Fibra 100MB,Norte,0,0,1,0.645,1,MÉDIO
190.65,25,2,79,533.2,8.4,11,2.6333,0.0769,88.87,190.65,9.24,3.0,Fibra 500MB,Oeste,0,0,0,0.6435,1,MÉDIO
72.44,10,0,5,63.2,4.0,6,0.1667,0.0,42.13,72.44,2.4,1.5,Fibra 100MB,Oeste,1,0,0,0.6434,1,MÉDIO
196.09,35,4,10,584.3,5.5,11,0.3333,0.1111,97.38,196.09,6.05,0.6,Fibra 500MB,Centro,1,0,0,0.6411,1,MÉDIO
74.71,1,4,4,136.0,8.5,17,0.1333,2.0,90.67,74.71,14.45,0.6,Fibra 100MB,Norte,1,0,0,0.6411,1,MÉDIO
77.15,3,2,5,77.1,6.8,11,0.1667,0.5,51.4,77.15,7.48,1.0,Fibra 100MB,Norte,0,0,1,0.6408,1,MÉDIO
85.21,33,1,1,142.8,4.4,9,0.0333,0.0294,95.2,85.21,3.96,2.5,Fibra 100MB,Sul,0,0,1,0.6405,1,MÉDIO
172.48,59,2,5,589.0,4.5,11,0.1667,0.0333,98.17,172.48,4.95,2.5,Fibra 500MB,Centro,0,0,1,0.6405,1,MÉDIO
81.72,59,0,59,56.8,6.2,10,1.9667,0.0,37.87,81.72,6.2,3.0,Fibra 100MB,Centro,0,0,0,0.6398,1,MÉDIO
76.38,37,2,26,69.9,6.7,8,0.8667,0.0526,46.6,38.19,5.36,0.75,Fibra 100MB,Sul,0,1,0,0.6382,1,MÉDIO
78.63,25,2,4,81.9,5.6,11,0.1333,0.0769,54.6,78.63,6.16,1.0,Fibra 100MB,Oeste,0,0,1,0.6381,1,MÉDIO
85.61,53,1,32,121.1,6.9,6,1.0667,0.0185,80.73,85.61,4.14,3.0,Fibra 100MB,Sul,0,0,0,0.6362,1,MÉDIO
500.24,15,3,4,364.0,6.1,8,0.1333,0.1875,40.44,250.12,4.88,0.75,Empresarial,Norte,0,1,1,0.6353,1,MÉDIO
140.85,27,0,80,385.8,6.4,8,2.6667,0.0,64.3,70.42,5.12,2.25,Fibra 500MB,Leste,0,1,0,0.6344,1,MÉDIO
92.99,9,1,28,128.5,6.4,7,0.9333,0.1,42.83,92.99,4.48,1.0,Fibra 200MB,Leste,0,0,1,0.6328,1,MÉDIO
73.59,59,0,68,141.0,7.6,9,2.2667,0.0,94.0,73.59,6.84,3.0,Fibra 100MB,Norte,0,0,1,0.6307,1,MÉDIO
72.72,59,3,28,81.3,7.3,11,0.9333,0.05,54.2,36.36,8.03,0.45,Fibra 100MB,Norte,1,1,0,0.6297,1,MÉDIO
471.26,10,2,2,761.6,6.0,7,0.0667,0.1818,84.62,471.26,4.2,1.0,Empresarial,Oeste,0,0,0,0.6291,1,MÉDIO
83.33,1,2,3,139.9,7.3,6,0.1,1.0,93.27,41.66,4.38,0.75,Fibra 100MB,Centro,0,1,1,0.6288,1,MÉDIO
75.36,23,2,17,140.9,6.5,11,0.5667,0.0833,93.93,75.36,7.15,1.0,Fibra 100MB,Leste,0,0,1,0.627,1,MÉDIO
79.39,32,3,10,61.0,7.2,14,0.3333,0.0909,40.67,79.39,10.08,1.0,Fibra 100MB,Leste,0,0,0,0.6268,1,MÉDIO
137.95,51,3,16,447.1,6.2,10,0.5333,0.0577,74.52,137.95,6.2,1.0,Fibra 500MB,Sul,0,0,0,0.6258,1,MÉDIO
180.2,10,1,0,515.5,5.0,9,0.0,0.0909,85.92,180.2,4.5,2.5,Fibra 500MB,Norte,0,0,1,0.6256,1,MÉDIO
98.81,2,2,28,131.9,5.8,12,0.9333,0.6667,43.97,98.81,6.96,1.0,Fibra 200MB,Sul,0,0,1,0.6244,1,MÉDIO
409.96,28,4,3,549.1,7.2,12,0.1,0.1379,61.01,409.96,8.64,1.0,Empresarial,Leste,0,0,1,0.6243,1,MÉDIO
190.7,45,0,2,200.5,4.0,8,0.0667,0.0,33.42,190.7,3.2,2.5,Fibra 500MB,Leste,0,0,1,0.6239,1,MÉDIO
87.4,15,1,6,62.6,6.6,6,0.2,0.0625,41.73,29.13,3.96,0.75,Fibra 100MB,Norte,0,2,0,0.6228,1,MÉDIO
81.59,55,2,5,49.8,7.3,10,0.1667,0.0357,33.2,81.59,7.3,1.0,Fibra 100MB,Norte,0,0,1,0.6214,1,MÉDIO
108.49,47,2,15,252.9,7.2,8,0.5,0.0417,84.3,108.49,5.76,1.0,Fibra 200MB,Norte,0,0,0,0.6213,1,MÉDIO
186.4,47,1,4,560.0,4.1,6,0.1333,0.0208,93.33,46.6,2.46,1.125,Fibra 500MB,Leste,1,3,0,0.6182,1,MÉDIO
117.39,15,1,60,271.7,6.9,12,2.0,0.0625,90.57,117.39,8.28,3.0,Fibra 200MB,Leste,0,0,1,0.6181,1,MÉDIO
161.03,18,1,5,422.1,4.9,10,0.1667,0.0526,70.35,161.03,4.9,2.5,Fibra 500MB,Norte,0,0,0,0.6161,1,MÉDIO
78.68,39,1,3,68.8,6.2,8,0.1,0.025,45.87,39.34,4.96,0.75,Fibra 100MB,Norte,0,1,0,0.6161,1,MÉDIO
91.21,24,1,2,193.9,5.7,6,0.0667,0.04,64.63,91.21,3.42,1.0,Fibra 200MB,Oeste,0,0,0,0.6147,1,MÉDIO
86.09,24,1,20,79.6,8.0,0,0.6667,0.04,53.07,86.09,0.0,1.0,Fibra 100MB,Oeste,0,0,1,0.613,1,MÉDIO
90.05,35,3,0,205.3,7.5,6,0.0,0.0833,68.43,90.05,4.5,1.0,Fibra 200MB,Centro,0,0,0,0.6125,1,MÉDIO
87.27,60,0,6,109.1,5.0,7,0.2,0.0,72.73,87.27,3.5,2.5,Fibra 100MB,Sul,0,0,1,0.6103,1,MÉDIO
69.38,55,0,25,145.7,5.8,6,0.8333,0.0,97.13,34.69,3.48,0.75,Fibra 100MB,Oeste,0,1,1,0.6093,1,MÉDIO
101.88,25,0,0,260.3,1.9,11,0.0,0.0,86.77,33.96,2.09,1.875,Fibra 200MB,Oeste,0,2,1,0.609,1,MÉDIO
396.62,47,1,5,834.9,5.1,7,0.1667,0.0208,92.77,198.31,3.57,0.75,Empresarial,Norte,0,1,0,0.6081,1,MÉDIO
173.88,26,3,4,465.1,5.2,12,0.1333,0.1111,77.52,173.88,6.24,1.0,Fibra 500MB,Sul,0,0,1,0.607,1,MÉDIO
158.81,26,3,1,202.1,5.7,12,0.0333,0.1111,33.68,158.81,6.84,1.0,Fibra 500MB,Oeste,0,0,1,0.6064,1,MÉDIO
113.45,54,2,4,150.0,6.6,8,0.1333,0.0364,50.0,113.45,5.28,1.0,Fibra 200MB,Oeste,0,0,0,0.6063,1,MÉDIO
110.33,7,1,4,155.0,3.8,9,0.1333,0.125,51.67,110.33,3.42,1.5,Fibra 200MB,Oeste,1,0,0,0.6059,1,MÉDIO
94.25,18,3,0,207.8,6.3,12,0.0,0.1579,69.27,94.25,7.56,1.0,Fibra 200MB,Oeste,0,0,0,0.6058,1,MÉDIO
71.79,17,2,27,109.0,7.8,2,0.9,0.1111,72.67,23.93,1.56,0.45,Fibra 100MB,Leste,1,2,1,0.6047,1,MÉDIO
83.18,57,2,28,106.8,5.8,12,0.9333,0.0345,71.2,83.18,6.96,0.6,Fibra 100MB,Leste,1,0,1,0.6035,1,MÉDIO
72.55,47,1,24,123.1,6.4,7,0.8,0.0208,82.07,72.55,4.48,1.0,Fibra 100MB,Sul,0,0,1,0.6031,1,MÉDIO
69.06,57,0,82,99.0,6.5,8,2.7333,0.0,66.0,23.02,5.2,1.35,Fibra 100MB,Oeste,1,2,0,0.603,0,MÉDIO
101.47,55,2,20,236.5,6.6,6,0.6667,0.0357,78.83,33.82,3.96,0.45,Fibra 200MB,Norte,1,2,0,0.6014,0,MÉDIO
128.5,29,2,50,456.7,5.2,15,1.6667,0.0667,76.12,42.83,7.8,2.25,Fibra 500MB,Oeste,0,2,0,0.6011,0,MÉDIO
112.26,17,3,3,129.3,5.9,14,0.1,0.1667,43.1,112.26,8.26,1.0,Fibra 200MB,Oeste,0,0,0,0.5997,0,MÉDIO
90.05,12,3,4,219.4,5.3,11,0.1333,0.2308,73.13,30.02,5.83,0.45,Fibra 200MB,Leste,1,2,0,0.5992,0,MÉDIO
85.91,11,2,68,96.7,4.5,17,2.2667,0.1667,64.47,28.64,7.65,3.375,Fibra 100MB,Sul,1,2,0,0.5986,0,MÉDIO
395.94,9,2,60,574.1,5.0,14,2.0,0.2,63.79,395.94,7.0,4.5,Empresarial,Sul,1,0,0,0.5974,0,MÉDIO
125.95,8,2,27,537.1,5.5,11,0.9,0.2222,89.52,62.98,6.05,0.75,Fibra 500MB,Centro,0,1,0,0.5968,0,MÉDIO
102.69,53,2,28,209.8,7.5,6,0.9333,0.037,69.93,102.69,4.5,1.0,Fibra 200MB,Sul,0,0,1,0.5939,0,MÉDIO
79.09,13,0,4,98.7,3.5,9,0.1333,0.0,65.8,26.36,3.15,1.125,Fibra 100MB,Norte,1,2,0,0.5931,0,MÉDIO
73.89,37,2,29,51.0,8.2,10,0.9667,0.0526,34.0,73.89,8.2,1.0,Fibra 100MB,Oeste,0,0,0,0.5913,0,MÉDIO
190.76,31,3,1,577.6,6.2,12,0.0333,0.0938,96.27,63.59,7.44,0.75,Fibra 500MB,Norte,0,2,0,0.5912,0,MÉDIO
91.06,5,3,3,268.6,7.8,11,0.1,0.5,89.53,45.53,8.58,0.75,Fibra 200MB,Norte,0,1,1,0.5903,0,MÉDIO
164.06,3,2,0,233.5,6.9,7,0.0,0.5,38.92,82.03,4.83,0.75,Fibra 500MB,Norte,0,1,1,0.5903,0,MÉDIO
84.77,30,2,45,116.6,6.4,10,1.5,0.0645,77.73,42.38,6.4,1.35,Fibra 100MB,Sul,1,1,0,0.589,0,MÉDIO
112.42,50,1,2,203.4,4.9,9,0.0667,0.0196,67.8,28.1,4.41,1.875,Fibra 200MB,Oeste,0,3,0,0.5885,0,MÉDIO
80.27,54,1,3,138.0,3.9,15,0.1,0.0182,92.0,80.27,5.85,2.5,Fibra 100MB,Norte,0,0,0,0.5883,0,MÉDIO
78.47,42,0,0,93.8,5.4,6,0.0,0.0,62.53,78.47,3.24,1.0,Fibra 100MB,Centro,0,0,0,0.5869,0,MÉDIO
113.0,3,3,17,200.0,9.2,7,0.5667,0.75,66.67,113.0,6.44,1.0,Fibra 200MB,Oeste,0,0,0,0.5861,0,MÉDIO
115.54,1,3,3,260.2,7.9,15,0.1,1.5,86.73,57.77,11.85,0.75,Fibra 200MB,Leste,0,1,0,0.5861,0,MÉDIO
73.25,23,2,1,130.0,6.9,7,0.0333,0.0833,86.67,36.62,4.83,0.75,Fibra 100MB,Centro,0,1,1,0.5848,0,MÉDIO
99.68,45,1,1,124.4,5.1,6,0.0333,0.0217,41.47,99.68,3.06,0.6,Fibra 200MB,Oeste,1,0,0,0.5843,0,MÉDIO
118.08,6,1,81,271.2,9.3,9,2.7,0.1429,90.4,118.08,8.37,3.0,Fibra 200MB,Leste,0,0,1,0.5821,0,MÉDIO
76.52,22,2,5,113.5,7.1,8,0.1667,0.087,75.67,25.51,5.68,0.75,Fibra 100MB,Oeste,0,2,0,0.5818,0,MÉDIO
105.89,35,2,39,224.3,6.3,13,1.3,0.0556,74.77,105.89,8.19,1.8,Fibra 200MB,Norte,1,0,0,0.5814,0,MÉDIO
177.11,45,0,17,503.8,3.8,7,0.5667,0.0,83.97,177.11,2.66,1.5,Fibra 500MB,Centro,1,0,0,0.5813,0,MÉDIO
128.75,13,2,0,512.3,6.6,7,0.0,0.1429,85.38,128.75,4.62,1.0,Fibra 500MB,Oeste,0,0,0,0.5813,0,MÉDIO
115.17,40,0,1,232.9,4.2,8,0.0333,0.0,77.63,115.17,3.36,2.5,Fibra 200MB,Sul,0,0,0,0.5808,0,MÉDIO
98.23,18,2,0,280.6,4.7,12,0.0,0.1053,93.53,49.12,5.64,1.875,Fibra 200MB,Centro,0,1,0,0.5807,0,MÉDIO
140.14,12,2,88,217.9,6.7,19,2.9333,0.1538,36.32,70.07,12.73,2.25,Fibra 500MB,Oeste,0,1,0,0.5803,0,MÉDIO
80.32,52,1,2,50.6,5.5,9,0.0667,0.0189,33.73,80.32,4.95,0.6,Fibra 100MB,Norte,1,0,0,0.5802,0,MÉDIO
83.66,35,1,5,123.0,5.4,9,0.1667,0.0278,82.0,41.83,4.86,0.75,Fibra 100MB,Centro,0,1,0,0.5798,0,MÉDIO
77.14,45,1,0,93.3,6.3,6,0.0,0.0217,62.2,77.14,3.78,1.0,Fibra 100MB,Sul,0,0,0,0.5791,0,MÉDIO
76.18,58,1,46,87.9,7.0,11,1.5333,0.0169,58.6,76.18,7.7,1.8,Fibra 100MB,Norte,1,0,0,0.577,0,MÉDIO
115.69,15,3,3,232.8,7.7,10,0.1,0.1875,77.6,115.69,7.7,1.0,Fibra 200MB,Oeste,0,0,1,0.5761,0,MÉDIO
128.29,10,2,50,411.6,8.7,11,1.6667,0.1818,68.6,128.29,9.57,3.0,Fibra 500MB,Leste,0,0,0,0.5761,0,MÉDIO
102.61,51,0,25,190.2,5.5,6,0.8333,0.0,63.4,102.61,3.3,0.6,Fibra 200MB,Norte,1,0,0,0.5751,0,MÉDIO
73.65,12,2,5,86.5,8.2,7,0.1667,0.1538,57.67,73.65,5.74,1.0,Fibra 100MB,Leste,0,0,1,0.5751,0,MÉDIO
82.19,18,1,0,110.7,6.2,10,0.0,0.0526,73.8,82.19,6.2,1.0,Fibra 100MB,Norte,0,0,1,0.5749,0,MÉDIO
77.96,34,3,2,94.6,8.4,6,0.0667,0.0857,63.07,25.99,5.04,0.75,Fibra 100MB,Centro,0,2,0,0.5749,0,MÉDIO
107.59,9,2,43,117.8,8.4,9,1.4333,0.2,39.27,107.59,7.56,3.0,Fibra 200MB,Sul,0,0,0,0.5748,0,MÉDIO
104.83,8,2,4,207.6,7.2,10,0.1333,0.2222,69.2,104.83,7.2,1.0,Fibra 200MB,Norte,0,0,0,0.5727,0,MÉDIO
79.86,48,1,0,52.9,5.9,7,0.0,0.0204,35.27,79.86,4.13,0.6,Fibra 100MB,Leste,1,0,0,0.5724,0,MÉDIO
416.08,7,1,4,511.0,5.8,8,0.1333,0.125,56.78,416.08,4.64,1.0,Empresarial,Norte,0,0,0,0.5723,0,MÉDIO
178.52,44,1,2,471.8,5.1,7,0.0667,0.0222,78.63,178.52,3.57,0.6,Fibra 500MB,Norte,1,0,0,0.5723,0,MÉDIO
99.54,18,3,4,109.6,6.0,15,0.1333,0.1579,36.53,33.18,9.0,0.75,Fibra 200MB,Leste,0,2,0,0.5714,0,MÉDIO
118.4,17,0,77,99.9,8.1,8,2.5667,0.0,33.3,118.4,6.48,3.0,Fibra 200MB,Oeste,0,0,0,0.5707,0,MÉDIO
160.43,49,2,11,214.0,6.9,7,0.3667,0.04,35.67,53.48,4.83,0.75,Fibra 500MB,Leste,0,2,0,0.5696,0,MÉDIO
74.08,27,1,0,50.6,5.4,13,0.0,0.0357,33.73,74.08,7.02,1.0,Fibra 100MB,Norte,0,0,0,0.5694,0,MÉDIO
427.12,8,3,28,425.5,6.5,8,0.9333,0.3333,47.28,213.56,5.2,0.45,Empresarial,Oeste,1,1,1,0.5685,0,MÉDIO
108.13,5,0,44,191.5,5.5,11,1.4667,0.0,63.83,54.06,6.05,2.25,Fibra 200MB,Leste,0,1,1,0.568,0,MÉDIO
98.77,51,1,5,138.0,6.1,8,0.1667,0.0192,46.0,98.77,4.88,1.0,Fibra 200MB,Oeste,0,0,0,0.5679,0,MÉDIO
176.85,54,3,0,390.6,8.2,9,0.0,0.0545,65.1,176.85,7.38,1.0,Fibra 500MB,Norte,0,0,1,0.5677,0,MÉDIO
149.08,52,0,4,480.7,4.2,9,0.1333,0.0,80.12,74.54,3.78,1.875,Fibra 500MB,Leste,0,1,0,0.5666,0,MÉDIO
163.07,8,4,2,540.5,8.1,9,0.0667,0.4444,90.08,163.07,7.29,0.6,Fibra 500MB,Leste,1,0,1,0.5662,0,MÉDIO
87.77,51,2,2,140.3,6.2,7,0.0667,0.0385,93.53,29.26,4.34,0.45,Fibra 100MB,Oeste,1,2,0,0.5657,0,MÉDIO
108.53,58,2,4,269.0,7.5,7,0.1333,0.0339,89.67,36.18,5.25,0.75,Fibra 200MB,Norte,0,2,1,0.5651,0,MÉDIO
424.0,15,3,13,797.0,7.3,15,0.4333,0.1875,88.56,424.0,10.95,1.0,Empresarial,Norte,0,0,0,0.5649,0,MÉDIO
105.55,50,2,3,104.3,8.1,7,0.1,0.0392,34.77,105.55,5.67,1.0,Fibra 200MB,Norte,0,0,0,0.5618,0,MÉDIO
85.3,46,2,16,121.0,8.9,8,0.5333,0.0426,80.67,85.3,7.12,1.0,Fibra 100MB,Norte,0,0,1,0.5587,0,MÉDIO
83.03,32,2,8,116.3,6.2,14,0.2667,0.0606,77.53,41.52,8.68,0.75,Fibra 100MB,Leste,0,1,0,0.558,0,MÉDIO
109.45,3,2,77,205.6,7.9,20,2.5667,0.5,68.53,54.72,15.8,2.25,Fibra 200MB,Centro,0,1,0,0.5577,0,MÉDIO
125.79,53,4,4,325.9,8.6,7,0.1333,0.0741,54.32,125.79,6.02,0.6,Fibra 500MB,Norte,1,0,1,0.5576,0,MÉDIO
101.76,43,2,38,268.2,9.3,11,1.2667,0.0455,89.4,101.76,10.23,3.0,Fibra 200MB,Norte,0,0,0,0.5572,0,MÉDIO
175.9,15,0,64,581.3,5.8,9,2.1333,0.0,96.88,175.9,5.22,1.8,Fibra 500MB,Leste,1,0,0,0.5571,0,MÉDIO
187.7,12,1,13,440.8,5.8,8,0.4333,0.0769,73.47,187.7,4.64,1.0,Fibra 500MB,Centro,0,0,0,0.555,0,MÉDIO
118.5,16,2,69,161.9,7.7,11,2.3,0.1176,53.97,118.5,8.47,1.8,Fibra 200MB,Sul,1,0,0,0.5532,0,MÉDIO
164.0,58,1,4,424.8,4.4,11,0.1333,0.0169,70.8,164.0,4.84,2.5,Fibra 500MB,Sul,0,0,0,0.5523,0,MÉDIO
85.31,14,1,26,91.6,7.1,8,0.8667,0.0667,61.07,85.31,5.68,1.0,Fibra 100MB,Sul,0,0,0,0.5522,0,MÉDIO
102.35,15,3,3,288.2,7.4,8,0.1,0.1875,96.07,34.12,5.92,0.75,Fibra 200MB,Sul,0,2,0,0.552,0,MÉDIO
111.46,48,1,1,290.1,5.3,8,0.0333,0.0204,96.7,111.46,4.24,0.6,Fibra 200MB,Norte,1,0,0,0.5516,0,MÉDIO
117.7,16,1,28,115.6,8.0,7,0.9333,0.0588,38.53,117.7,5.6,1.0,Fibra 200MB,Norte,0,0,1,0.5506,0,MÉDIO
130.65,57,1,26,369.3,5.4,10,0.8667,0.0172,61.55,130.65,5.4,1.0,Fibra 500MB,Sul,0,0,1,0.5506,0,MÉDIO
70.25,35,2,35,66.7,7.3,17,1.1667,0.0556,44.47,23.42,12.41,2.25,Fibra 100MB,Oeste,0,2,0,0.5501,0,MÉDIO
189.71,20,2,11,504.7,6.8,10,0.3667,0.0952,84.12,189.71,6.8,1.0,Fibra 500MB,Oeste,0,0,0,0.5495,0,MÉDIO
82.0,22,3,2,90.8,9.1,9,0.0667,0.1304,60.53,41.0,8.19,0.75,Fibra 100MB,Leste,0,1,0,0.5491,0,MÉDIO
71.45,48,2,26,89.0,7.8,14,0.8667,0.0408,59.33,71.45,10.92,1.0,Fibra 100MB,Oeste,0,0,0,0.5487,0,MÉDIO
74.01,1,1,5,97.9,7.8,7,0.1667,0.5,65.27,74.01,5.46,1.0,Fibra 100MB,Leste,0,0,0,0.5485,0,MÉDIO
95.0,12,0,15,283.1,3.4,9,0.5,0.0,94.37,47.5,3.06,1.125,Fibra 200MB,Oeste,1,1,1,0.5479,0,MÉDIO
70.96,54,0,51,52.4,6.7,13,1.7,0.0,34.93,17.74,8.71,2.25,Fibra 100MB,Leste,0,3,0,0.5472,0,MÉDIO
87.08,46,2,23,60.0,7.4,11,0.7667,0.0426,40.0,29.03,8.14,0.75,Fibra 100MB,Sul,0,2,0,0.5461,0,MÉDIO
105.22,11,2,2,142.9,7.3,10,0.0667,0.1667,47.63,52.61,7.3,0.75,Fibra 200MB,Norte,0,1,0,0.5456,0,MÉDIO
80.06,49,3,1,133.3,8.1,15,0.0333,0.06,88.87,80.06,12.15,1.0,Fibra 100MB,Leste,0,0,0,0.5451,0,MÉDIO
140.4,33,0,89,467.9,5.5,15,2.9667,0.0,77.98,140.4,8.25,3.0,Fibra 500MB,Sul,0,0,0,0.544,0,MÉDIO
108.84,27,1,52,232.0,8.5,4,1.7333,0.0357,77.33,54.42,3.4,2.25,Fibra 200MB,Centro,0,1,1,0.5439,0,MÉDIO
72.38,16,1,16,61.5,6.3,11,0.5333,0.0588,41.0,24.13,6.93,0.75,Fibra 100MB,Oeste,0,2,0,0.5437,0,MÉDIO
119.14,31,1,5,518.9,4.6,7,0.1667,0.0312,86.48,59.57,3.22,1.125,Fibra 500MB,Centro,1,1,0,0.5426,0,MÉDIO
480.84,16,0,66,353.5,4.9,12,2.2,0.0,39.28,480.84,5.88,4.5,Empresarial,Oeste,1,0,0,0.5425,0,MÉDIO
78.61,57,3,22,102.8,8.9,15,0.7333,0.0517,68.53,78.61,13.35,1.0,Fibra 100MB,Centro,0,0,0,0.5418,0,MÉDIO
82.54,41,1,2,80.9,5.2,13,0.0667,0.0238,53.93,82.54,6.76,1.0,Fibra 100MB,Oeste,0,0,0,0.5418,0,MÉDIO
79.28,12,1,8,54.0,6.3,7,0.2667,0.0769,36.0,79.28,4.41,0.6,Fibra 100MB,Oeste,1,0,0,0.5417,0,MÉDIO
90.83,60,3,4,286.5,6.9,12,0.1333,0.0492,95.5,90.83,8.28,0.6,Fibra 200MB,Norte,1,0,1,0.5415,0,MÉDIO
81.0,14,2,2,77.4,7.4,9,0.0667,0.1333,51.6,81.0,6.66,1.0,Fibra 100MB,Sul,0,0,0,0.5409,0,MÉDIO
99.83,7,2,9,193.7,8.3,2,0.3,0.25,64.57,99.83,1.66,1.0,Fibra 200MB,Sul,0,0,1,0.5382,0,MÉDIO
110.54,14,2,3,172.7,6.0,14,0.1,0.1333,57.57,110.54,8.4,1.0,Fibra 200MB,Leste,0,0,0,0.538,0,MÉDIO
111.84,3,3,2,152.1,8.9,6,0.0667,0.75,50.7,111.84,5.34,0.6,Fibra 200MB,Norte,1,0,0,0.5371,0,MÉDIO
86.71,33,1,1,116.4,6.6,8,0.0333,0.0294,77.6,86.71,5.28,1.0,Fibra 100MB,Centro,0,0,0,0.537,0,MÉDIO
118.01,1,1,30,156.8,5.9,15,1.0,0.5,52.27,59.0,8.85,0.75,Fibra 200MB,Norte,0,1,0,0.5367,0,MÉDIO
109.38,41,1,82,144.9,8.3,13,2.7333,0.0238,48.3,109.38,10.79,1.8,Fibra 200MB,Norte,1,0,0,0.5365,0,MÉDIO
172.02,26,1,86,532.8,8.0,16,2.8667,0.037,88.8,86.01,12.8,2.25,Fibra 500MB,Leste,0,1,0,0.536,0,MÉDIO
132.25,5,3,4,284.3,6.8,9,0.1333,0.5,47.38,132.25,6.12,0.6,Fibra 500MB,Centro,1,0,0,0.5346,0,MÉDIO
181.94,59,2,20,386.9,6.5,6,0.6667,0.0333,64.48,90.97,3.9,0.45,Fibra 500MB,Centro,1,1,0,0.5345,0,MÉDIO
118.29,40,3,14,113.3,7.2,14,0.4667,0.0732,37.77,118.29,10.08,0.6,Fibra 200MB,Norte,1,0,1,0.5343,0,MÉDIO
120.94,28,3,3,223.1,6.5,11,0.1,0.1034,37.18,60.47,7.15,0.75,Fibra 500MB,Sul,0,1,0,0.5336,0,MÉDIO
100.2,22,0,0,231.7,6.5,5,0.0,0.0,77.23,100.2,3.25,1.0,Fibra 200MB,Norte,0,0,1,0.5336,0,MÉDIO
148.52,7,2,16,295.7,4.5,14,0.5333,0.25,49.28,148.52,6.3,1.5,Fibra 500MB,Leste,1,0,1,0.5335,0,MÉDIO
100.89,56,0,0,284.1,3.5,11,0.0,0.0,94.7,100.89,3.85,2.5,Fibra 200MB,Sul,0,0,1,0.533,0,MÉDIO
478.44,16,1,17,524.7,7.4,5,0.5667,0.0588,58.3,478.44,3.7,1.0,Empresarial,Leste,0,0,1,0.5322,0,MÉDIO
86.8,17,0,12,71.4,4.9,12,0.4,0.0,47.6,86.8,5.88,2.5,Fibra 100MB,Centro,0,0,0,0.531,0,MÉDIO
91.64,39,0,26,105.4,6.0,10,0.8667,0.0,35.13,91.64,6.0,1.0,Fibra 200MB,Leste,0,0,0,0.5309,0,MÉDIO
129.77,11,0,0,327.0,4.6,8,0.0,0.0,54.5,32.44,3.68,1.875,Fibra 500MB,Leste,0,3,0,0.5305,0,MÉDIO
103.73,31,1,13,193.9,6.3,11,0.4333,0.0312,64.63,103.73,6.93,1.0,Fibra 200MB,Leste,0,0,1,0.5301,0,MÉDIO
95.3,35,1,84,112.1,7.6,12,2.8,0.0278,37.37,95.3,9.12,1.8,Fibra 200MB,Centro,1,0,0,0.5295,0,MÉDIO
75.69,53,2,4,92.5,7.7,9,0.1333,0.037,61.67,37.84,6.93,0.75,Fibra 100MB,Centro,0,1,0,0.5294,0,MÉDIO
85.09,29,0,67,134.0,7.1,10,2.2333,0.0,89.33,85.09,7.1,1.8,Fibra 100MB,Leste,1,0,1,0.5288,0,MÉDIO
111.6,12,1,4,127.0,6.0,10,0.1333,0.0769,42.33,111.6,6.0,1.0,Fibra 200MB,Oeste,0,0,0,0.5287,0,MÉDIO
91.45,16,2,20,138.9,7.3,6,0.6667,0.1176,46.3,45.72,4.38,0.45,Fibra 200MB,Oeste,1,1,0,0.5287,0,MÉDIO
519.67,20,5,3,405.8,5.4,22,0.1,0.2381,45.09,519.67,11.88,2.0,Empresarial,Sul,0,0,0,0.5278,0,MÉDIO
162.64,16,1,2,221.4,5.3,8,0.0667,0.0588,36.9,81.32,4.24,0.75,Fibra 500MB,Centro,0,1,0,0.5272,0,MÉDIO
181.02,5,1,28,539.9,4.9,15,0.9333,0.1667,89.98,181.02,7.35,2.5,Fibra 500MB,Oeste,0,0,0,0.5263,0,MÉDIO
111.15,56,5,27,239.7,10.0,15,0.9,0.0877,79.9,55.58,15.0,0.9,Fibra 200MB,Centro,1,1,1,0.5258,0,MÉDIO
103.88,15,0,5,142.7,3.8,8,0.1667,0.0,47.57,103.88,3.04,1.5,Fibra 200MB,Sul,1,0,1,0.5251,0,MÉDIO
163.8,43,1,22,419.0,4.6,14,0.7333,0.0227,69.83,163.8,6.44,2.5,Fibra 500MB,Centro,0,0,0,0.5251,0,MÉDIO
75.7,39,2,23,81.7,5.1,20,0.7667,0.05,54.47,75.7,10.2,1.0,Fibra 100MB,Leste,0,0,0,0.5245,0,MÉDIO
72.38,11,0,61,138.6,7.0,11,2.0333,0.0,92.4,24.13,7.7,2.25,Fibra 100MB,Centro,0,2,0,0.5243,0,MÉDIO
114.75,52,2,3,255.6,6.7,12,0.1,0.0377,85.2,114.75,8.04,1.0,Fibra 200MB,Oeste,0,0,0,0.524,0,MÉDIO
114.08,1,1,4,295.2,6.7,11,0.1333,0.5,98.4,114.08,7.37,1.0,Fibra 200MB,Norte,0,0,1,0.5237,0,MÉDIO
82.67,25,0,16,132.0,5.5,6,0.5333,0.0,88.0,82.67,3.3,0.6,Fibra 100MB,Centro,1,0,0,0.5235,0,MÉDIO
187.5,39,2,2,551.8,5.6,10,0.0667,0.05,91.97,93.75,5.6,0.45,Fibra 500MB,Norte,1,1,0,0.5235,0,MÉDIO
104.95,31,1,1,110.8,6.9,7,0.0333,0.0312,36.93,104.95,4.83,1.0,Fibra 200MB,Oeste,0,0,0,0.5233,0,MÉDIO
84.92,29,0,79,76.1,8.4,8,2.6333,0.0,50.73,84.92,6.72,1.8,Fibra 100MB,Leste,1,0,0,0.5232,0,MÉDIO
96.12,32,1,5,249.3,5.6,11,0.1667,0.0303,83.1,96.12,6.16,1.0,Fibra 200MB,Oeste,0,0,1,0.523,0,MÉDIO
107.98,32,2,24,204.0,6.8,11,0.8,0.0606,68.0,107.98,7.48,0.6,Fibra 200MB,Leste,1,0,0,0.5229,0,MÉDIO
141.4,5,1,1,447.5,5.6,8,0.0333,0.1667,74.58,141.4,4.48,1.0,Fibra 500MB,Sul,0,0,0,0.5212,0,MÉDIO
72.72,5,0,1,82.1,4.2,13,0.0333,0.0,54.73,72.72,5.46,2.5,Fibra 100MB,Oeste,0,0,0,0.5212,0,MÉDIO
105.41,16,3,4,233.3,9.5,6,0.1333,0.1765,77.77,105.41,5.7,1.0,Fibra 200MB,Leste,0,0,1,0.5211,0,MÉDIO
416.24,29,3,22,881.8,8.7,9,0.7333,0.1,97.98,416.24,7.83,1.0,Empresarial,Sul,0,0,0,0.5207,0,MÉDIO
87.73,52,2,2,102.4,8.2,8,0.0667,0.0377,68.27,87.73,6.56,1.0,Fibra 100MB,Centro,0,0,0,0.5206,0,MÉDIO
82.39,18,3,15,130.9,8.2,15,0.5,0.1579,87.27,82.39,12.3,1.0,Fibra 100MB,Sul,0,0,0,0.5205,0,MÉDIO
71.45,4,1,2,94.7,5.4,9,0.0667,0.2,63.13,71.45,4.86,0.6,Fibra 100MB,Centro,1,0,0,0.5193,0,MÉDIO
87.93,29,1,5,123.7,6.0,14,0.1667,0.0333,82.47,87.93,8.4,1.0,Fibra 100MB,Norte,0,0,0,0.5187,0,MÉDIO
98.6,45,2,26,165.4,7.9,6,0.8667,0.0435,55.13,98.6,4.74,0.6,Fibra 200MB,Oeste,1,0,0,0.5186,0,MÉDIO
86.04,53,0,10,62.0,6.1,9,0.3333,0.0,41.33,43.02,5.49,0.75,Fibra 100MB,Oeste,0,1,1,0.5186,0,MÉDIO
115.12,2,2,0,160.8,7.0,7,0.0,0.6667,53.6,115.12,4.9,0.6,Fibra 200MB,Centro,1,0,0,0.518,0,MÉDIO
82.33,8,1,3,145.0,6.9,9,0.1,0.1111,96.67,41.16,6.21,0.75,Fibra 100MB,Leste,0,1,0,0.5178,0,MÉDIO
457.51,5,1,4,870.5,6.5,7,0.1333,0.1667,96.72,457.51,4.55,1.0,Empresarial,Centro,0,0,0,0.5175,0,MÉDIO
171.72,46,1,66,394.1,6.4,18,2.2,0.0213,65.68,171.72,11.52,3.0,Fibra 500MB,Oeste,0,0,0,0.5173,0,MÉDIO
170.86,26,0,46,472.5,6.1,10,1.5333,0.0,78.75,170.86,6.1,3.0,Fibra 500MB,Sul,0,0,0,0.5165,0,MÉDIO
101.73,18,0,7,209.8,6.5,7,0.2333,0.0,69.93,101.73,4.55,1.0,Fibra 200MB,Norte,0,0,0,0.5163,0,MÉDIO
82.18,43,0,4,108.3,5.9,10,0.1333,0.0,72.2,82.18,5.9,1.0,Fibra 100MB,Leste,0,0,1,0.5158,0,MÉDIO
95.12,52,1,2,251.0,6.4,8,0.0667,0.0189,83.67,95.12,5.12,1.0,Fibra 200MB,Centro,0,0,1,0.5156,0,MÉDIO
85.28,27,1,41,127.0,6.2,17,1.3667,0.0357,84.67,85.28,10.54,3.0,Fibra 100MB,Centro,0,0,0,0.5155,0,MÉDIO
79.16,6,2,22,75.3,8.0,18,0.7333,0.2857,50.2,39.58,14.4,0.75,Fibra 100MB,Norte,0,1,0,0.5153,0,MÉDIO
76.83,29,2,2,57.3,6.8,13,0.0667,0.0667,38.2,76.83,8.84,1.0,Fibra 100MB,Sul,0,0,0,0.515,0,MÉDIO
88.7,52,4,4,84.7,8.9,17,0.1333,0.0755,56.47,88.7,15.13,0.6,Fibra 100MB,Leste,1,0,0,0.5146,0,MÉDIO
82.93,53,0,7,126.0,6.9,7,0.2333,0.0,84.0,82.93,4.83,1.0,Fibra 100MB,Leste,0,0,0,0.5146,0,MÉDIO
146.93,37,2,5,270.2,5.8,6,0.1667,0.0526,45.03,48.98,3.48,0.45,Fibra 500MB,Sul,1,2,0,0.5138,0,MÉDIO
88.24,47,0,5,137.5,6.2,10,0.1667,0.0,91.67,88.24,6.2,1.0,Fibra 100MB,Norte,0,0,0,0.5137,0,MÉDIO
110.59,47,0,36,241.7,6.0,11,1.2,0.0,80.57,55.3,6.6,2.25,Fibra 200MB,Oeste,0,1,1,0.5129,0,MÉDIO
144.04,59,2,12,217.6,5.7,10,0.4,0.0333,36.27,48.01,5.7,0.45,Fibra 500MB,Leste,1,2,0,0.5128,0,MÉDIO
167.1,3,1,1,204.3,5.3,7,0.0333,0.25,34.05,83.55,3.71,0.45,Fibra 500MB,Leste,1,1,0,0.5127,0,MÉDIO
90.24,21,2,1,253.0,5.1,16,0.0333,0.0909,84.33,90.24,8.16,1.0,Fibra 200MB,Leste,0,0,0,0.5125,0,MÉDIO
74.09,32,0,25,52.7,7.9,8,0.8333,0.0,35.13,74.09,6.32,1.0,Fibra 100MB,Norte,0,0,0,0.5122,0,MÉDIO
108.82,59,0,5,189.9,4.2,10,0.1667,0.0,63.3,36.27,4.2,1.875,Fibra 200MB,Sul,0,2,0,0.5119,0,MÉDIO
80.87,55,1,3,60.2,5.7,14,0.1,0.0179,40.13,80.87,7.98,1.0,Fibra 100MB,Oeste,0,0,0,0.5114,0,MÉDIO
174.32,50,1,4,590.8,3.2,13,0.1333,0.0196,98.47,58.11,4.16,1.875,Fibra 500MB,Sul,0,2,1,0.5106,0,MÉDIO
97.87,40,0,4,144.7,6.1,6,0.1333,0.0,48.23,48.94,3.66,0.75,Fibra 200MB,Oeste,0,1,1,0.51,0,MÉDIO
79.84,22,0,2,56.4,7.2,6,0.0667,0.0,37.6,39.92,4.32,0.75,Fibra 100MB,Norte,0,1,0,0.5099,0,MÉDIO
117.5,50,0,56,272.2,6.5,13,1.8667,0.0,90.73,117.5,8.45,3.0,Fibra 200MB,Centro,0,0,0,0.5093,0,MÉDIO
148.66,18,1,3,460.5,6.7,6,0.1,0.0526,76.75,49.55,4.02,0.75,Fibra 500MB,Leste,0,2,0,0.5087,0,MÉDIO
396.06,44,1,22,663.9,5.2,8,0.7333,0.0222,73.77,396.06,4.16,0.6,Empresarial,Sul,1,0,0,0.5085,0,MÉDIO
137.18,6,3,25,409.2,9.2,11,0.8333,0.4286,68.2,68.59,10.12,0.75,Fibra 500MB,Oeste,0,1,0,0.5078,0,MÉDIO
84.78,46,1,46,139.7,8.1,16,1.5333,0.0213,93.13,84.78,12.96,3.0,Fibra 100MB,Oeste,0,0,1,0.5078,0,MÉDIO
114.98,25,1,1,131.9,5.1,10,0.0333,0.0385,43.97,114.98,5.1,0.6,Fibra 200MB,Leste,1,0,0,0.5076,0,MÉDIO
159.2,9,1,55,543.4,5.2,13,1.8333,0.1,90.57,79.6,6.76,1.35,Fibra 500MB,Oeste,1,1,0,0.5072,0,MÉDIO
75.33,47,0,28,128.9,5.2,8,0.9333,0.0,85.93,18.83,4.16,0.45,Fibra 100MB,Centro,1,3,0,0.5067,0,MÉDIO
70.32,8,2,29,131.2,6.7,20,0.9667,0.2222,87.47,70.32,13.4,1.0,Fibra 100MB,Leste,0,0,0,0.5061,0,MÉDIO
88.33,46,0,0,125.2,6.2,9,0.0,0.0,83.47,88.33,5.58,1.0,Fibra 100MB,Leste,0,0,0,0.5054,0,MÉDIO
183.77,28,0,77,478.1,8.3,7,2.5667,0.0,79.68,183.77,5.81,3.0,Fibra 500MB,Sul,0,0,0,0.5051,0,MÉDIO
75.35,17,0,34,58.7,6.0,12,1.1333,0.0,39.13,75.35,7.2,1.8,Fibra 100MB,Norte,1,0,0,0.5046,0,MÉDIO
145.25,10,2,28,411.1,7.9,9,0.9333,0.1818,68.52,145.25,7.11,1.0,Fibra 500MB,Sul,0,0,1,0.5045,0,MÉDIO
69.59,21,3,0,60.3,7.0,21,0.0,0.1364,40.2,69.59,14.7,1.0,Fibra 100MB,Leste,0,0,1,0.5042,0,MÉDIO
109.93,45,2,78,143.6,6.9,17,2.6,0.0435,47.87,27.48,11.73,1.35,Fibra 200MB,Centro,1,3,1,0.5037,0,MÉDIO
94.17,37,0,3,279.8,6.0,6,0.1,0.0,93.27,47.08,3.6,0.75,Fibra 200MB,Oeste,0,1,0,0.5035,0,MÉDIO
70.49,31,1,0,52.7,8.4,7,0.0,0.0312,35.13,70.49,5.88,1.0,Fibra 100MB,Norte,0,0,0,0.5034,0,MÉDIO
122.62,57,1,4,527.1,5.5,13,0.1333,0.0172,87.85,122.62,7.15,1.0,Fibra 500MB,Norte,0,0,1,0.5033,0,MÉDIO
92.53,40,2,3,160.3,5.4,15,0.1,0.0488,53.43,92.53,8.1,1.0,Fibra 200MB,Centro,0,0,0,0.5032,0,MÉDIO
115.59,23,2,5,141.7,6.5,11,0.1667,0.0833,47.23,57.8,7.15,0.75,Fibra 200MB,Sul,0,1,0,0.5032,0,MÉDIO
81.63,44,2,8,95.4,6.1,12,0.2667,0.0444,63.6,27.21,7.32,0.45,Fibra 100MB,Oeste,1,2,0,0.5028,0,MÉDIO
194.21,29,1,29,365.0,5.5,14,0.9667,0.0333,60.83,194.21,7.7,1.0,Fibra 500MB,Oeste,0,0,1,0.5018,0,MÉDIO
149.69,5,1,0,216.2,6.4,9,0.0,0.1667,36.03,149.69,5.76,1.0,Fibra 500MB,Leste,0,0,0,0.5017,0,MÉDIO
87.34,48,0,2,82.0,6.0,7,0.0667,0.0,54.67,43.67,4.2,0.75,Fibra 100MB,Sul,0,1,0,0.5011,0,MÉDIO
99.38,37,1,2,284.6,8.0,5,0.0667,0.0263,94.87,99.38,4.0,1.0,Fibra 200MB,Norte,0,0,1,0.5,0,MÉDIO
179.15,5,1,0,524.2,5.1,10,0.0,0.1667,87.37,179.15,5.1,0.6,Fibra 500MB,Norte,1,0,0,0.4996,0,BAIXO
71.74,58,2,0,85.5,7.8,9,0.0,0.0339,57.0,35.87,7.02,0.75,Fibra 100MB,Sul,0,1,0,0.499,0,BAIXO
103.2,32,2,1,274.9,7.4,12,0.0333,0.0606,91.63,51.6,8.88,0.75,Fibra 200MB,Norte,0,1,1,0.4982,0,BAIXO
82.91,38,2,0,85.5,3.8,15,0.0,0.0513,57.0,27.64,5.7,1.125,Fibra 100MB,Centro,1,2,0,0.498,0,BAIXO
109.06,20,2,4,232.0,6.3,7,0.1333,0.0952,77.33,54.53,4.41,0.45,Fibra 200MB,Sul,1,1,0,0.4974,0,BAIXO
110.19,27,0,1,141.7,5.5,9,0.0333,0.0,47.23,110.19,4.95,1.0,Fibra 200MB,Oeste,0,0,0,0.4966,0,BAIXO
79.72,34,0,3,72.5,5.6,12,0.1,0.0,48.33,39.86,6.72,0.75,Fibra 100MB,Norte,0,1,0,0.4962,0,BAIXO
77.65,48,2,1,80.2,7.2,7,0.0333,0.0408,53.47,25.88,5.04,0.45,Fibra 100MB,Centro,1,2,0,0.496,0,BAIXO
175.43,2,1,27,423.7,7.7,10,0.9,0.3333,70.62,175.43,7.7,1.0,Fibra 500MB,Leste,0,0,0,0.4955,0,BAIXO
101.52,58,1,2,286.7,5.4,8,0.0667,0.0169,95.57,101.52,4.32,0.6,Fibra 200MB,Centro,1,0,0,0.4953,0,BAIXO
112.2,54,3,5,254.7,7.6,12,0.1667,0.0545,84.9,37.4,9.12,0.75,Fibra 200MB,Sul,0,2,0,0.4951,0,BAIXO
503.61,59,2,3,772.2,7.4,6,0.1,0.0333,85.8,167.87,4.44,0.75,Empresarial,Leste,0,2,0,0.4951,0,BAIXO
117.73,7,2,5,225.1,4.6,18,0.1667,0.25,75.03,58.86,8.28,1.875,Fibra 200MB,Leste,0,1,0,0.4946,0,BAIXO
116.66,8,1,20,260.0,6.1,13,0.6667,0.1111,86.67,58.33,7.93,0.75,Fibra 200MB,Leste,0,1,0,0.4936,0,BAIXO
71.09,8,0,2,143.7,6.5,6,0.0667,0.0,95.8,71.09,3.9,1.0,Fibra 100MB,Centro,0,0,0,0.4928,0,BAIXO
72.11,22,0,17,94.4,6.6,11,0.5667,0.0,62.93,36.06,7.26,0.75,Fibra 100MB,Norte,0,1,0,0.4922,0,BAIXO
139.06,1,1,5,232.4,6.9,11,0.1667,0.5,38.73,139.06,7.59,1.0,Fibra 500MB,Norte,0,0,0,0.4921,0,BAIXO
72.99,32,1,0,139.5,5.4,13,0.0,0.0303,93.0,72.99,7.02,1.0,Fibra 100MB,Centro,0,0,0,0.4919,0,BAIXO
92.77,37,1,20,280.4,7.1,8,0.6667,0.0263,93.47,92.77,5.68,1.0,Fibra 200MB,Sul,0,0,0,0.4916,0,BAIXO
187.33,10,0,9,585.2,4.9,12,0.3,0.0,97.53,187.33,5.88,2.5,Fibra 500MB,Leste,0,0,1,0.4911,0,BAIXO
81.89,46,2,7,75.9,7.8,11,0.2333,0.0426,50.6,40.94,8.58,0.75,Fibra 100MB,Sul,0,1,0,0.491,0,BAIXO
168.69,43,1,3,394.0,6.9,7,0.1,0.0227,65.67,84.34,4.83,0.75,Fibra 500MB,Leste,0,1,0,0.4908,0,BAIXO
134.82,11,2,0,334.7,7.0,9,0.0,0.1667,55.78,44.94,6.3,0.75,Fibra 500MB,Oeste,0,2,0,0.4908,0,BAIXO
98.18,20,2,0,110.0,6.2,13,0.0,0.0952,36.67,98.18,8.06,1.0,Fibra 200MB,Sul,0,0,0,0.4903,0,BAIXO
78.81,29,1,27,55.6,8.8,11,0.9,0.0333,37.07,78.81,9.68,1.0,Fibra 100MB,Leste,0,0,0,0.4899,0,BAIXO
77.28,43,0,24,96.2,6.9,7,0.8,0.0,64.13,38.64,4.83,0.75,Fibra 100MB,Sul,0,1,0,0.4898,0,BAIXO
112.02,15,0,12,216.2,5.1,6,0.4,0.0,72.07,112.02,3.06,0.6,Fibra 200MB,Sul,1,0,0,0.4892,0,BAIXO
127.14,43,1,28,521.7,7.0,7,0.9333,0.0227,86.95,127.14,4.9,0.6,Fibra 500MB,Leste,1,0,0,0.4887,0,BAIXO
86.09,31,1,1,149.5,5.0,11,0.0333,0.0312,99.67,86.09,5.5,1.5,Fibra 100MB,Centro,1,0,0,0.4883,0,BAIXO
70.36,47,2,5,134.0,6.5,11,0.1667,0.0417,89.33,70.36,7.15,0.6,Fibra 100MB,Centro,1,0,0,0.4882,0,BAIXO
161.32,5,0,5,320.7,6.3,6,0.1667,0.0,53.45,80.66,3.78,0.75,Fibra 500MB,Norte,0,1,0,0.4882,0,BAIXO
494.67,53,3,1,839.7,7.6,11,0.0333,0.0556,93.3,494.67,8.36,0.6,Empresarial,Leste,1,0,0,0.488,0,BAIXO
85.36,20,1,1,89.2,7.5,6,0.0333,0.0476,59.47,85.36,4.5,0.6,Fibra 100MB,Norte,1,0,1,0.4868,0,BAIXO
96.49,1,2,3,103.3,9.5,10,0.1,1.0,34.43,96.49,9.5,1.0,Fibra 200MB,Leste,0,0,1,0.4867,0,BAIXO
103.7,32,3,21,160.2,5.4,21,0.7,0.0909,53.4,51.85,11.34,0.75,Fibra 200MB,Oeste,0,1,0,0.4866,0,BAIXO
437.12,46,0,3,484.7,4.4,10,0.1,0.0,53.86,437.12,4.4,2.5,Empresarial,Sul,0,0,0,0.4862,0,BAIXO
87.9,44,3,27,61.2,7.1,23,0.9,0.0667,40.8,87.9,16.33,1.0,Fibra 100MB,Sul,0,0,0,0.4859,0,BAIXO
197.78,47,0,29,506.1,6.5,8,0.9667,0.0,84.35,197.78,5.2,1.0,Fibra 500MB,Centro,0,0,1,0.4856,0,BAIXO
77.26,56,1,3,94.1,7.6,7,0.1,0.0175,62.73,77.26,5.32,1.0,Fibra 100MB,Sul,0,0,0,0.4854,0,BAIXO
118.05,21,1,8,229.2,6.9,7,0.2667,0.0455,76.4,118.05,4.83,0.6,Fibra 200MB,Norte,1,0,0,0.4854,0,BAIXO
183.78,30,0,36,502.7,6.6,9,1.2,0.0,83.78,183.78,5.94,3.0,Fibra 500MB,Sul,0,0,1,0.4853,0,BAIXO
81.93,39,1,4,132.8,7.5,6,0.1333,0.025,88.53,81.93,4.5,0.6,Fibra 100MB,Norte,1,0,0,0.4852,0,BAIXO
176.21,46,2,27,321.6,7.3,9,0.9,0.0426,53.6,88.1,6.57,0.45,Fibra 500MB,Leste,1,1,0,0.4849,0,BAIXO
466.81,20,1,50,886.6,3.8,23,1.6667,0.0476,98.51,466.81,8.74,7.5,Empresarial,Leste,0,0,0,0.4849,0,BAIXO
116.56,35,2,1,265.5,5.2,18,0.0333,0.0556,88.5,116.56,9.36,1.0,Fibra 200MB,Norte,0,0,0,0.4846,0,BAIXO
97.84,10,0,5,158.1,6.9,6,0.1667,0.0,52.7,97.84,4.14,1.0,Fibra 200MB,Leste,0,0,0,0.4845,0,BAIXO
81.95,34,3,9,101.4,4.7,21,0.3,0.0857,67.6,40.98,9.87,1.875,Fibra 100MB,Sul,0,1,0,0.4844,0,BAIXO
69.89,33,3,5,83.2,7.4,17,0.1667,0.0882,55.47,34.94,12.58,0.45,Fibra 100MB,Norte,1,1,0,0.4843,0,BAIXO
77.92,55,1,0,80.0,6.9,11,0.0,0.0179,53.33,38.96,7.59,0.75,Fibra 100MB,Oeste,0,1,0,0.4843,0,BAIXO
142.75,58,1,30,584.3,5.7,11,1.0,0.0169,97.38,142.75,6.27,0.6,Fibra 500MB,Oeste,1,0,0,0.4843,0,BAIXO
82.21,41,2,15,142.3,6.7,19,0.5,0.0476,94.87,82.21,12.73,1.0,Fibra 100MB,Leste,0,0,1,0.4838,0,BAIXO
109.87,31,0,65,175.7,6.4,15,2.1667,0.0,58.57,36.62,9.6,2.25,Fibra 200MB,Oeste,0,2,1,0.4838,0,BAIXO
88.24,3,1,4,110.1,6.2,15,0.1333,0.25,73.4,88.24,9.3,1.0,Fibra 100MB,Leste,0,0,1,0.4835,0,BAIXO
488.77,26,1,53,639.2,7.7,13,1.7667,0.037,71.02,244.38,10.01,2.25,Empresarial,Norte,0,1,0,0.4826,0,BAIXO
473.16,4,2,29,759.5,7.3,7,0.9667,0.4,84.39,157.72,5.11,0.45,Empresarial,Leste,1,2,0,0.4824,0,BAIXO
117.42,42,0,9,274.1,5.6,7,0.3,0.0,91.37,58.71,3.92,0.45,Fibra 200MB,Norte,1,1,0,0.4824,0,BAIXO
80.36,29,2,2,82.7,8.1,17,0.0667,0.0667,55.13,80.36,13.77,1.0,Fibra 100MB,Norte,0,0,1,0.4819,0,BAIXO
115.72,47,2,24,110.7,7.4,13,0.8,0.0417,36.9,57.86,9.62,0.75,Fibra 200MB,Sul,0,1,1,0.4818,0,BAIXO
71.03,13,1,0,140.2,6.8,6,0.0,0.0714,93.47,71.03,4.08,0.6,Fibra 100MB,Oeste,1,0,1,0.4817,0,BAIXO
102.6,23,1,0,120.7,6.9,7,0.0,0.0417,40.23,51.3,4.83,0.75,Fibra 200MB,Centro,0,1,0,0.4813,0,BAIXO
98.0,49,2,0,229.7,6.5,10,0.0,0.04,76.57,49.0,6.5,0.45,Fibra 200MB,Leste,1,1,0,0.4808,0,BAIXO
80.65,49,1,29,147.2,5.3,17,0.9667,0.02,98.13,40.33,9.01,0.75,Fibra 100MB,Oeste,0,1,0,0.4804,0,BAIXO
100.5,6,0,2,215.5,5.7,7,0.0667,0.0,71.83,50.25,3.99,0.75,Fibra 200MB,Centro,0,1,0,0.48,0,BAIXO
86.76,3,1,5,126.2,5.2,15,0.1667,0.25,84.13,43.38,7.8,0.75,Fibra 100MB,Oeste,0,1,0,0.4799,0,BAIXO
70.24,12,2,5,93.3,7.4,12,0.1667,0.1538,62.2,23.41,8.88,0.75,Fibra 100MB,Sul,0,2,1,0.4798,0,BAIXO
153.85,47,1,5,409.9,6.6,6,0.1667,0.0208,68.32,76.92,3.96,0.75,Fibra 500MB,Sul,0,1,0,0.4797,0,BAIXO
78.78,19,1,0,116.7,6.6,10,0.0,0.05,77.8,78.78,6.6,1.0,Fibra 100MB,Sul,0,0,0,0.4794,0,BAIXO
74.46,49,0,1,83.7,7.6,6,0.0333,0.0,55.8,37.23,4.56,0.75,Fibra 100MB,Norte,0,1,0,0.4792,0,BAIXO
84.9,53,0,0,134.0,5.6,11,0.0,0.0,89.33,84.9,6.16,1.0,Fibra 100MB,Oeste,0,0,1,0.4789,0,BAIXO
98.12,10,2,3,223.3,6.2,9,0.1,0.1818,74.43,32.71,5.58,0.45,Fibra 200MB,Centro,1,2,0,0.4788,0,BAIXO
108.33,41,1,14,110.6,7.0,11,0.4667,0.0238,36.87,36.11,7.7,0.75,Fibra 200MB,Leste,0,2,0,0.4786,0,BAIXO
109.34,22,1,4,233.2,7.9,8,0.1333,0.0435,77.73,109.34,6.32,1.0,Fibra 200MB,Norte,0,0,1,0.4785,0,BAIXO
77.36,36,1,1,67.7,7.3,10,0.0333,0.027,45.13,77.36,7.3,1.0,Fibra 100MB,Centro,0,0,0,0.4783,0,BAIXO
171.3,1,2,2,537.1,6.2,14,0.0667,1.0,89.52,85.65,8.68,0.75,Fibra 500MB,Sul,0,1,0,0.4782,0,BAIXO
75.02,56,0,1,109.3,5.1,9,0.0333,0.0,72.87,75.02,4.59,0.6,Fibra 100MB,Oeste,1,0,1,0.4778,0,BAIXO
69.95,60,1,49,68.7,9.1,15,1.6333,0.0164,45.8,69.95,13.65,3.0,Fibra 100MB,Sul,0,0,0,0.4772,0,BAIXO
91.67,18,1,3,142.3,8.3,6,0.1,0.0526,47.43,91.67,4.98,1.0,Fibra 200MB,Norte,0,0,0,0.4771,0,BAIXO
164.47,34,0,3,437.4,6.9,6,0.1,0.0,72.9,164.47,4.14,1.0,Fibra 500MB,Norte,0,0,0,0.4771,0,BAIXO
69.04,54,2,0,131.2,5.7,12,0.0,0.0364,87.47,23.01,6.84,0.45,Fibra 100MB,Centro,1,2,0,0.4769,0,BAIXO
423.37,51,1,1,897.1,5.5,10,0.0333,0.0192,99.68,211.68,5.5,0.75,Empresarial,Oeste,0,1,0,0.4766,0,BAIXO
181.54,42,2,41,492.7,3.7,20,1.3667,0.0465,82.12,90.77,7.4,3.375,Fibra 500MB,Norte,1,1,0,0.4765,0,BAIXO
153.62,58,0,37,345.1,6.6,10,1.2333,0.0,57.52,76.81,6.6,2.25,Fibra 500MB,Oeste,0,1,0,0.4763,0,BAIXO
196.45,54,0,22,435.8,4.7,9,0.7333,0.0,72.63,98.22,4.23,1.125,Fibra 500MB,Oeste,1,1,0,0.4749,0,BAIXO
84.03,24,2,0,99.2,3.9,21,0.0,0.08,66.13,84.03,8.19,2.5,Fibra 100MB,Leste,0,0,0,0.4748,0,BAIXO
85.94,40,0,1,63.4,7.5,7,0.0333,0.0,42.27,85.94,5.25,1.0,Fibra 100MB,Leste,0,0,0,0.4747,0,BAIXO
77.88,39,3,3,96.4,5.8,17,0.1,0.075,64.27,25.96,9.86,0.45,Fibra 100MB,Oeste,1,2,0,0.4746,0,BAIXO
115.47,49,1,30,256.0,8.6,9,1.0,0.02,85.33,115.47,7.74,1.0,Fibra 200MB,Leste,0,0,0,0.4745,0,BAIXO
77.47,13,1,3,143.2,7.7,10,0.1,0.0714,95.47,77.47,7.7,1.0,Fibra 100MB,Leste,0,0,0,0.4743,0,BAIXO
69.12,3,0,0,92.7,6.3,6,0.0,0.0,61.8,23.04,3.78,0.75,Fibra 100MB,Sul,0,2,0,0.4741,0,BAIXO
174.67,33,1,8,339.4,5.3,8,0.2667,0.0294,56.57,58.22,4.24,0.45,Fibra 500MB,Oeste,1,2,0,0.474,0,BAIXO
139.1,33,1,48,341.7,8.6,10,1.6,0.0294,56.95,139.1,8.6,3.0,Fibra 500MB,Centro,0,0,1,0.4739,0,BAIXO
79.93,4,2,16,54.3,7.4,17,0.5333,0.4,36.2,19.98,12.58,0.75,Fibra 100MB,Centro,0,3,0,0.4738,0,BAIXO
114.2,52,0,5,166.6,6.7,6,0.1667,0.0,55.53,114.2,4.02,1.0,Fibra 200MB,Centro,0,0,0,0.4736,0,BAIXO
69.49,37,2,3,86.5,7.0,15,0.1,0.0526,57.67,34.74,10.5,0.75,Fibra 100MB,Centro,0,1,0,0.4732,0,BAIXO
113.61,32,1,30,270.3,8.0,7,1.0,0.0303,90.1,113.61,5.6,1.0,Fibra 200MB,Sul,0,0,0,0.4729,0,BAIXO
84.42,43,2,2,118.0,7.4,12,0.0667,0.0455,78.67,42.21,8.88,0.75,Fibra 100MB,Sul,0,1,0,0.4729,0,BAIXO
82.33,40,1,43,96.7,6.4,22,1.4333,0.0244,64.47,82.33,14.08,3.0,Fibra 100MB,Leste,0,0,0,0.4726,0,BAIXO
80.98,18,1,76,138.4,8.0,22,2.5333,0.0526,92.27,80.98,17.6,3.0,Fibra 100MB,Sul,0,0,1,0.4724,0,BAIXO
198.28,30,0,3,329.0,5.9,7,0.1,0.0,54.83,198.28,4.13,1.0,Fibra 500MB,Centro,0,0,1,0.472,0,BAIXO
154.25,17,0,17,283.1,4.8,10,0.5667,0.0,47.18,77.12,4.8,1.875,Fibra 500MB,Sul,0,1,0,0.4715,0,BAIXO
90.99,6,0,5,127.5,5.3,8,0.1667,0.0,42.5,90.99,4.24,0.6,Fibra 200MB,Leste,1,0,0,0.4711,0,BAIXO
76.07,4,1,23,86.1,9.5,9,0.7667,0.2,57.4,76.07,8.55,1.0,Fibra 100MB,Norte,0,0,1,0.4709,0,BAIXO
69.37,19,1,4,105.0,7.3,9,0.1333,0.05,70.0,34.68,6.57,0.75,Fibra 100MB,Centro,0,1,0,0.4707,0,BAIXO
79.2,7,1,31,83.3,6.9,16,1.0333,0.125,55.53,26.4,11.04,2.25,Fibra 100MB,Centro,0,2,0,0.4704,0,BAIXO
116.7,26,1,5,160.9,6.0,7,0.1667,0.037,53.63,58.35,4.2,0.45,Fibra 200MB,Centro,1,1,0,0.4698,0,BAIXO
501.57,6,2,2,682.7,5.7,16,0.0667,0.2857,75.86,501.57,9.12,1.0,Empresarial,Oeste,0,0,0,0.4698,0,BAIXO
116.6,6,2,28,177.4,7.6,8,0.9333,0.2857,59.13,58.3,6.08,0.45,Fibra 200MB,Sul,1,1,0,0.4696,0,BAIXO
86.21,37,1,0,105.1,6.6,7,0.0,0.0263,70.07,28.74,4.62,0.45,Fibra 100MB,Oeste,1,2,0,0.4694,0,BAIXO
92.16,25,1,81,137.6,10.0,21,2.7,0.0385,45.87,92.16,21.0,3.0,Fibra 200MB,Centro,0,0,0,0.4692,0,BAIXO
106.37,55,1,2,108.8,5.7,13,0.0667,0.0179,36.27,106.37,7.41,1.0,Fibra 200MB,Centro,0,0,0,0.468,0,BAIXO
86.55,4,0,22,49.7,7.0,9,0.7333,0.0,33.13,43.28,6.3,0.75,Fibra 100MB,Centro,0,1,0,0.468,0,BAIXO
122.93,20,0,23,392.0,5.9,12,0.7667,0.0,65.33,122.93,7.08,1.0,Fibra 500MB,Norte,0,0,0,0.4679,0,BAIXO
81.27,59,3,4,102.9,8.6,7,0.1333,0.05,68.6,40.64,6.02,0.45,Fibra 100MB,Sul,1,1,0,0.4678,0,BAIXO
85.8,49,2,14,59.7,9.2,10,0.4667,0.04,39.8,42.9,9.2,0.75,Fibra 100MB,Centro,0,1,1,0.4677,0,BAIXO
187.66,29,1,21,552.4,6.2,14,0.7,0.0333,92.07,93.83,8.68,0.75,Fibra 500MB,Norte,0,1,0,0.4675,0,BAIXO
98.78,9,2,5,153.4,7.2,12,0.1667,0.2,51.13,98.78,8.64,0.6,Fibra 200MB,Norte,1,0,0,0.4673,0,BAIXO
396.97,26,2,23,576.7,6.7,6,0.7667,0.0741,64.08,198.48,4.02,0.45,Empresarial,Sul,1,1,0,0.467,0,BAIXO
73.77,18,0,3,74.2,5.7,12,0.1,0.0,49.47,73.77,6.84,1.0,Fibra 100MB,Oeste,0,0,0,0.4669,0,BAIXO
105.43,45,1,12,291.3,7.9,6,0.4,0.0217,97.1,105.43,4.74,1.0,Fibra 200MB,Centro,0,0,0,0.4668,0,BAIXO
92.67,30,1,24,269.4,7.2,9,0.8,0.0323,89.8,23.17,6.48,0.75,Fibra 200MB,Centro,0,3,1,0.4665,0,BAIXO
98.89,19,2,2,222.8,6.2,11,0.0667,0.1,74.27,24.72,6.82,0.45,Fibra 200MB,Leste,1,3,0,0.4662,0,BAIXO
178.32,56,1,9,578.5,5.0,13,0.3,0.0175,96.42,59.44,6.5,1.875,Fibra 500MB,Centro,0,2,0,0.4661,0,BAIXO
83.3,17,1,4,126.5,7.1,9,0.1333,0.0556,84.33,83.3,6.39,0.6,Fibra 100MB,Norte,1,0,0,0.466,0,BAIXO
83.25,47,1,2,143.0,4.5,16,0.0667,0.0208,95.33,83.25,7.2,2.5,Fibra 100MB,Sul,0,0,1,0.4656,0,BAIXO
76.73,55,1,0,95.9,6.5,14,0.0,0.0179,63.93,38.36,9.1,0.75,Fibra 100MB,Leste,0,1,0,0.4656,0,BAIXO
117.63,44,1,24,239.6,7.1,12,0.8,0.0222,79.87,117.63,8.52,1.0,Fibra 200MB,Centro,0,0,1,0.4656,0,BAIXO
83.37,17,0,3,64.3,6.9,6,0.1,0.0,42.87,83.37,4.14,0.6,Fibra 100MB,Norte,1,0,0,0.4654,0,BAIXO
130.91,56,0,57,507.1,6.8,10,1.9,0.0,84.52,32.73,6.8,2.25,Fibra 500MB,Sul,0,3,0,0.4654,0,BAIXO
145.86,28,1,27,270.0,6.1,8,0.9,0.0345,45.0,145.86,4.88,0.6,Fibra 500MB,Sul,1,0,0,0.4651,0,BAIXO
85.21,42,0,1,140.0,6.2,11,0.0333,0.0,93.33,85.21,6.82,1.0,Fibra 100MB,Leste,0,0,0,0.4651,0,BAIXO
98.01,27,2,2,253.4,7.6,10,0.0667,0.0714,84.47,98.01,7.6,1.0,Fibra 200MB,Sul,0,0,0,0.4649,0,BAIXO
73.95,54,1,4,124.9,8.2,8,0.1333,0.0182,83.27,73.95,6.56,1.0,Fibra 100MB,Oeste,0,0,1,0.4648,0,BAIXO
130.41,39,1,5,419.0,5.9,7,0.1667,0.025,69.83,65.2,4.13,0.45,Fibra 500MB,Oeste,1,1,0,0.4643,0,BAIXO
135.41,4,1,89,539.0,9.1,7,2.9667,0.2,89.83,135.41,6.37,1.8,Fibra 500MB,Sul,1,0,0,0.4636,0,BAIXO
124.77,54,2,4,450.2,5.7,13,0.1333,0.0364,75.03,62.38,7.41,0.45,Fibra 500MB,Norte,1,1,0,0.4635,0,BAIXO
179.4,46,1,2,368.9,7.1,6,0.0667,0.0213,61.48,179.4,4.26,1.0,Fibra 500MB,Sul,0,0,0,0.4632,0,BAIXO
394.78,13,2,20,893.2,7.9,10,0.6667,0.1429,99.24,197.39,7.9,0.75,Empresarial,Oeste,0,1,0,0.4628,0,BAIXO
416.01,56,1,25,858.7,7.8,10,0.8333,0.0175,95.41,416.01,7.8,1.0,Empresarial,Oeste,0,0,0,0.4627,0,BAIXO
99.63,34,2,1,147.9,8.2,7,0.0333,0.0571,49.3,99.63,5.74,0.6,Fibra 200MB,Norte,1,0,1,0.4627,0,BAIXO
144.34,38,2,5,320.6,5.3,15,0.1667,0.0513,53.43,144.34,7.95,1.0,Fibra 500MB,Sul,0,0,0,0.4626,0,BAIXO
93.11,49,2,3,263.5,2.9,16,0.1,0.04,87.83,46.56,4.64,1.125,Fibra 200MB,Centro,1,1,0,0.4625,0,BAIXO
118.8,49,1,2,210.1,7.3,8,0.0667,0.02,70.03,59.4,5.84,0.75,Fibra 200MB,Oeste,0,1,0,0.4616,0,BAIXO
101.03,26,0,78,268.6,7.7,15,2.6,0.0,89.53,101.03,11.55,3.0,Fibra 200MB,Sul,0,0,0,0.461,0,BAIXO
73.89,24,3,1,140.7,10.0,9,0.0333,0.12,93.8,73.89,9.0,1.0,Fibra 100MB,Centro,0,0,1,0.4609,0,BAIXO
116.71,8,0,2,135.9,6.1,6,0.0667,0.0,45.3,58.36,3.66,0.75,Fibra 200MB,Sul,0,1,0,0.4608,0,BAIXO
177.9,32,3,5,564.4,8.1,13,0.1667,0.0909,94.07,177.9,10.53,0.6,Fibra 500MB,Norte,1,0,0,0.4606,0,BAIXO
98.47,23,3,1,207.7,5.6,15,0.0333,0.125,69.23,98.47,8.4,0.6,Fibra 200MB,Sul,1,0,0,0.4605,0,BAIXO
197.65,40,3,5,475.0,8.9,14,0.1667,0.0732,79.17,65.88,12.46,0.75,Fibra 500MB,Norte,0,2,0,0.4603,0,BAIXO
464.51,11,4,1,470.4,7.1,20,0.0333,0.3333,52.27,464.51,14.2,1.0,Empresarial,Sul,0,0,0,0.4603,0,BAIXO
174.83,3,2,21,419.1,7.4,16,0.7,0.5,69.85,174.83,11.84,1.0,Fibra 500MB,Centro,0,0,0,0.4597,0,BAIXO
173.05,53,3,29,326.8,7.2,20,0.9667,0.0556,54.47,173.05,14.4,1.0,Fibra 500MB,Sul,0,0,0,0.4594,0,BAIXO
73.68,54,1,25,93.4,6.9,12,0.8333,0.0182,62.27,73.68,8.28,0.6,Fibra 100MB,Oeste,1,0,1,0.4594,0,BAIXO
73.88,32,0,14,81.6,7.7,9,0.4667,0.0,54.4,73.88,6.93,1.0,Fibra 100MB,Leste,0,0,0,0.4594,0,BAIXO
87.48,7,1,1,83.5,8.4,11,0.0333,0.125,55.67,87.48,9.24,1.0,Fibra 100MB,Norte,0,0,0,0.4592,0,BAIXO
104.76,17,1,32,211.7,7.3,15,1.0667,0.0556,70.57,104.76,10.95,3.0,Fibra 200MB,Centro,0,0,0,0.459,0,BAIXO
166.44,7,2,4,198.9,9.6,2,0.1333,0.25,33.15,166.44,1.92,1.0,Fibra 500MB,Norte,0,0,1,0.4583,0,BAIXO
71.19,8,0,4,87.7,6.6,10,0.1333,0.0,58.47,35.6,6.6,0.75,Fibra 100MB,Leste,0,1,0,0.4582,0,BAIXO
505.09,56,1,4,650.6,5.6,12,0.1333,0.0175,72.29,252.54,6.72,0.75,Empresarial,Norte,0,1,0,0.4582,0,BAIXO
95.37,7,1,4,294.3,7.1,7,0.1333,0.125,98.1,95.37,4.97,0.6,Fibra 200MB,Norte,1,0,0,0.4577,0,BAIXO
131.11,31,2,17,220.6,5.1,18,0.5667,0.0625,36.77,65.56,9.18,0.75,Fibra 500MB,Leste,0,1,0,0.4571,0,BAIXO
161.04,19,1,69,536.6,8.0,19,2.3,0.05,89.43,161.04,15.2,3.0,Fibra 500MB,Centro,0,0,0,0.4568,0,BAIXO
79.27,9,1,2,75.2,6.6,7,0.0667,0.1,50.13,19.82,4.62,0.45,Fibra 100MB,Centro,1,3,1,0.4568,0,BAIXO
75.74,1,1,2,125.9,8.9,7,0.0667,0.5,83.93,25.25,6.23,0.75,Fibra 100MB,Norte,0,2,0,0.4567,0,BAIXO
88.15,55,0,4,83.9,6.9,6,0.1333,0.0,55.93,29.38,4.14,0.75,Fibra 100MB,Sul,0,2,0,0.4565,0,BAIXO
130.66,27,0,79,247.5,6.9,16,2.6333,0.0,41.25,65.33,11.04,2.25,Fibra 500MB,Oeste,0,1,0,0.4564,0,BAIXO
169.79,9,0,4,512.7,6.8,6,0.1333,0.0,85.45,84.9,4.08,0.75,Fibra 500MB,Norte,0,1,0,0.4558,0,BAIXO
72.23,44,2,5,56.8,6.0,22,0.1667,0.0444,37.87,72.23,13.2,1.0,Fibra 100MB,Norte,0,0,0,0.4552,0,BAIXO
116.91,9,1,30,105.2,8.4,11,1.0,0.1,35.07,116.91,9.24,1.0,Fibra 200MB,Oeste,0,0,0,0.4549,0,BAIXO
88.94,43,0,1,149.5,6.7,10,0.0333,0.0,99.67,88.94,6.7,1.0,Fibra 100MB,Leste,0,0,0,0.4549,0,BAIXO
69.4,21,0,0,53.6,6.2,7,0.0,0.0,35.73,69.4,4.34,0.6,Fibra 100MB,Oeste,1,0,0,0.4549,0,BAIXO
94.91,59,0,5,182.8,7.0,7,0.1667,0.0,60.93,47.46,4.9,0.75,Fibra 200MB,Leste,0,1,0,0.4543,0,BAIXO
117.25,11,1,23,131.4,6.8,12,0.7667,0.0833,43.8,117.25,8.16,0.6,Fibra 200MB,Norte,1,0,0,0.4541,0,BAIXO
80.75,43,1,4,82.9,7.8,8,0.1333,0.0227,55.27,80.75,6.24,0.6,Fibra 100MB,Norte,1,0,0,0.4541,0,BAIXO
79.23,54,1,3,52.1,5.1,16,0.1,0.0182,34.73,79.23,8.16,1.0,Fibra 100MB,Sul,0,0,0,0.4537,0,BAIXO
94.84,13,0,1,123.8,6.2,9,0.0333,0.0,41.27,94.84,5.58,1.0,Fibra 200MB,Oeste,0,0,0,0.4528,0,BAIXO
116.36,6,1,89,298.5,7.2,20,2.9667,0.1429,99.5,38.79,14.4,1.35,Fibra 200MB,Norte,1,2,0,0.4525,0,BAIXO
99.53,60,0,3,129.2,5.5,10,0.1,0.0,43.07,99.53,5.5,1.0,Fibra 200MB,Sul,0,0,0,0.4524,0,BAIXO
102.11,16,0,70,289.1,6.8,15,2.3333,0.0,96.37,34.04,10.2,2.25,Fibra 200MB,Centro,0,2,0,0.4522,0,BAIXO
81.47,42,3,4,90.8,6.7,22,0.1333,0.0698,60.53,27.16,14.74,0.75,Fibra 100MB,Oeste,0,2,0,0.4517,0,BAIXO
133.79,26,3,69,313.3,9.5,19,2.3,0.1111,52.22,66.9,18.05,1.35,Fibra 500MB,Centro,1,1,0,0.4515,0,BAIXO
83.53,34,0,3,56.5,7.4,7,0.1,0.0,37.67,41.76,5.18,0.75,Fibra 100MB,Oeste,0,1,1,0.4512,0,BAIXO
79.44,23,2,3,85.1,9.1,7,0.1,0.0833,56.73,26.48,6.37,0.75,Fibra 100MB,Centro,0,2,1,0.4506,0,BAIXO
70.24,43,1,3,128.7,6.4,11,0.1,0.0227,85.8,23.41,7.04,0.45,Fibra 100MB,Norte,1,2,0,0.4505,0,BAIXO
80.58,34,3,1,85.5,8.3,15,0.0333,0.0857,57.0,80.58,12.45,0.6,Fibra 100MB,Oeste,1,0,0,0.4501,0,BAIXO
81.27,7,1,1,67.4,6.7,12,0.0333,0.125,44.93,81.27,8.04,0.6,Fibra 100MB,Norte,1,0,0,0.4501,0,BAIXO
426.41,53,0,28,652.5,6.7,6,0.9333,0.0,72.5,426.41,4.02,0.6,Empresarial,Leste,1,0,0,0.4499,0,BAIXO
73.77,13,1,0,140.0,7.1,7,0.0,0.0714,93.33,36.88,4.97,0.45,Fibra 100MB,Leste,1,1,0,0.4498,0,BAIXO
88.82,54,3,1,71.0,8.2,22,0.0333,0.0545,47.33,44.41,18.04,0.75,Fibra 100MB,Oeste,0,1,0,0.4497,0,BAIXO
101.82,26,0,78,148.3,8.4,22,2.6,0.0,49.43,101.82,18.48,3.0,Fibra 200MB,Norte,0,0,0,0.4496,0,BAIXO
83.78,44,1,3,53.8,6.8,8,0.1,0.0222,35.87,83.78,5.44,0.6,Fibra 100MB,Sul,1,0,0,0.4494,0,BAIXO
82.56,46,1,0,148.4,6.8,6,0.0,0.0213,98.93,82.56,4.08,0.6,Fibra 100MB,Sul,1,0,0,0.4493,0,BAIXO
77.86,36,0,27,149.3,6.6,11,0.9,0.0,99.53,77.86,7.26,1.0,Fibra 100MB,Sul,0,0,0,0.4486,0,BAIXO
69.37,53,1,4,107.4,6.5,16,0.1333,0.0185,71.6,23.12,10.4,0.75,Fibra 100MB,Norte,0,2,0,0.4484,0,BAIXO
186.74,2,3,2,336.3,7.4,21,0.0667,1.0,56.05,186.74,15.54,1.0,Fibra 500MB,Centro,0,0,0,0.448,0,BAIXO
75.08,10,2,26,65.6,8.7,11,0.8667,0.1818,43.73,75.08,9.57,0.6,Fibra 100MB,Centro,1,0,1,0.4479,0,BAIXO
74.75,21,1,22,68.5,7.5,15,0.7333,0.0455,45.67,74.75,11.25,1.0,Fibra 100MB,Centro,0,0,0,0.4475,0,BAIXO
109.11,34,1,8,218.4,8.2,7,0.2667,0.0286,72.8,109.11,5.74,1.0,Fibra 200MB,Oeste,0,0,0,0.4473,0,BAIXO
499.09,39,1,5,866.4,6.7,7,0.1667,0.025,96.27,249.54,4.69,0.75,Empresarial,Centro,0,1,1,0.4471,0,BAIXO
180.54,11,1,1,276.8,6.7,8,0.0333,0.0833,46.13,60.18,5.36,0.75,Fibra 500MB,Oeste,0,2,0,0.4468,0,BAIXO
112.53,58,3,3,298.9,10.0,21,0.1,0.0508,99.63,112.53,21.0,1.0,Fibra 200MB,Norte,0,0,1,0.4464,0,BAIXO
79.44,27,0,24,66.5,8.0,9,0.8,0.0,44.33,26.48,7.2,0.75,Fibra 100MB,Leste,0,2,0,0.4458,0,BAIXO
85.4,23,2,17,76.6,7.7,18,0.5667,0.0833,51.07,42.7,13.86,0.75,Fibra 100MB,Centro,0,1,1,0.4458,0,BAIXO
148.57,33,0,5,205.5,5.9,8,0.1667,0.0,34.25,74.28,4.72,0.75,Fibra 500MB,Oeste,0,1,0,0.4454,0,BAIXO
397.92,53,1,18,795.3,7.3,9,0.6,0.0185,88.37,397.92,6.57,1.0,Empresarial,Sul,0,0,0,0.4454,0,BAIXO
152.89,39,1,5,503.1,5.4,11,0.1667,0.025,83.85,50.96,5.94,0.75,Fibra 500MB,Sul,0,2,0,0.4448,0,BAIXO
453.76,57,1,31,337.1,6.7,18,1.0333,0.0172,37.46,453.76,12.06,3.0,Empresarial,Norte,0,0,0,0.4443,0,BAIXO
165.26,18,1,54,380.5,7.3,15,1.8,0.0526,63.42,55.09,10.95,2.25,Fibra 500MB,Centro,0,2,0,0.4442,0,BAIXO
135.53,1,2,26,202.3,8.2,20,0.8667,1.0,33.72,67.76,16.4,0.75,Fibra 500MB,Leste,0,1,0,0.4441,0,BAIXO
96.49,15,0,3,194.5,5.2,10,0.1,0.0,64.83,32.16,5.2,0.75,Fibra 200MB,Centro,0,2,0,0.4439,0,BAIXO
178.61,42,2,2,320.1,6.9,12,0.0667,0.0465,53.35,178.61,8.28,0.6,Fibra 500MB,Norte,1,0,0,0.4435,0,BAIXO
401.35,15,1,5,480.0,7.4,10,0.1667,0.0625,53.33,401.35,7.4,1.0,Empresarial,Norte,0,0,0,0.4435,0,BAIXO
96.17,1,2,1,271.3,8.2,8,0.0333,1.0,90.43,96.17,6.56,0.6,Fibra 200MB,Centro,1,0,1,0.4432,0,BAIXO
87.72,5,0,5,71.7,7.0,7,0.1667,0.0,47.8,87.72,4.9,0.6,Fibra 100MB,Norte,1,0,0,0.4431,0,BAIXO
80.69,40,0,1,86.6,6.8,7,0.0333,0.0,57.73,40.34,4.76,0.75,Fibra 100MB,Sul,0,1,0,0.4431,0,BAIXO
508.47,20,2,23,453.0,7.4,19,0.7667,0.0952,50.33,508.47,14.06,1.0,Empresarial,Norte,0,0,0,0.4429,0,BAIXO
490.26,36,2,3,456.0,7.6,6,0.1,0.0541,50.67,163.42,4.56,0.75,Empresarial,Oeste,0,2,0,0.4425,0,BAIXO
79.59,12,0,17,70.6,8.0,9,0.5667,0.0,47.07,26.53,7.2,0.75,Fibra 100MB,Norte,0,2,0,0.4422,0,BAIXO
88.28,55,2,17,106.6,9.4,21,0.5667,0.0357,71.07,44.14,19.74,0.75,Fibra 100MB,Norte,0,1,0,0.4417,0,BAIXO
85.17,23,2,1,91.1,6.9,19,0.0333,0.0833,60.73,42.58,13.11,0.75,Fibra 100MB,Leste,0,1,0,0.4415,0,BAIXO
121.51,2,1,84,545.8,5.6,22,2.8,0.3333,90.97,30.38,12.32,2.25,Fibra 500MB,Centro,0,3,1,0.4414,0,BAIXO
111.04,11,1,0,127.3,7.6,8,0.0,0.0833,42.43,111.04,6.08,1.0,Fibra 200MB,Centro,0,0,0,0.4413,0,BAIXO
72.68,28,3,2,90.1,9.0,19,0.0667,0.1034,60.07,72.68,17.1,1.0,Fibra 100MB,Sul,0,0,0,0.4413,0,BAIXO
88.09,48,2,2,144.3,7.0,16,0.0667,0.0408,96.2,44.04,11.2,0.75,Fibra 100MB,Centro,0,1,0,0.4413,0,BAIXO
75.69,3,0,4,131.0,6.3,10,0.1333,0.0,87.33,75.69,6.3,1.0,Fibra 100MB,Centro,0,0,0,0.4412,0,BAIXO
73.44,33,1,3,60.9,8.1,10,0.1,0.0294,40.6,73.44,8.1,1.0,Fibra 100MB,Centro,0,0,0,0.4411,0,BAIXO
99.56,50,1,2,179.5,6.0,12,0.0667,0.0196,59.83,99.56,7.2,0.6,Fibra 200MB,Norte,1,0,1,0.4411,0,BAIXO
70.85,59,1,47,118.0,7.5,20,1.5667,0.0167,78.67,35.42,15.0,2.25,Fibra 100MB,Centro,0,1,0,0.4409,0,BAIXO
75.64,46,1,3,112.6,8.2,6,0.1,0.0213,75.07,75.64,4.92,0.6,Fibra 100MB,Norte,1,0,0,0.4407,0,BAIXO
72.64,54,1,4,65.5,8.0,11,0.1333,0.0182,43.67,72.64,8.8,1.0,Fibra 100MB,Centro,0,0,0,0.4407,0,BAIXO
88.39,54,1,22,86.0,8.6,10,0.7333,0.0182,57.33,88.39,8.6,1.0,Fibra 100MB,Sul,0,0,0,0.4407,0,BAIXO
77.51,14,1,2,57.9,7.4,14,0.0667,0.0667,38.6,38.76,10.36,0.75,Fibra 100MB,Leste,0,1,1,0.4395,0,BAIXO
96.75,30,2,0,198.0,9.2,9,0.0,0.0645,66.0,48.38,8.28,0.75,Fibra 200MB,Norte,0,1,0,0.4394,0,BAIXO
86.3,4,1,1,68.7,6.9,6,0.0333,0.2,45.8,21.58,4.14,0.45,Fibra 100MB,Sul,1,3,0,0.4393,0,BAIXO
92.6,19,1,4,205.4,6.1,15,0.1333,0.05,68.47,92.6,9.15,1.0,Fibra 200MB,Leste,0,0,0,0.4388,0,BAIXO
73.83,8,1,3,135.8,7.5,11,0.1,0.1111,90.53,73.83,8.25,1.0,Fibra 100MB,Centro,0,0,1,0.4387,0,BAIXO
157.45,29,2,2,515.5,8.1,10,0.0667,0.0667,85.92,157.45,8.1,1.0,Fibra 500MB,Centro,0,0,0,0.4381,0,BAIXO
79.78,14,1,22,49.5,8.2,16,0.7333,0.0667,33.0,39.89,13.12,0.75,Fibra 100MB,Leste,0,1,0,0.438,0,BAIXO
87.78,37,1,3,134.1,7.2,16,0.1,0.0263,89.4,87.78,11.52,1.0,Fibra 100MB,Norte,0,0,0,0.4379,0,BAIXO
76.71,12,1,0,82.2,5.2,12,0.0,0.0769,54.8,76.71,6.24,0.6,Fibra 100MB,Sul,1,0,0,0.4378,0,BAIXO
70.83,11,1,42,79.7,9.3,18,1.4,0.0833,53.13,35.42,16.74,2.25,Fibra 100MB,Oeste,0,1,0,0.437,0,BAIXO
136.47,18,3,0,358.3,9.5,18,0.0,0.1579,59.72,136.47,17.1,1.0,Fibra 500MB,Norte,0,0,1,0.4369,0,BAIXO
142.02,11,1,22,558.2,7.7,10,0.7333,0.0833,93.03,47.34,7.7,0.75,Fibra 500MB,Leste,0,2,0,0.4367,0,BAIXO
106.47,21,3,0,250.6,7.8,12,0.0,0.1364,83.53,106.47,9.36,0.6,Fibra 200MB,Centro,1,0,0,0.4363,0,BAIXO
393.4,57,1,27,313.0,7.6,7,0.9,0.0172,34.78,196.7,5.32,0.75,Empresarial,Oeste,0,1,1,0.4363,0,BAIXO
75.96,48,0,0,105.1,8.0,8,0.0,0.0,70.07,75.96,6.4,1.0,Fibra 100MB,Norte,0,0,0,0.4362,0,BAIXO
75.27,11,0,4,118.3,7.1,8,0.1333,0.0,78.87,37.64,5.68,0.75,Fibra 100MB,Oeste,0,1,0,0.4359,0,BAIXO
91.42,21,0,3,263.0,6.3,10,0.1,0.0,87.67,30.47,6.3,0.75,Fibra 200MB,Norte,0,2,0,0.4358,0,BAIXO
178.43,46,1,5,461.4,6.3,9,0.1667,0.0213,76.9,59.48,5.67,0.75,Fibra 500MB,Sul,0,2,0,0.4356,0,BAIXO
157.57,15,0,3,565.1,7.2,6,0.1,0.0,94.18,157.57,4.32,1.0,Fibra 500MB,Leste,0,0,0,0.4356,0,BAIXO
176.47,55,2,2,410.8,7.0,9,0.0667,0.0357,68.47,176.47,6.3,0.6,Fibra 500MB,Centro,1,0,0,0.4355,0,BAIXO
111.71,60,1,5,273.3,6.5,6,0.1667,0.0164,91.1,55.86,3.9,0.45,Fibra 200MB,Sul,1,1,0,0.4354,0,BAIXO
191.54,57,1,22,329.4,8.7,6,0.7333,0.0172,54.9,63.85,5.22,0.75,Fibra 500MB,Norte,0,2,0,0.4353,0,BAIXO
123.07,59,2,3,245.3,5.9,12,0.1,0.0333,40.88,123.07,7.08,0.6,Fibra 500MB,Centro,1,0,0,0.435,0,BAIXO
124.69,46,1,25,469.1,7.1,9,0.8333,0.0213,78.18,31.17,6.39,0.75,Fibra 500MB,Sul,0,3,1,0.4346,0,BAIXO
185.57,7,1,33,242.8,6.8,12,1.1,0.125,40.47,92.78,8.16,1.35,Fibra 500MB,Norte,1,1,0,0.4341,0,BAIXO
73.43,54,0,29,55.4,8.7,7,0.9667,0.0,36.93,36.72,6.09,0.75,Fibra 100MB,Oeste,0,1,1,0.434,0,BAIXO
150.65,8,1,19,238.2,7.7,9,0.6333,0.1111,39.7,150.65,6.93,1.0,Fibra 500MB,Centro,0,0,0,0.4337,0,BAIXO
110.98,34,0,67,101.5,9.1,15,2.2333,0.0,33.83,27.74,13.65,2.25,Fibra 200MB,Norte,0,3,0,0.4336,0,BAIXO
113.28,57,3,2,123.0,6.8,21,0.0667,0.0517,41.0,56.64,14.28,0.75,Fibra 200MB,Oeste,0,1,1,0.4335,0,BAIXO
88.32,21,0,4,149.9,6.3,8,0.1333,0.0,99.93,88.32,5.04,0.6,Fibra 100MB,Leste,1,0,0,0.4334,0,BAIXO
74.7,55,1,24,64.0,6.2,17,0.8,0.0179,42.67,37.35,10.54,0.75,Fibra 100MB,Sul,0,1,0,0.4333,0,BAIXO
80.1,27,0,1,81.7,7.0,6,0.0333,0.0,54.47,80.1,4.2,0.6,Fibra 100MB,Leste,1,0,1,0.4333,0,BAIXO
99.44,17,1,0,136.4,8.1,9,0.0,0.0556,45.47,49.72,7.29,0.75,Fibra 200MB,Norte,0,1,0,0.4332,0,BAIXO
115.69,47,2,8,109.8,8.3,8,0.2667,0.0417,36.6,115.69,6.64,0.6,Fibra 200MB,Oeste,1,0,0,0.4332,0,BAIXO
125.8,33,1,1,537.8,5.9,10,0.0333,0.0294,89.63,62.9,5.9,0.45,Fibra 500MB,Norte,1,1,0,0.4331,0,BAIXO
179.47,15,1,3,313.8,5.9,12,0.1,0.0625,52.3,89.74,7.08,0.75,Fibra 500MB,Oeste,0,1,0,0.433,0,BAIXO
190.8,10,0,48,517.8,7.5,8,1.6,0.0,86.3,190.8,6.0,1.8,Fibra 500MB,Leste,1,0,0,0.4329,0,BAIXO
141.34,59,0,1,533.9,6.2,6,0.0333,0.0,88.98,70.67,3.72,0.75,Fibra 500MB,Sul,0,1,0,0.4323,0,BAIXO
107.93,45,0,22,148.0,7.1,12,0.7333,0.0,49.33,107.93,8.52,1.0,Fibra 200MB,Leste,0,0,0,0.4317,0,BAIXO
174.06,28,1,4,320.9,7.4,8,0.1333,0.0345,53.48,58.02,5.92,0.75,Fibra 500MB,Leste,0,2,0,0.4315,0,BAIXO
81.52,23,0,0,71.9,3.9,13,0.0,0.0,47.93,81.52,5.07,1.5,Fibra 100MB,Centro,1,0,1,0.4314,0,BAIXO
91.24,32,1,0,229.2,5.6,11,0.0,0.0303,76.4,91.24,6.16,0.6,Fibra 200MB,Oeste,1,0,0,0.4313,0,BAIXO
428.98,4,0,13,357.8,5.7,12,0.4333,0.0,39.76,428.98,6.84,1.0,Empresarial,Norte,0,0,0,0.4311,0,BAIXO
158.7,56,0,2,215.7,6.4,6,0.0667,0.0,35.95,79.35,3.84,0.75,Fibra 500MB,Centro,0,1,0,0.4309,0,BAIXO
145.41,24,0,19,566.2,5.9,6,0.6333,0.0,94.37,145.41,3.54,0.6,Fibra 500MB,Sul,1,0,1,0.4305,0,BAIXO
106.87,28,0,71,214.8,8.1,10,2.3667,0.0,71.6,53.44,8.1,1.35,Fibra 200MB,Leste,1,1,0,0.4304,0,BAIXO
83.1,17,2,1,111.1,9.2,19,0.0333,0.1111,74.07,83.1,17.48,1.0,Fibra 100MB,Norte,0,0,1,0.4301,0,BAIXO
471.6,2,1,2,357.5,6.2,6,0.0667,0.3333,39.72,157.2,3.72,0.45,Empresarial,Norte,1,2,0,0.4298,0,BAIXO
81.05,27,2,0,120.9,6.8,15,0.0,0.0714,80.6,27.02,10.2,0.45,Fibra 100MB,Norte,1,2,0,0.4297,0,BAIXO
127.58,52,1,3,351.2,7.1,13,0.1,0.0189,58.53,127.58,9.23,1.0,Fibra 500MB,Norte,0,0,0,0.4297,0,BAIXO
198.42,27,1,3,449.6,6.3,13,0.1,0.0357,74.93,198.42,8.19,1.0,Fibra 500MB,Oeste,0,0,0,0.4294,0,BAIXO
69.92,55,0,10,84.1,5.8,13,0.3333,0.0,56.07,69.92,7.54,1.0,Fibra 100MB,Sul,0,0,0,0.4294,0,BAIXO
97.92,43,1,5,265.8,5.6,16,0.1667,0.0227,88.6,32.64,8.96,0.75,Fibra 200MB,Norte,0,2,0,0.4293,0,BAIXO
75.22,43,3,5,140.0,7.9,23,0.1667,0.0682,93.33,37.61,18.17,0.75,Fibra 100MB,Oeste,0,1,0,0.4292,0,BAIXO
118.18,1,1,2,100.9,7.0,8,0.0667,0.5,33.63,59.09,5.6,0.45,Fibra 200MB,Oeste,1,1,0,0.4292,0,BAIXO
69.69,46,0,32,129.6,8.1,7,1.0667,0.0,86.4,69.69,5.67,1.8,Fibra 100MB,Leste,1,0,0,0.429,0,BAIXO
77.68,50,2,5,99.9,6.2,20,0.1667,0.0392,66.6,38.84,12.4,0.75,Fibra 100MB,Oeste,0,1,1,0.4289,0,BAIXO
71.73,29,1,0,139.9,6.6,16,0.0,0.0333,93.27,35.86,10.56,0.75,Fibra 100MB,Norte,0,1,0,0.4287,0,BAIXO
123.57,37,1,5,258.8,5.6,12,0.1667,0.0263,43.13,41.19,6.72,0.75,Fibra 500MB,Centro,0,2,0,0.4285,0,BAIXO
99.41,54,0,26,102.6,7.4,11,0.8667,0.0,34.2,99.41,8.14,1.0,Fibra 200MB,Oeste,0,0,0,0.4285,0,BAIXO
86.98,1,2,5,148.3,6.5,22,0.1667,1.0,98.87,86.98,14.3,1.0,Fibra 100MB,Centro,0,0,0,0.4278,0,BAIXO
88.44,17,2,1,60.7,8.1,8,0.0333,0.1111,40.47,29.48,6.48,0.45,Fibra 100MB,Centro,1,2,0,0.4275,0,BAIXO
75.73,15,1,18,137.5,5.0,20,0.6,0.0625,91.67,75.73,10.0,2.5,Fibra 100MB,Oeste,0,0,0,0.4273,0,BAIXO
78.41,24,0,78,88.0,7.7,21,2.6,0.0,58.67,39.2,16.17,2.25,Fibra 100MB,Centro,0,1,0,0.4272,0,BAIXO
136.16,47,2,4,524.2,6.6,16,0.1333,0.0417,87.37,45.39,10.56,0.75,Fibra 500MB,Leste,0,2,0,0.4272,0,BAIXO
118.77,7,3,3,179.5,9.3,10,0.1,0.375,59.83,29.69,9.3,0.45,Fibra 200MB,Norte,1,3,0,0.4267,0,BAIXO
111.51,35,1,14,269.8,6.2,9,0.4667,0.0278,89.93,37.17,5.58,0.45,Fibra 200MB,Centro,1,2,1,0.4266,0,BAIXO
116.82,9,1,3,104.0,6.2,14,0.1,0.1,34.67,116.82,8.68,1.0,Fibra 200MB,Centro,0,0,0,0.4261,0,BAIXO
196.15,19,1,74,431.9,9.5,15,2.4667,0.05,71.98,196.15,14.25,1.8,Fibra 500MB,Norte,1,0,0,0.4261,0,BAIXO
144.61,11,1,1,469.4,6.0,14,0.0333,0.0833,78.23,72.31,8.4,0.75,Fibra 500MB,Norte,0,1,1,0.4257,0,BAIXO
91.27,54,2,0,215.6,7.6,7,0.0,0.0364,71.87,91.27,5.32,0.6,Fibra 200MB,Sul,1,0,0,0.4256,0,BAIXO
76.35,49,0,5,122.8,7.0,7,0.1667,0.0,81.87,38.17,4.9,0.45,Fibra 100MB,Norte,1,1,1,0.4252,0,BAIXO
122.81,47,1,29,328.7,5.2,17,0.9667,0.0208,54.78,122.81,8.84,1.0,Fibra 500MB,Centro,0,0,0,0.4249,0,BAIXO
155.92,1,1,5,351.5,7.8,6,0.1667,0.5,58.58,51.97,4.68,0.75,Fibra 500MB,Centro,0,2,0,0.424,0,BAIXO
97.79,35,3,3,279.8,10.0,14,0.1,0.0833,93.27,32.6,14.0,0.75,Fibra 200MB,Leste,0,2,1,0.4239,0,BAIXO
76.29,52,2,5,104.0,7.4,19,0.1667,0.0377,69.33,76.29,14.06,1.0,Fibra 100MB,Centro,0,0,0,0.4234,0,BAIXO
152.83,20,0,24,300.5,4.9,12,0.8,0.0,50.08,76.42,5.88,1.125,Fibra 500MB,Norte,1,1,0,0.423,0,BAIXO
150.03,1,1,2,498.4,8.4,7,0.0667,0.5,83.07,50.01,5.88,0.75,Fibra 500MB,Norte,0,2,0,0.423,0,BAIXO
188.67,23,1,0,423.7,8.1,6,0.0,0.0417,70.62,188.67,4.86,1.0,Fibra 500MB,Oeste,0,0,0,0.4228,0,BAIXO
111.52,29,0,3,132.5,7.5,7,0.1,0.0,44.17,37.17,5.25,0.75,Fibra 200MB,Norte,0,2,0,0.4226,0,BAIXO
76.02,3,0,17,60.9,8.6,8,0.5667,0.0,40.6,76.02,6.88,1.0,Fibra 100MB,Leste,0,0,0,0.4225,0,BAIXO
70.74,41,0,2,126.7,6.0,10,0.0667,0.0,84.47,35.37,6.0,0.45,Fibra 100MB,Norte,1,1,0,0.4225,0,BAIXO
180.25,52,0,0,383.3,7.0,9,0.0,0.0,63.88,180.25,6.3,1.0,Fibra 500MB,Norte,0,0,1,0.4218,0,BAIXO
111.55,50,2,42,131.6,9.1,19,1.4,0.0392,43.87,111.55,17.29,1.8,Fibra 200MB,Leste,1,0,0,0.4217,0,BAIXO
77.05,41,1,2,105.9,7.0,10,0.0667,0.0238,70.6,25.68,7.0,0.45,Fibra 100MB,Leste,1,2,0,0.4213,0,BAIXO
106.81,4,2,4,201.0,6.4,13,0.1333,0.4,67.0,106.81,8.32,0.6,Fibra 200MB,Sul,1,0,0,0.421,0,BAIXO
110.27,40,1,4,192.5,8.2,8,0.1333,0.0244,64.17,36.76,6.56,0.75,Fibra 200MB,Leste,0,2,1,0.4208,0,BAIXO
84.51,50,3,12,114.5,8.2,22,0.4,0.0588,76.33,42.26,18.04,0.45,Fibra 100MB,Norte,1,1,0,0.4207,0,BAIXO
111.36,19,2,30,113.1,7.1,20,1.0,0.1,37.7,111.36,14.2,1.0,Fibra 200MB,Sul,0,0,0,0.4204,0,BAIXO
152.42,23,3,21,371.8,8.0,15,0.7,0.125,61.97,152.42,12.0,0.6,Fibra 500MB,Centro,1,0,0,0.4202,0,BAIXO
186.34,7,1,55,444.4,6.3,21,1.8333,0.125,74.07,186.34,13.23,3.0,Fibra 500MB,Centro,0,0,0,0.4199,0,BAIXO
157.84,44,0,4,277.1,6.9,7,0.1333,0.0,46.18,78.92,4.83,0.75,Fibra 500MB,Leste,0,1,0,0.4197,0,BAIXO
438.89,16,0,1,866.0,6.9,6,0.0333,0.0,96.22,438.89,4.14,1.0,Empresarial,Centro,0,0,0,0.4195,0,BAIXO
80.73,10,0,46,90.2,7.4,19,1.5333,0.0,60.13,80.73,14.06,3.0,Fibra 100MB,Oeste,0,0,0,0.4194,0,BAIXO
97.96,18,1,3,176.0,6.6,12,0.1,0.0526,58.67,97.96,7.92,1.0,Fibra 200MB,Sul,0,0,0,0.4192,0,BAIXO
166.21,12,1,4,595.0,4.1,14,0.1333,0.0769,99.17,83.1,5.74,1.125,Fibra 500MB,Leste,1,1,0,0.4192,0,BAIXO
456.98,2,1,0,342.8,6.9,7,0.0,0.3333,38.09,456.98,4.83,0.6,Empresarial,Leste,1,0,0,0.4192,0,BAIXO
82.24,25,0,3,141.7,5.5,11,0.1,0.0,94.47,82.24,6.05,0.6,Fibra 100MB,Leste,1,0,0,0.4191,0,BAIXO
82.97,47,0,3,65.6,7.9,10,0.1,0.0,43.73,82.97,7.9,1.0,Fibra 100MB,Leste,0,0,0,0.419,0,BAIXO
94.49,21,2,3,147.2,8.1,7,0.1,0.0909,49.07,94.49,5.67,0.6,Fibra 200MB,Centro,1,0,0,0.4189,0,BAIXO
129.43,30,1,1,568.3,7.0,9,0.0333,0.0323,94.72,129.43,6.3,1.0,Fibra 500MB,Sul,0,0,1,0.4188,0,BAIXO
116.28,7,3,1,217.3,7.6,14,0.0333,0.375,72.43,58.14,10.64,0.45,Fibra 200MB,Centro,1,1,0,0.4188,0,BAIXO
104.72,60,2,8,225.2,9.6,13,0.2667,0.0328,75.07,52.36,12.48,0.75,Fibra 200MB,Norte,0,1,0,0.4186,0,BAIXO
97.38,46,0,4,159.2,6.4,9,0.1333,0.0,53.07,48.69,5.76,0.75,Fibra 200MB,Centro,0,1,0,0.4183,0,BAIXO
515.09,29,3,5,646.9,8.4,12,0.1667,0.1,71.88,515.09,10.08,0.6,Empresarial,Oeste,1,0,0,0.4183,0,BAIXO
192.24,47,1,4,549.3,6.5,8,0.1333,0.0208,91.55,192.24,5.2,0.6,Fibra 500MB,Centro,1,0,0,0.4175,0,BAIXO
109.44,12,1,47,238.8,7.7,20,1.5667,0.0769,79.6,109.44,15.4,3.0,Fibra 200MB,Centro,0,0,0,0.417,0,BAIXO
102.26,14,1,0,270.1,7.0,10,0.0,0.0667,90.03,51.13,7.0,0.75,Fibra 200MB,Centro,0,1,1,0.4169,0,BAIXO
136.27,8,3,0,289.7,9.4,14,0.0,0.3333,48.28,136.27,13.16,1.0,Fibra 500MB,Centro,0,0,0,0.4167,0,BAIXO
96.89,5,1,4,248.2,6.9,7,0.1333,0.1667,82.73,32.3,4.83,0.45,Fibra 200MB,Oeste,1,2,1,0.4165,0,BAIXO
79.02,1,2,1,149.6,9.6,15,0.0333,1.0,99.73,79.02,14.4,1.0,Fibra 100MB,Sul,0,0,0,0.4164,0,BAIXO
132.49,46,2,14,399.1,8.4,7,0.4667,0.0426,66.52,132.49,5.88,0.6,Fibra 500MB,Oeste,1,0,0,0.4161,0,BAIXO
86.45,47,0,81,146.3,8.3,23,2.7,0.0,97.53,43.22,19.09,2.25,Fibra 100MB,Oeste,0,1,0,0.4159,0,BAIXO
74.92,4,1,3,75.8,4.7,15,0.1,0.2,50.53,74.92,7.05,1.5,Fibra 100MB,Sul,1,0,0,0.4157,0,BAIXO
136.29,50,0,80,434.2,7.4,15,2.6667,0.0,72.37,68.14,11.1,1.35,Fibra 500MB,Norte,1,1,0,0.4156,0,BAIXO
167.34,47,1,4,274.9,7.3,8,0.1333,0.0208,45.82,83.67,5.84,0.75,Fibra 500MB,Centro,0,1,0,0.4155,0,BAIXO
138.31,43,0,80,431.7,7.8,10,2.6667,0.0,71.95,138.31,7.8,1.8,Fibra 500MB,Sul,1,0,0,0.415,0,BAIXO
131.26,55,2,63,322.4,9.3,21,2.1,0.0357,53.73,65.63,19.53,1.35,Fibra 500MB,Norte,1,1,0,0.415,0,BAIXO
72.33,24,0,18,87.6,6.9,13,0.6,0.0,58.4,36.16,8.97,0.75,Fibra 100MB,Oeste,0,1,0,0.4146,0,BAIXO
148.12,31,1,38,431.3,9.4,10,1.2667,0.0312,71.88,74.06,9.4,2.25,Fibra 500MB,Leste,0,1,0,0.4146,0,BAIXO
496.08,19,1,4,686.4,8.6,6,0.1333,0.05,76.27,496.08,5.16,1.0,Empresarial,Leste,0,0,0,0.4143,0,BAIXO
195.23,38,0,5,331.3,3.8,15,0.1667,0.0,55.22,195.23,5.7,2.5,Fibra 500MB,Centro,0,0,0,0.4142,0,BAIXO
70.0,46,2,4,119.2,8.7,7,0.1333,0.0426,79.47,23.33,6.09,0.45,Fibra 100MB,Oeste,1,2,0,0.4129,0,BAIXO
107.94,34,1,5,244.7,7.3,6,0.1667,0.0286,81.57,107.94,4.38,0.6,Fibra 200MB,Centro,1,0,0,0.4128,0,BAIXO
438.89,15,1,3,599.9,6.0,12,0.1,0.0625,66.66,438.89,7.2,1.0,Empresarial,Sul,0,0,0,0.4127,0,BAIXO
184.9,38,2,3,233.8,7.6,12,0.1,0.0513,38.97,184.9,9.12,0.6,Fibra 500MB,Norte,1,0,0,0.4124,0,BAIXO
114.43,3,2,2,171.8,8.9,16,0.0667,0.5,57.27,57.22,14.24,0.75,Fibra 200MB,Leste,0,1,0,0.4124,0,BAIXO
94.41,26,1,3,284.5,7.5,7,0.1,0.037,94.83,31.47,5.25,0.75,Fibra 200MB,Sul,0,2,0,0.4123,0,BAIXO
93.27,13,2,0,283.1,5.2,17,0.0,0.1429,94.37,46.64,8.84,0.75,Fibra 200MB,Sul,0,1,0,0.4121,0,BAIXO
157.04,26,0,23,491.5,5.2,13,0.7667,0.0,81.92,157.04,6.76,1.0,Fibra 500MB,Sul,0,0,0,0.412,0,BAIXO
106.13,55,0,21,193.2,6.8,15,0.7,0.0,64.4,106.13,10.2,1.0,Fibra 200MB,Norte,0,0,0,0.4118,0,BAIXO
158.35,13,1,1,419.6,6.2,10,0.0333,0.0714,69.93,79.18,6.2,0.45,Fibra 500MB,Norte,1,1,0,0.4117,0,BAIXO
172.38,49,1,4,212.7,6.7,12,0.1333,0.02,35.45,172.38,8.04,1.0,Fibra 500MB,Centro,0,0,0,0.4116,0,BAIXO
106.29,15,0,4,124.6,5.1,12,0.1333,0.0,41.53,106.29,6.12,0.6,Fibra 200MB,Norte,1,0,0,0.4116,0,BAIXO
176.0,41,1,2,211.1,7.4,6,0.0667,0.0238,35.18,88.0,4.44,0.75,Fibra 500MB,Sul,0,1,0,0.4114,0,BAIXO
414.99,44,0,27,376.2,6.7,12,0.9,0.0,41.8,414.99,8.04,1.0,Empresarial,Leste,0,0,0,0.4113,0,BAIXO
402.33,50,1,29,614.5,7.7,10,0.9667,0.0196,68.28,201.16,7.7,0.75,Empresarial,Oeste,0,1,0,0.4113,0,BAIXO
108.34,55,3,3,125.6,7.6,21,0.1,0.0536,41.87,108.34,15.96,1.0,Fibra 200MB,Sul,0,0,0,0.4112,0,BAIXO
151.26,3,3,4,360.5,7.4,24,0.1333,0.75,60.08,151.26,17.76,1.0,Fibra 500MB,Oeste,0,0,1,0.411,0,BAIXO
81.67,60,0,54,148.6,7.9,11,1.8,0.0,99.07,81.67,8.69,1.8,Fibra 100MB,Centro,1,0,0,0.4109,0,BAIXO
106.54,18,1,4,264.9,6.8,9,0.1333,0.0526,88.3,53.27,6.12,0.45,Fibra 200MB,Leste,1,1,0,0.4106,0,BAIXO
97.85,20,1,3,124.0,6.5,13,0.1,0.0476,41.33,48.92,8.45,0.75,Fibra 200MB,Centro,0,1,1,0.4103,0,BAIXO
81.89,50,0,81,50.7,8.4,23,2.7,0.0,33.8,81.89,19.32,1.8,Fibra 100MB,Norte,1,0,0,0.4102,0,BAIXO
75.72,57,0,34,146.1,7.1,8,1.1333,0.0,97.4,37.86,5.68,1.35,Fibra 100MB,Sul,1,1,0,0.4102,0,BAIXO
89.63,25,0,2,103.8,5.7,9,0.0667,0.0,34.6,44.82,5.13,0.45,Fibra 200MB,Leste,1,1,1,0.4098,0,BAIXO
480.58,59,1,2,302.8,7.5,12,0.0667,0.0167,33.64,480.58,9.0,1.0,Empresarial,Norte,0,0,1,0.4097,0,BAIXO
71.61,9,0,2,62.0,7.9,7,0.0667,0.0,41.33,35.8,5.53,0.75,Fibra 100MB,Oeste,0,1,0,0.4091,0,BAIXO
93.12,13,2,3,109.8,7.5,17,0.1,0.1429,36.6,93.12,12.75,1.0,Fibra 200MB,Centro,0,0,1,0.409,0,BAIXO
72.31,60,1,3,59.6,8.5,16,0.1,0.0164,39.73,36.16,13.6,0.75,Fibra 100MB,Norte,0,1,0,0.4081,0,BAIXO
176.79,7,1,1,334.9,4.5,12,0.0333,0.125,55.82,88.4,5.4,1.125,Fibra 500MB,Centro,1,1,0,0.4079,0,BAIXO
117.14,42,0,0,121.5,7.5,6,0.0,0.0,40.5,117.14,4.5,1.0,Fibra 200MB,Centro,0,0,0,0.4078,0,BAIXO
78.0,23,2,4,84.7,7.5,11,0.1333,0.0833,56.47,26.0,8.25,0.45,Fibra 100MB,Sul,1,2,0,0.4074,0,BAIXO
473.26,27,0,4,299.9,4.0,16,0.1333,0.0,33.32,473.26,6.4,2.5,Empresarial,Norte,0,0,0,0.4071,0,BAIXO
107.13,9,0,53,152.3,7.9,19,1.7667,0.0,50.77,107.13,15.01,3.0,Fibra 200MB,Leste,0,0,0,0.4069,0,BAIXO
456.18,36,1,28,852.4,8.0,9,0.9333,0.027,94.71,456.18,7.2,0.6,Empresarial,Leste,1,0,0,0.4068,0,BAIXO
83.44,25,0,0,86.6,8.0,8,0.0,0.0,57.73,20.86,6.4,0.75,Fibra 100MB,Norte,0,3,0,0.4067,0,BAIXO
76.79,49,1,2,83.5,7.9,15,0.0667,0.02,55.67,76.79,11.85,1.0,Fibra 100MB,Oeste,0,0,0,0.4064,0,BAIXO
154.47,1,1,29,436.9,7.6,17,0.9667,0.5,72.82,154.47,12.92,1.0,Fibra 500MB,Oeste,0,0,0,0.4064,0,BAIXO
123.94,5,0,4,384.5,5.7,9,0.1333,0.0,64.08,41.31,5.13,0.75,Fibra 500MB,Centro,0,2,0,0.406,0,BAIXO
93.29,40,2,0,108.0,8.1,8,0.0,0.0488,36.0,93.29,6.48,0.6,Fibra 200MB,Centro,1,0,0,0.4059,0,BAIXO
78.01,10,0,26,125.6,6.2,13,0.8667,0.0,83.73,39.01,8.06,0.45,Fibra 100MB,Norte,1,1,0,0.4059,0,BAIXO
93.28,21,0,1,189.7,6.5,8,0.0333,0.0,63.23,93.28,5.2,0.6,Fibra 200MB,Norte,1,0,0,0.4058,0,BAIXO
131.38,25,1,36,464.9,8.9,12,1.2,0.0385,77.48,32.84,10.68,2.25,Fibra 500MB,Leste,0,3,0,0.4057,0,BAIXO
117.23,39,0,5,104.4,5.7,8,0.1667,0.0,34.8,117.23,4.56,0.6,Fibra 200MB,Sul,1,0,0,0.4054,0,BAIXO
73.66,28,0,3,62.7,7.3,7,0.1,0.0,41.8,24.55,5.11,0.45,Fibra 100MB,Norte,1,2,0,0.4054,0,BAIXO
76.58,17,1,3,130.7,7.0,16,0.1,0.0556,87.13,76.58,11.2,1.0,Fibra 100MB,Oeste,0,0,0,0.4053,0,BAIXO
90.22,31,0,1,253.3,6.9,8,0.0333,0.0,84.43,90.22,5.52,1.0,Fibra 200MB,Centro,0,0,0,0.4053,0,BAIXO
84.93,24,0,3,137.8,6.5,8,0.1,0.0,91.87,84.93,5.2,0.6,Fibra 100MB,Oeste,1,0,1,0.405,0,BAIXO
76.04,24,1,2,86.8,6.9,18,0.0667,0.04,57.87,76.04,12.42,1.0,Fibra 100MB,Leste,0,0,0,0.4049,0,BAIXO
76.24,48,1,5,81.1,7.5,14,0.1667,0.0204,54.07,76.24,10.5,1.0,Fibra 100MB,Sul,0,0,0,0.4049,0,BAIXO
97.09,8,1,4,194.5,8.9,10,0.1333,0.1111,64.83,97.09,8.9,1.0,Fibra 200MB,Norte,0,0,1,0.4048,0,BAIXO
95.21,26,1,5,112.9,5.7,14,0.1667,0.037,37.63,47.6,7.98,0.45,Fibra 200MB,Norte,1,1,0,0.4046,0,BAIXO
106.57,9,2,2,172.0,6.5,17,0.0667,0.2,57.33,35.52,11.05,0.75,Fibra 200MB,Centro,0,2,0,0.4044,0,BAIXO
104.92,36,4,3,180.9,8.1,23,0.1,0.1081,60.3,104.92,18.63,0.6,Fibra 200MB,Oeste,1,0,0,0.4042,0,BAIXO
174.49,27,2,4,342.5,6.2,17,0.1333,0.0714,57.08,87.24,10.54,0.75,Fibra 500MB,Oeste,0,1,0,0.4041,0,BAIXO
171.09,1,1,4,312.8,5.9,14,0.1333,0.5,52.13,171.09,8.26,0.6,Fibra 500MB,Norte,1,0,0,0.404,0,BAIXO
110.98,59,0,3,290.2,7.1,8,0.1,0.0,96.73,110.98,5.68,1.0,Fibra 200MB,Centro,0,0,0,0.4039,0,BAIXO
92.64,26,2,0,134.7,9.3,6,0.0,0.0741,44.9,92.64,5.58,1.0,Fibra 200MB,Sul,0,0,1,0.4036,0,BAIXO
146.36,32,0,83,217.1,7.2,18,2.7667,0.0,36.18,146.36,12.96,1.8,Fibra 500MB,Norte,1,0,0,0.4032,0,BAIXO
69.07,42,0,2,132.4,6.8,11,0.0667,0.0,88.27,69.07,7.48,1.0,Fibra 100MB,Centro,0,0,0,0.4032,0,BAIXO
94.68,41,1,29,254.2,6.6,16,0.9667,0.0238,84.73,94.68,10.56,0.6,Fibra 200MB,Norte,1,0,1,0.4029,0,BAIXO
114.01,5,2,9,102.5,8.7,10,0.3,0.3333,34.17,57.0,8.7,0.45,Fibra 200MB,Leste,1,1,0,0.4028,0,BAIXO
69.9,3,1,27,65.2,7.2,16,0.9,0.25,43.47,69.9,11.52,0.6,Fibra 100MB,Oeste,1,0,0,0.4026,0,BAIXO
97.49,51,1,76,197.5,10.0,15,2.5333,0.0192,65.83,48.74,15.0,1.35,Fibra 200MB,Leste,1,1,0,0.4025,0,BAIXO
486.54,38,1,9,602.9,6.4,9,0.3,0.0256,66.99,243.27,5.76,0.45,Empresarial,Norte,1,1,0,0.4023,0,BAIXO
111.28,11,0,29,220.8,6.7,14,0.9667,0.0,73.6,111.28,9.38,1.0,Fibra 200MB,Oeste,0,0,0,0.4021,0,BAIXO
91.6,43,2,26,214.2,6.5,23,0.8667,0.0455,71.4,22.9,14.95,0.75,Fibra 200MB,Norte,0,3,0,0.4018,0,BAIXO
457.73,49,2,5,752.0,8.6,6,0.1667,0.04,83.56,228.86,5.16,0.75,Empresarial,Centro,0,1,0,0.4016,0,BAIXO
105.8,7,1,86,215.8,8.1,18,2.8667,0.125,71.93,26.45,14.58,1.35,Fibra 200MB,Centro,1,3,0,0.4015,0,BAIXO
197.46,10,0,26,259.9,6.9,7,0.8667,0.0,43.32,98.73,4.83,0.45,Fibra 500MB,Norte,1,1,0,0.4013,0,BAIXO
86.88,40,1,4,107.8,5.6,18,0.1333,0.0244,71.87,43.44,10.08,0.75,Fibra 100MB,Oeste,0,1,0,0.4012,0,BAIXO
138.38,40,0,21,560.9,6.3,15,0.7,0.0,93.48,138.38,9.45,1.0,Fibra 500MB,Norte,0,0,0,0.401,0,BAIXO
190.0,35,1,3,421.8,6.9,11,0.1,0.0278,70.3,190.0,7.59,1.0,Fibra 500MB,Sul,0,0,0,0.4009,0,BAIXO
71.62,11,1,1,110.0,8.2,10,0.0333,0.0833,73.33,35.81,8.2,0.75,Fibra 100MB,Centro,0,1,0,0.4007,0,BAIXO
70.79,50,1,0,60.9,8.8,10,0.0,0.0196,40.6,70.79,8.8,1.0,Fibra 100MB,Centro,0,0,0,0.4007,0,BAIXO
437.73,38,2,2,553.3,7.1,10,0.0667,0.0513,61.48,437.73,7.1,0.6,Empresarial,Centro,1,0,0,0.4006,0,BAIXO
82.78,22,0,3,89.3,5.3,15,0.1,0.0,59.53,41.39,7.95,0.75,Fibra 100MB,Oeste,0,1,1,0.4004,0,BAIXO
82.59,56,1,2,86.6,7.8,16,0.0667,0.0175,57.73,41.3,12.48,0.75,Fibra 100MB,Leste,0,1,0,0.4003,0,BAIXO
421.42,49,0,5,671.8,5.8,8,0.1667,0.0,74.64,421.42,4.64,0.6,Empresarial,Oeste,1,0,0,0.3996,0,BAIXO
183.21,60,2,20,303.2,7.8,19,0.6667,0.0328,50.53,91.6,14.82,0.75,Fibra 500MB,Leste,0,1,0,0.3994,0,BAIXO
193.63,53,1,2,492.9,5.2,14,0.0667,0.0185,82.15,64.54,7.28,0.75,Fibra 500MB,Centro,0,2,0,0.3992,0,BAIXO
96.02,21,1,5,116.8,8.5,9,0.1667,0.0455,38.93,32.01,7.65,0.75,Fibra 200MB,Leste,0,2,0,0.3991,0,BAIXO
147.68,56,0,51,262.3,7.2,15,1.7,0.0,43.72,147.68,10.8,3.0,Fibra 500MB,Sul,0,0,0,0.3984,0,BAIXO
186.46,13,1,18,289.4,5.2,17,0.6,0.0714,48.23,186.46,8.84,1.0,Fibra 500MB,Centro,0,0,1,0.3982,0,BAIXO
105.57,23,0,5,299.3,6.5,8,0.1667,0.0,99.77,52.78,5.2,0.75,Fibra 200MB,Sul,0,1,0,0.3981,0,BAIXO
83.83,19,0,3,54.8,7.0,10,0.1,0.0,36.53,20.96,7.0,0.75,Fibra 100MB,Centro,0,3,0,0.3977,0,BAIXO
94.08,44,0,19,146.8,8.8,8,0.6333,0.0,48.93,94.08,7.04,1.0,Fibra 200MB,Norte,0,0,1,0.3976,0,BAIXO
76.41,38,0,25,52.3,5.6,17,0.8333,0.0,34.87,38.2,9.52,0.75,Fibra 100MB,Centro,0,1,0,0.3973,0,BAIXO
81.1,45,0,1,112.1,6.8,8,0.0333,0.0,74.73,40.55,5.44,0.45,Fibra 100MB,Leste,1,1,0,0.397,0,BAIXO
114.46,52,1,18,149.8,5.8,19,0.6,0.0189,49.93,114.46,11.02,1.0,Fibra 200MB,Oeste,0,0,0,0.3969,0,BAIXO
97.7,8,2,3,156.0,7.5,18,0.1,0.2222,52.0,48.85,13.5,0.75,Fibra 200MB,Oeste,0,1,0,0.3965,0,BAIXO
86.15,46,0,24,96.6,7.9,11,0.8,0.0,64.4,43.08,8.69,0.75,Fibra 100MB,Centro,0,1,0,0.3963,0,BAIXO
76.8,49,1,27,61.2,8.9,6,0.9,0.02,40.8,38.4,5.34,0.45,Fibra 100MB,Centro,1,1,0,0.3963,0,BAIXO
78.98,1,1,0,113.6,7.1,15,0.0,0.5,75.73,78.98,10.65,0.6,Fibra 100MB,Norte,1,0,0,0.3963,0,BAIXO
113.77,3,2,26,200.6,7.9,21,0.8667,0.5,66.87,113.77,16.59,0.6,Fibra 200MB,Norte,1,0,0,0.3961,0,BAIXO
165.12,14,0,52,273.4,6.1,15,1.7333,0.0,45.57,82.56,9.15,2.25,Fibra 500MB,Sul,0,1,0,0.3959,0,BAIXO
71.51,21,1,1,94.1,7.2,18,0.0333,0.0455,62.73,35.76,12.96,0.75,Fibra 100MB,Norte,0,1,0,0.3959,0,BAIXO
172.04,48,1,2,303.6,7.7,8,0.0667,0.0204,50.6,172.04,6.16,1.0,Fibra 500MB,Sul,0,0,0,0.3958,0,BAIXO
85.5,24,2,5,120.6,6.9,22,0.1667,0.08,80.4,85.5,15.18,1.0,Fibra 100MB,Oeste,0,0,0,0.3957,0,BAIXO
107.24,31,0,0,124.1,6.3,10,0.0,0.0,41.37,53.62,6.3,0.75,Fibra 200MB,Centro,0,1,1,0.3956,0,BAIXO
106.41,19,0,3,263.0,6.0,6,0.1,0.0,87.67,35.47,3.6,0.45,Fibra 200MB,Centro,1,2,0,0.3953,0,BAIXO
164.47,13,1,39,320.3,9.0,8,1.3,0.0714,53.38,82.24,7.2,2.25,Fibra 500MB,Sul,0,1,0,0.3952,0,BAIXO
92.14,27,1,5,188.4,7.9,11,0.1667,0.0357,62.8,46.07,8.69,0.75,Fibra 200MB,Oeste,0,1,1,0.3952,0,BAIXO
87.72,15,2,10,119.3,9.1,6,0.3333,0.125,79.53,43.86,5.46,0.45,Fibra 100MB,Centro,1,1,1,0.3945,0,BAIXO
151.69,17,1,30,245.3,6.3,20,1.0,0.0556,40.88,151.69,12.6,1.0,Fibra 500MB,Norte,0,0,0,0.3944,0,BAIXO
141.04,17,1,5,347.5,8.9,8,0.1667,0.0556,57.92,141.04,7.12,1.0,Fibra 500MB,Norte,0,0,1,0.3943,0,BAIXO
90.71,11,0,23,210.2,6.6,8,0.7667,0.0,70.07,90.71,5.28,0.6,Fibra 200MB,Centro,1,0,1,0.3941,0,BAIXO
169.97,59,1,1,594.4,6.4,17,0.0333,0.0167,99.07,169.97,10.88,1.0,Fibra 500MB,Norte,0,0,0,0.394,0,BAIXO
193.58,4,2,4,238.8,9.8,16,0.1333,0.4,39.8,193.58,15.68,1.0,Fibra 500MB,Norte,0,0,0,0.3939,0,BAIXO
147.29,60,2,5,253.8,7.4,9,0.1667,0.0328,42.3,73.64,6.66,0.45,Fibra 500MB,Centro,1,1,1,0.3938,0,BAIXO
80.4,8,1,2,132.6,9.6,10,0.0667,0.1111,88.4,80.4,9.6,1.0,Fibra 100MB,Norte,0,0,0,0.3937,0,BAIXO
108.68,58,1,3,223.8,6.9,8,0.1,0.0169,74.6,54.34,5.52,0.45,Fibra 200MB,Centro,1,1,0,0.3937,0,BAIXO
133.74,10,0,4,224.0,5.8,8,0.1333,0.0,37.33,33.44,4.64,0.75,Fibra 500MB,Sul,0,3,0,0.3935,0,BAIXO
72.54,42,1,1,145.3,3.1,19,0.0333,0.0233,96.87,72.54,5.89,1.5,Fibra 100MB,Norte,1,0,0,0.3934,0,BAIXO
105.44,2,0,1,267.7,7.5,7,0.0333,0.0,89.23,105.44,5.25,1.0,Fibra 200MB,Oeste,0,0,1,0.393,0,BAIXO
74.57,50,0,31,141.0,9.2,15,1.0333,0.0,94.0,74.57,13.8,3.0,Fibra 100MB,Leste,0,0,0,0.3929,0,BAIXO
507.37,14,1,5,537.3,6.4,7,0.1667,0.0667,59.7,126.84,4.48,0.75,Empresarial,Sul,0,3,0,0.3927,0,BAIXO
174.88,8,1,25,428.8,8.8,10,0.8333,0.1111,71.47,87.44,8.8,0.75,Fibra 500MB,Leste,0,1,0,0.3927,0,BAIXO
70.15,1,1,0,124.2,8.0,8,0.0,0.5,82.8,35.08,6.4,0.45,Fibra 100MB,Oeste,1,1,1,0.3926,0,BAIXO
465.93,27,3,1,641.1,7.1,21,0.0333,0.1071,71.23,465.93,14.91,1.0,Empresarial,Centro,0,0,1,0.3923,0,BAIXO
82.95,28,0,3,121.4,6.8,13,0.1,0.0,80.93,82.95,8.84,1.0,Fibra 100MB,Oeste,0,0,0,0.3921,0,BAIXO
79.29,49,0,8,71.9,5.4,18,0.2667,0.0,47.93,39.65,9.72,0.75,Fibra 100MB,Norte,0,1,0,0.3919,0,BAIXO
89.54,26,2,4,111.1,6.0,20,0.1333,0.0741,37.03,44.77,12.0,0.75,Fibra 200MB,Oeste,0,1,0,0.3915,0,BAIXO
176.3,36,2,5,339.2,5.3,18,0.1667,0.0541,56.53,176.3,9.54,0.6,Fibra 500MB,Norte,1,0,1,0.3913,0,BAIXO
173.4,26,2,23,488.4,8.6,17,0.7667,0.0741,81.4,86.7,14.62,0.75,Fibra 500MB,Oeste,0,1,1,0.3909,0,BAIXO
172.39,21,0,14,443.1,6.5,14,0.4667,0.0,73.85,172.39,9.1,1.0,Fibra 500MB,Norte,0,0,0,0.3907,0,BAIXO
136.87,23,1,2,502.6,7.2,7,0.0667,0.0417,83.77,68.44,5.04,0.45,Fibra 500MB,Leste,1,1,0,0.39,0,BAIXO
155.19,18,0,48,256.9,5.0,14,1.6,0.0,42.82,77.6,7.0,3.375,Fibra 500MB,Sul,1,1,0,0.3899,0,BAIXO
100.38,27,2,2,117.8,5.6,18,0.0667,0.0714,39.27,100.38,10.08,0.6,Fibra 200MB,Leste,1,0,0,0.3896,0,BAIXO
84.86,45,1,15,68.9,8.2,8,0.5,0.0217,45.93,84.86,6.56,0.6,Fibra 100MB,Sul,1,0,0,0.3894,0,BAIXO
115.2,31,3,4,233.0,7.7,17,0.1333,0.0938,77.67,57.6,13.09,0.45,Fibra 200MB,Oeste,1,1,0,0.3893,0,BAIXO
134.15,49,1,30,525.5,8.5,8,1.0,0.02,87.58,134.15,6.8,0.6,Fibra 500MB,Leste,1,0,0,0.389,0,BAIXO
130.38,10,1,13,406.2,7.0,12,0.4333,0.0909,67.7,130.38,8.4,0.6,Fibra 500MB,Norte,1,0,0,0.389,0,BAIXO
446.94,18,1,3,304.3,7.9,7,0.1,0.0526,33.81,446.94,5.53,1.0,Empresarial,Centro,0,0,0,0.389,0,BAIXO
76.65,21,1,1,59.5,8.4,17,0.0333,0.0455,39.67,38.33,14.28,0.75,Fibra 100MB,Norte,0,1,0,0.389,0,BAIXO
186.65,3,1,3,547.2,6.2,16,0.1,0.25,91.2,186.65,9.92,1.0,Fibra 500MB,Oeste,0,0,1,0.3884,0,BAIXO
97.2,39,0,0,250.6,7.4,11,0.0,0.0,83.53,97.2,8.14,1.0,Fibra 200MB,Norte,0,0,0,0.3883,0,BAIXO
114.2,13,0,5,229.2,4.8,13,0.1667,0.0,76.4,57.1,6.24,1.125,Fibra 200MB,Norte,1,1,0,0.3879,0,BAIXO
137.6,24,1,28,208.8,6.5,16,0.9333,0.04,34.8,45.87,10.4,0.75,Fibra 500MB,Oeste,0,2,1,0.3876,0,BAIXO
88.6,11,2,5,51.1,7.8,24,0.1667,0.1667,34.07,88.6,18.72,1.0,Fibra 100MB,Oeste,0,0,0,0.3876,0,BAIXO
174.15,32,1,24,505.5,5.5,16,0.8,0.0303,84.25,174.15,8.8,0.6,Fibra 500MB,Leste,1,0,0,0.3875,0,BAIXO
80.22,41,0,5,142.9,7.5,10,0.1667,0.0,95.27,80.22,7.5,1.0,Fibra 100MB,Centro,0,0,0,0.3874,0,BAIXO
69.81,29,0,1,68.9,7.0,11,0.0333,0.0,45.93,69.81,7.7,1.0,Fibra 100MB,Sul,0,0,1,0.3874,0,BAIXO
147.03,14,2,7,220.2,8.0,15,0.2333,0.1333,36.7,73.52,12.0,0.75,Fibra 500MB,Oeste,0,1,0,0.3873,0,BAIXO
516.91,9,2,3,326.7,7.8,8,0.1,0.2,36.3,516.91,6.24,0.6,Empresarial,Centro,1,0,0,0.3872,0,BAIXO
80.3,11,1,2,65.8,8.7,10,0.0667,0.0833,43.87,80.3,8.7,1.0,Fibra 100MB,Sul,0,0,0,0.3871,0,BAIXO
106.63,53,1,2,237.7,8.2,10,0.0667,0.0185,79.23,106.63,8.2,1.0,Fibra 200MB,Centro,0,0,0,0.3868,0,BAIXO
157.8,20,1,19,508.7,5.7,13,0.6333,0.0476,84.78,78.9,7.41,0.45,Fibra 500MB,Oeste,1,1,0,0.3867,0,BAIXO
100.03,33,2,0,101.7,7.1,20,0.0,0.0588,33.9,100.03,14.2,1.0,Fibra 200MB,Oeste,0,0,0,0.3866,0,BAIXO
105.92,9,1,11,141.3,5.6,16,0.3667,0.1,47.1,52.96,8.96,0.75,Fibra 200MB,Sul,0,1,1,0.3861,0,BAIXO
76.5,46,0,13,69.7,5.3,16,0.4333,0.0,46.47,76.5,8.48,0.6,Fibra 100MB,Norte,1,0,1,0.3858,0,BAIXO
92.22,60,0,0,239.8,7.4,9,0.0,0.0,79.93,92.22,6.66,1.0,Fibra 200MB,Oeste,0,0,1,0.3858,0,BAIXO
174.33,30,3,0,351.7,8.2,19,0.0,0.0968,58.62,174.33,15.58,1.0,Fibra 500MB,Sul,0,0,0,0.3857,0,BAIXO
144.7,31,0,0,228.1,5.7,11,0.0,0.0,38.02,72.35,6.27,0.75,Fibra 500MB,Oeste,0,1,0,0.3856,0,BAIXO
101.53,28,1,4,230.1,7.9,16,0.1333,0.0345,76.7,101.53,12.64,1.0,Fibra 200MB,Norte,0,0,0,0.3856,0,BAIXO
485.34,48,2,26,761.6,7.2,13,0.8667,0.0408,84.62,242.67,9.36,0.45,Empresarial,Oeste,1,1,0,0.3855,0,BAIXO
87.13,28,1,4,79.1,8.1,6,0.1333,0.0345,52.73,87.13,4.86,0.6,Fibra 100MB,Sul,1,0,0,0.3855,0,BAIXO
96.25,19,0,21,222.9,6.4,8,0.7,0.0,74.3,96.25,5.12,0.6,Fibra 200MB,Sul,1,0,1,0.3855,0,BAIXO
90.74,50,1,0,135.7,4.9,17,0.0,0.0196,45.23,90.74,8.33,1.5,Fibra 200MB,Norte,1,0,0,0.3854,0,BAIXO
78.59,2,0,4,138.3,7.5,6,0.1333,0.0,92.2,78.59,4.5,0.6,Fibra 100MB,Leste,1,0,1,0.3853,0,BAIXO
151.56,43,1,30,472.2,6.7,15,1.0,0.0227,78.7,75.78,10.05,0.75,Fibra 500MB,Sul,0,1,1,0.385,0,BAIXO
151.31,2,1,0,336.2,6.4,13,0.0,0.3333,56.03,75.66,8.32,0.75,Fibra 500MB,Centro,0,1,0,0.3846,0,BAIXO
85.14,12,0,83,57.7,9.6,19,2.7667,0.0,38.47,42.57,18.24,1.35,Fibra 100MB,Leste,1,1,0,0.3844,0,BAIXO
76.5,14,2,0,89.9,8.9,17,0.0,0.1333,59.93,76.5,15.13,1.0,Fibra 100MB,Sul,0,0,0,0.3841,0,BAIXO
108.3,42,2,3,145.9,9.2,14,0.1,0.0465,48.63,54.15,12.88,0.75,Fibra 200MB,Oeste,0,1,0,0.384,0,BAIXO
142.38,20,1,28,411.8,8.0,14,0.9333,0.0476,68.63,142.38,11.2,1.0,Fibra 500MB,Centro,0,0,1,0.3839,0,BAIXO
432.03,53,1,4,888.2,6.2,13,0.1333,0.0185,98.69,432.03,8.06,0.6,Empresarial,Leste,1,0,0,0.3834,0,BAIXO
91.24,30,1,2,165.8,7.8,12,0.0667,0.0323,55.27,91.24,9.36,1.0,Fibra 200MB,Centro,0,0,1,0.3833,0,BAIXO
75.51,5,0,29,111.6,7.9,15,0.9667,0.0,74.4,37.76,11.85,0.75,Fibra 100MB,Leste,0,1,0,0.3832,0,BAIXO
133.13,23,1,4,281.9,5.6,17,0.1333,0.0417,46.98,66.56,9.52,0.75,Fibra 500MB,Norte,0,1,1,0.3831,0,BAIXO
168.24,56,0,6,403.6,5.3,11,0.2,0.0,67.27,56.08,5.83,0.75,Fibra 500MB,Sul,0,2,0,0.383,0,BAIXO
488.37,26,1,4,802.1,6.1,12,0.1333,0.037,89.12,488.37,7.32,0.6,Empresarial,Oeste,1,0,1,0.3828,0,BAIXO
106.01,36,1,1,267.4,6.5,15,0.0333,0.027,89.13,106.01,9.75,1.0,Fibra 200MB,Centro,0,0,1,0.3827,0,BAIXO
110.63,7,2,4,243.0,10.0,11,0.1333,0.25,81.0,55.32,11.0,0.75,Fibra 200MB,Leste,0,1,0,0.3821,0,BAIXO
75.67,60,1,15,92.6,6.4,17,0.5,0.0164,61.73,18.92,10.88,0.45,Fibra 100MB,Norte,1,3,1,0.3819,0,BAIXO
148.62,8,0,5,341.9,7.0,8,0.1667,0.0,56.98,148.62,5.6,1.0,Fibra 500MB,Centro,0,0,0,0.3817,0,BAIXO
182.09,28,1,5,549.0,7.3,14,0.1667,0.0345,91.5,182.09,10.22,1.0,Fibra 500MB,Oeste,0,0,0,0.3808,0,BAIXO
111.87,14,1,0,137.0,6.0,13,0.0,0.0667,45.67,111.87,7.8,0.6,Fibra 200MB,Oeste,1,0,1,0.3807,0,BAIXO
73.03,8,0,0,92.6,7.2,10,0.0,0.0,61.73,36.52,7.2,0.75,Fibra 100MB,Centro,0,1,0,0.3807,0,BAIXO
109.34,33,1,2,243.8,8.3,6,0.0667,0.0294,81.27,54.67,4.98,0.75,Fibra 200MB,Sul,0,1,0,0.3805,0,BAIXO
95.09,37,0,5,140.5,7.6,11,0.1667,0.0,46.83,95.09,8.36,1.0,Fibra 200MB,Leste,0,0,0,0.3804,0,BAIXO
440.78,12,2,24,595.9,8.7,9,0.8,0.1538,66.21,220.39,7.83,0.45,Empresarial,Norte,1,1,0,0.38,0,BAIXO
76.25,5,2,5,115.5,6.8,20,0.1667,0.3333,77.0,76.25,13.6,0.6,Fibra 100MB,Leste,1,0,0,0.3795,0,BAIXO
73.15,30,1,28,76.1,7.9,19,0.9333,0.0323,50.73,24.38,15.01,0.75,Fibra 100MB,Centro,0,2,0,0.3793,0,BAIXO
86.5,40,0,17,60.4,6.5,15,0.5667,0.0,40.27,86.5,9.75,0.6,Fibra 100MB,Norte,1,0,1,0.3791,0,BAIXO
93.35,51,2,1,124.1,7.9,17,0.0333,0.0385,41.37,46.68,13.43,0.75,Fibra 200MB,Centro,0,1,0,0.3788,0,BAIXO
484.74,15,2,30,881.9,5.2,16,1.0,0.125,97.99,242.37,8.32,0.45,Empresarial,Sul,1,1,0,0.3788,0,BAIXO
81.32,28,1,18,53.5,6.8,18,0.6,0.0345,35.67,27.11,12.24,0.75,Fibra 100MB,Sul,0,2,1,0.3786,0,BAIXO
69.81,55,1,4,68.6,6.4,18,0.1333,0.0179,45.73,69.81,11.52,1.0,Fibra 100MB,Sul,0,0,0,0.3785,0,BAIXO
161.84,50,1,0,314.1,6.5,7,0.0,0.0196,52.35,80.92,4.55,0.45,Fibra 500MB,Sul,1,1,0,0.3782,0,BAIXO
141.7,21,1,1,413.9,4.6,12,0.0333,0.0455,68.98,47.23,5.52,1.125,Fibra 500MB,Sul,1,2,0,0.3782,0,BAIXO
99.81,54,1,1,189.9,7.8,9,0.0333,0.0182,63.3,49.9,7.02,0.45,Fibra 200MB,Norte,1,1,1,0.3781,0,BAIXO
476.19,40,1,19,480.4,4.9,17,0.6333,0.0244,53.38,238.1,8.33,1.875,Empresarial,Oeste,0,1,0,0.378,0,BAIXO
510.9,19,0,9,377.5,5.8,7,0.3,0.0,41.94,510.9,4.06,0.6,Empresarial,Sul,1,0,0,0.3779,0,BAIXO
77.76,50,1,0,96.4,8.1,11,0.0,0.0196,64.27,25.92,8.91,0.75,Fibra 100MB,Sul,0,2,0,0.3778,0,BAIXO
85.11,57,1,4,55.2,6.7,18,0.1333,0.0172,36.8,85.11,12.06,1.0,Fibra 100MB,Sul,0,0,0,0.3773,0,BAIXO
76.35,43,0,5,96.8,6.8,11,0.1667,0.0,64.53,76.35,7.48,0.6,Fibra 100MB,Leste,1,0,0,0.3772,0,BAIXO
98.48,50,1,1,188.8,8.3,14,0.0333,0.0196,62.93,98.48,11.62,1.0,Fibra 200MB,Leste,0,0,0,0.377,0,BAIXO
153.44,47,1,12,490.0,6.3,11,0.4,0.0208,81.67,51.15,6.93,0.45,Fibra 500MB,Oeste,1,2,0,0.377,0,BAIXO
410.93,44,3,1,765.0,8.3,22,0.0333,0.0667,85.0,205.46,18.26,0.75,Empresarial,Norte,0,1,1,0.3766,0,BAIXO
103.19,11,0,24,232.8,7.6,9,0.8,0.0,77.6,103.19,6.84,0.6,Fibra 200MB,Norte,1,0,0,0.3763,0,BAIXO
75.68,49,1,5,107.7,7.5,14,0.1667,0.02,71.8,25.23,10.5,0.75,Fibra 100MB,Sul,0,2,0,0.3762,0,BAIXO
99.44,12,2,1,108.6,6.8,12,0.0333,0.1538,36.2,24.86,8.16,0.45,Fibra 200MB,Sul,1,3,0,0.3761,0,BAIXO
179.54,7,0,1,326.9,8.2,6,0.0333,0.0,54.48,179.54,4.92,1.0,Fibra 500MB,Norte,0,0,0,0.376,0,BAIXO
117.13,20,2,4,271.2,8.8,19,0.1333,0.0952,90.4,39.04,16.72,0.75,Fibra 200MB,Norte,0,2,0,0.3759,0,BAIXO
104.1,26,1,0,199.7,9.3,7,0.0,0.037,66.57,104.1,6.51,1.0,Fibra 200MB,Leste,0,0,0,0.3758,0,BAIXO
77.31,6,0,0,118.0,6.0,15,0.0,0.0,78.67,77.31,9.0,1.0,Fibra 100MB,Oeste,0,0,0,0.3753,0,BAIXO
391.03,18,1,30,789.1,7.1,13,1.0,0.0526,87.68,391.03,9.23,0.6,Empresarial,Oeste,1,0,0,0.3752,0,BAIXO
102.1,14,1,2,150.5,6.2,14,0.0667,0.0667,50.17,102.1,8.68,0.6,Fibra 200MB,Leste,1,0,0,0.3751,0,BAIXO
93.82,22,0,3,221.6,6.1,7,0.1,0.0,73.87,31.27,4.27,0.45,Fibra 200MB,Centro,1,2,0,0.3751,0,BAIXO
178.29,40,1,0,457.4,6.2,14,0.0,0.0244,76.23,178.29,8.68,1.0,Fibra 500MB,Sul,0,0,0,0.3748,0,BAIXO
118.81,56,2,21,109.2,10.0,10,0.7,0.0351,36.4,118.81,10.0,0.6,Fibra 200MB,Leste,1,0,0,0.3747,0,BAIXO
483.39,48,2,1,381.0,8.7,16,0.0333,0.0408,42.33,483.39,13.92,1.0,Empresarial,Leste,0,0,0,0.3747,0,BAIXO
110.74,22,2,7,169.8,7.7,12,0.2333,0.087,56.6,110.74,9.24,0.6,Fibra 200MB,Sul,1,0,0,0.3746,0,BAIXO
95.2,8,1,2,223.8,7.9,12,0.0667,0.1111,74.6,47.6,9.48,0.75,Fibra 200MB,Oeste,0,1,0,0.3746,0,BAIXO
92.51,45,1,1,162.6,6.9,9,0.0333,0.0217,54.2,92.51,6.21,0.6,Fibra 200MB,Sul,1,0,0,0.3745,0,BAIXO
83.75,3,0,3,52.4,8.0,13,0.1,0.0,34.93,41.88,10.4,0.75,Fibra 100MB,Norte,0,1,0,0.3745,0,BAIXO
73.6,1,0,29,52.2,10.0,7,0.9667,0.0,34.8,36.8,7.0,0.75,Fibra 100MB,Norte,0,1,0,0.3743,0,BAIXO
93.64,30,0,4,224.1,5.4,15,0.1333,0.0,74.7,93.64,8.1,1.0,Fibra 200MB,Oeste,0,0,0,0.3742,0,BAIXO
80.38,42,1,0,144.5,7.1,18,0.0,0.0233,96.33,20.1,12.78,0.75,Fibra 100MB,Norte,0,3,0,0.3741,0,BAIXO
416.47,25,2,8,317.4,6.6,20,0.2667,0.0769,35.27,416.47,13.2,1.0,Empresarial,Leste,0,0,0,0.374,0,BAIXO
87.39,25,2,0,132.0,8.9,17,0.0,0.0769,88.0,43.7,15.13,0.75,Fibra 100MB,Centro,0,1,0,0.3739,0,BAIXO
102.8,7,1,16,134.0,6.9,21,0.5333,0.125,44.67,102.8,14.49,1.0,Fibra 200MB,Norte,0,0,0,0.3739,0,BAIXO
88.99,59,0,3,51.1,5.4,17,0.1,0.0,34.07,88.99,9.18,1.0,Fibra 100MB,Centro,0,0,0,0.3739,0,BAIXO
102.63,29,2,1,175.7,8.1,18,0.0333,0.0667,58.57,102.63,14.58,1.0,Fibra 200MB,Centro,0,0,0,0.3738,0,BAIXO
105.12,16,0,4,226.5,7.0,9,0.1333,0.0,75.5,105.12,6.3,1.0,Fibra 200MB,Sul,0,0,0,0.3737,0,BAIXO
155.35,60,1,3,217.2,7.5,13,0.1,0.0164,36.2,77.68,9.75,0.75,Fibra 500MB,Leste,0,1,1,0.3736,0,BAIXO
113.26,43,2,4,173.6,9.2,13,0.1333,0.0455,57.87,56.63,11.96,0.75,Fibra 200MB,Centro,0,1,0,0.3735,0,BAIXO
138.74,26,0,60,309.2,8.2,19,2.0,0.0,51.53,138.74,15.58,3.0,Fibra 500MB,Oeste,0,0,0,0.3734,0,BAIXO
151.39,43,1,0,312.9,7.3,13,0.0,0.0227,52.15,75.69,9.49,0.75,Fibra 500MB,Leste,0,1,0,0.373,0,BAIXO
76.67,28,1,1,128.4,7.7,9,0.0333,0.0345,85.6,76.67,6.93,0.6,Fibra 100MB,Centro,1,0,0,0.3728,0,BAIXO
99.32,59,2,3,269.4,8.9,14,0.1,0.0333,89.8,99.32,12.46,1.0,Fibra 200MB,Sul,0,0,0,0.3727,0,BAIXO
101.72,3,1,0,165.0,5.2,16,0.0,0.25,55.0,50.86,8.32,0.45,Fibra 200MB,Norte,1,1,0,0.3723,0,BAIXO
81.95,58,1,24,99.3,7.6,19,0.8,0.0169,66.2,81.95,14.44,0.6,Fibra 100MB,Norte,1,0,0,0.372,0,BAIXO
84.51,60,1,10,128.1,7.7,15,0.3333,0.0164,85.4,42.26,11.55,0.75,Fibra 100MB,Sul,0,1,0,0.3719,0,BAIXO
77.83,9,0,4,113.5,8.1,10,0.1333,0.0,75.67,77.83,8.1,1.0,Fibra 100MB,Oeste,0,0,0,0.3714,0,BAIXO
112.07,59,0,48,114.1,7.8,24,1.6,0.0,38.03,112.07,18.72,3.0,Fibra 200MB,Norte,0,0,0,0.3713,0,BAIXO
503.12,57,0,1,654.4,7.5,11,0.0333,0.0,72.71,503.12,8.25,1.0,Empresarial,Norte,0,0,0,0.3711,0,BAIXO
116.0,48,0,2,281.5,6.8,11,0.0667,0.0,93.83,116.0,7.48,1.0,Fibra 200MB,Centro,0,0,0,0.3711,0,BAIXO
117.32,29,0,3,236.9,5.2,11,0.1,0.0,78.97,117.32,5.72,0.6,Fibra 200MB,Centro,1,0,1,0.3707,0,BAIXO
143.94,40,0,1,214.8,7.0,12,0.0333,0.0,35.8,143.94,8.4,1.0,Fibra 500MB,Norte,0,0,0,0.3704,0,BAIXO
107.51,42,0,0,268.3,5.5,10,0.0,0.0,89.43,107.51,5.5,0.6,Fibra 200MB,Centro,1,0,0,0.3702,0,BAIXO
117.18,49,1,2,102.3,8.0,14,0.0667,0.02,34.1,39.06,11.2,0.75,Fibra 200MB,Leste,0,2,0,0.3701,0,BAIXO
70.6,11,1,27,50.0,8.3,20,0.9,0.0833,33.33,70.6,16.6,1.0,Fibra 100MB,Sul,0,0,1,0.37,0,BAIXO
99.46,25,1,1,169.2,6.3,10,0.0333,0.0385,56.4,49.73,6.3,0.45,Fibra 200MB,Sul,1,1,0,0.37,0,BAIXO
391.24,54,2,21,731.5,7.6,10,0.7,0.0364,81.28,97.81,7.6,0.45,Empresarial,Oeste,1,3,0,0.3697,0,BAIXO
86.78,35,0,0,56.1,8.1,13,0.0,0.0,37.4,86.78,10.53,1.0,Fibra 100MB,Leste,0,0,0,0.3697,0,BAIXO
502.2,25,0,1,604.5,7.0,12,0.0333,0.0,67.17,502.2,8.4,1.0,Empresarial,Norte,0,0,0,0.3696,0,BAIXO
78.53,14,2,32,106.9,6.0,24,1.0667,0.1333,71.27,78.53,14.4,1.8,Fibra 100MB,Oeste,1,0,0,0.3695,0,BAIXO
104.64,30,2,4,150.4,8.1,12,0.1333,0.0645,50.13,52.32,9.72,0.45,Fibra 200MB,Oeste,1,1,0,0.3694,0,BAIXO
85.59,37,0,0,67.2,9.1,7,0.0,0.0,44.8,42.8,6.37,0.75,Fibra 100MB,Norte,0,1,0,0.369,0,BAIXO
89.53,44,3,3,159.4,7.9,24,0.1,0.0667,53.13,44.76,18.96,0.75,Fibra 200MB,Centro,0,1,0,0.369,0,BAIXO
433.51,27,1,0,845.9,8.0,7,0.0,0.0357,93.99,216.76,5.6,0.75,Empresarial,Oeste,0,1,0,0.3689,0,BAIXO
407.56,47,0,3,811.6,6.4,7,0.1,0.0,90.18,203.78,4.48,0.45,Empresarial,Norte,1,1,0,0.3688,0,BAIXO
87.73,22,2,13,113.9,9.1,22,0.4333,0.087,75.93,87.73,20.02,1.0,Fibra 100MB,Sul,0,0,0,0.3687,0,BAIXO
506.71,57,0,14,890.0,7.6,8,0.4667,0.0,98.89,506.71,6.08,0.6,Empresarial,Norte,1,0,0,0.3685,0,BAIXO
414.9,9,0,2,527.2,6.9,7,0.0667,0.0,58.58,414.9,4.83,1.0,Empresarial,Sul,0,0,1,0.3684,0,BAIXO
94.17,58,1,4,273.5,6.6,18,0.1333,0.0169,91.17,31.39,11.88,0.75,Fibra 200MB,Norte,0,2,0,0.3684,0,BAIXO
439.43,59,4,5,668.6,5.7,24,0.1667,0.0667,74.29,439.43,13.68,0.6,Empresarial,Oeste,1,0,0,0.368,0,BAIXO
135.54,16,2,27,495.5,10.0,13,0.9,0.1176,82.58,135.54,13.0,1.0,Fibra 500MB,Sul,0,0,0,0.3677,0,BAIXO
94.09,49,0,3,178.0,7.5,8,0.1,0.0,59.33,94.09,6.0,1.0,Fibra 200MB,Sul,0,0,0,0.3676,0,BAIXO
103.19,6,1,88,165.9,9.8,24,2.9333,0.1429,55.3,103.19,23.52,1.8,Fibra 200MB,Sul,1,0,0,0.3675,0,BAIXO
519.03,29,2,4,527.3,8.4,11,0.1333,0.0667,58.59,519.03,9.24,0.6,Empresarial,Leste,1,0,0,0.3674,0,BAIXO
106.87,17,0,23,157.7,6.5,14,0.7667,0.0,52.57,106.87,9.1,1.0,Fibra 200MB,Sul,0,0,0,0.367,0,BAIXO
165.87,18,2,4,532.7,4.9,19,0.1333,0.1053,88.78,55.29,9.31,1.875,Fibra 500MB,Sul,0,2,0,0.3669,0,BAIXO
71.68,52,0,5,69.0,4.8,18,0.1667,0.0,46.0,71.68,8.64,2.5,Fibra 100MB,Sul,0,0,0,0.3668,0,BAIXO
417.99,43,0,63,721.6,7.0,18,2.1,0.0,80.18,417.99,12.6,1.8,Empresarial,Norte,1,0,0,0.3667,0,BAIXO
163.76,45,2,1,257.2,6.4,18,0.0333,0.0435,42.87,163.76,11.52,1.0,Fibra 500MB,Sul,0,0,0,0.3665,0,BAIXO
71.85,15,1,54,72.4,7.2,21,1.8,0.0625,48.27,71.85,15.12,1.8,Fibra 100MB,Sul,1,0,0,0.3663,0,BAIXO
71.96,5,1,2,81.3,6.7,21,0.0667,0.1667,54.2,71.96,14.07,1.0,Fibra 100MB,Leste,0,0,0,0.3662,0,BAIXO
132.69,9,0,5,453.6,5.5,14,0.1667,0.0,75.6,132.69,7.7,1.0,Fibra 500MB,Oeste,0,0,0,0.3662,0,BAIXO
171.13,10,0,14,394.0,6.5,9,0.4667,0.0,65.67,57.04,5.85,0.75,Fibra 500MB,Sul,0,2,1,0.3662,0,BAIXO
169.0,45,3,5,593.8,7.4,21,0.1667,0.0652,98.97,84.5,15.54,0.75,Fibra 500MB,Sul,0,1,0,0.3659,0,BAIXO
465.88,48,1,23,336.1,6.2,9,0.7667,0.0204,37.34,232.94,5.58,0.45,Empresarial,Sul,1,1,0,0.3655,0,BAIXO
133.37,51,1,0,247.4,4.0,17,0.0,0.0192,41.23,66.68,6.8,1.875,Fibra 500MB,Sul,0,1,0,0.3655,0,BAIXO
76.28,12,1,1,122.3,5.9,13,0.0333,0.0769,81.53,38.14,7.67,0.45,Fibra 100MB,Sul,1,1,0,0.3654,0,BAIXO
80.09,33,2,15,70.0,7.1,20,0.5,0.0588,46.67,80.09,14.2,0.6,Fibra 100MB,Centro,1,0,1,0.3654,0,BAIXO
174.18,15,0,1,287.5,6.6,9,0.0333,0.0,47.92,174.18,5.94,1.0,Fibra 500MB,Sul,0,0,1,0.3654,0,BAIXO
105.18,16,1,7,226.2,8.4,10,0.2333,0.0588,75.4,105.18,8.4,1.0,Fibra 200MB,Sul,0,0,0,0.3653,0,BAIXO
104.19,53,1,0,238.2,8.2,10,0.0,0.0185,79.4,104.19,8.2,1.0,Fibra 200MB,Sul,0,0,0,0.3651,0,BAIXO
82.82,17,1,2,112.9,8.2,13,0.0667,0.0556,75.27,27.61,10.66,0.75,Fibra 100MB,Centro,0,2,1,0.3644,0,BAIXO
405.39,7,2,0,755.7,6.6,15,0.0,0.25,83.97,202.7,9.9,0.75,Empresarial,Sul,0,1,0,0.3644,0,BAIXO
126.5,28,0,20,309.4,8.3,9,0.6667,0.0,51.57,63.25,7.47,0.75,Fibra 500MB,Norte,0,1,0,0.3637,0,BAIXO
101.61,47,0,5,244.3,6.6,11,0.1667,0.0,81.43,101.61,7.26,0.6,Fibra 200MB,Norte,1,0,0,0.3635,0,BAIXO
78.88,17,1,3,56.1,7.5,11,0.1,0.0556,37.4,78.88,8.25,0.6,Fibra 100MB,Sul,1,0,0,0.3631,0,BAIXO
412.43,33,0,9,716.7,4.8,13,0.3,0.0,79.63,412.43,6.24,1.5,Empresarial,Oeste,1,0,0,0.363,0,BAIXO
94.18,13,1,19,296.1,8.1,17,0.6333,0.0714,98.7,94.18,13.77,1.0,Fibra 200MB,Oeste,0,0,0,0.3628,0,BAIXO
104.46,17,1,10,175.3,5.9,13,0.3333,0.0556,58.43,34.82,7.67,0.45,Fibra 200MB,Centro,1,2,0,0.3628,0,BAIXO
72.43,46,0,5,148.0,7.9,13,0.1667,0.0,98.67,24.14,10.27,0.75,Fibra 100MB,Norte,0,2,1,0.3628,0,BAIXO
113.07,20,1,7,225.7,7.3,13,0.2333,0.0476,75.23,56.54,9.49,0.75,Fibra 200MB,Sul,0,1,0,0.3626,0,BAIXO
173.97,48,2,1,505.6,9.3,14,0.0333,0.0408,84.27,86.98,13.02,0.75,Fibra 500MB,Leste,0,1,0,0.3626,0,BAIXO
81.35,35,3,0,100.0,9.7,12,0.0,0.0833,66.67,40.67,11.64,0.45,Fibra 100MB,Sul,1,1,0,0.3624,0,BAIXO
159.05,28,2,11,275.0,8.4,18,0.3667,0.069,45.83,159.05,15.12,1.0,Fibra 500MB,Centro,0,0,0,0.3623,0,BAIXO
150.48,27,1,30,571.2,6.3,19,1.0,0.0357,95.2,75.24,11.97,0.75,Fibra 500MB,Oeste,0,1,0,0.3622,0,BAIXO
169.11,40,2,3,530.6,9.0,22,0.1,0.0488,88.43,169.11,19.8,1.0,Fibra 500MB,Norte,0,0,0,0.362,0,BAIXO
76.6,7,1,5,71.5,9.7,10,0.1667,0.125,47.67,38.3,9.7,0.75,Fibra 100MB,Oeste,0,1,0,0.362,0,BAIXO
80.68,50,0,30,133.5,6.4,17,1.0,0.0,89.0,80.68,10.88,0.6,Fibra 100MB,Norte,1,0,0,0.3614,0,BAIXO
483.75,32,1,32,519.7,7.6,21,1.0667,0.0303,57.74,483.75,15.96,3.0,Empresarial,Oeste,0,0,0,0.3613,0,BAIXO
72.89,44,0,2,82.1,7.4,17,0.0667,0.0,54.73,72.89,12.58,1.0,Fibra 100MB,Norte,0,0,0,0.3612,0,BAIXO
149.52,22,1,2,372.7,5.3,17,0.0667,0.0435,62.12,49.84,9.01,0.75,Fibra 500MB,Leste,0,2,0,0.3612,0,BAIXO
109.67,22,2,0,103.3,6.6,22,0.0,0.087,34.43,109.67,14.52,1.0,Fibra 200MB,Oeste,0,0,0,0.361,0,BAIXO
187.75,40,0,9,296.5,6.1,16,0.3,0.0,49.42,187.75,9.76,1.0,Fibra 500MB,Norte,0,0,0,0.3606,0,BAIXO
194.49,52,1,11,273.3,4.7,20,0.3667,0.0189,45.55,64.83,9.4,1.875,Fibra 500MB,Norte,0,2,0,0.3606,0,BAIXO
144.04,31,1,4,485.7,8.4,15,0.1333,0.0312,80.95,144.04,12.6,1.0,Fibra 500MB,Norte,0,0,0,0.3606,0,BAIXO
106.53,46,1,67,106.7,8.3,22,2.2333,0.0213,35.57,106.53,18.26,1.8,Fibra 200MB,Centro,1,0,0,0.3606,0,BAIXO
78.12,5,0,9,69.9,7.7,13,0.3,0.0,46.6,78.12,10.01,1.0,Fibra 100MB,Centro,0,0,0,0.3604,0,BAIXO
100.76,6,2,1,235.3,6.2,15,0.0333,0.2857,78.43,50.38,9.3,0.45,Fibra 200MB,Sul,1,1,0,0.3602,0,BAIXO
73.24,24,1,2,132.5,7.4,21,0.0667,0.04,88.33,73.24,15.54,1.0,Fibra 100MB,Norte,0,0,0,0.3602,0,BAIXO
106.1,51,0,0,114.7,6.3,10,0.0,0.0,38.23,106.1,6.3,0.6,Fibra 200MB,Oeste,1,0,0,0.36,0,BAIXO
118.83,5,1,0,113.3,6.7,13,0.0,0.1667,37.77,118.83,8.71,0.6,Fibra 200MB,Oeste,1,0,0,0.3597,0,BAIXO
153.63,60,2,18,515.7,7.9,23,0.6,0.0328,85.95,153.63,18.17,1.0,Fibra 500MB,Oeste,0,0,0,0.3593,0,BAIXO
110.26,43,1,22,201.7,6.1,21,0.7333,0.0227,67.23,110.26,12.81,1.0,Fibra 200MB,Oeste,0,0,0,0.359,0,BAIXO
134.82,37,0,5,514.9,6.8,12,0.1667,0.0,85.82,134.82,8.16,1.0,Fibra 500MB,Oeste,0,0,0,0.3587,0,BAIXO
99.76,30,0,66,172.9,7.4,20,2.2,0.0,57.63,49.88,14.8,2.25,Fibra 200MB,Sul,0,1,1,0.3586,0,BAIXO
109.55,32,1,0,171.1,6.6,15,0.0,0.0303,57.03,109.55,9.9,0.6,Fibra 200MB,Norte,1,0,0,0.3586,0,BAIXO
71.9,21,1,2,53.7,6.3,21,0.0667,0.0455,35.8,35.95,13.23,0.75,Fibra 100MB,Leste,0,1,1,0.3586,0,BAIXO
407.93,17,2,4,821.4,6.9,23,0.1333,0.1111,91.27,407.93,15.87,1.0,Empresarial,Norte,0,0,0,0.3585,0,BAIXO
153.36,26,1,0,271.8,7.5,11,0.0,0.037,45.3,153.36,8.25,1.0,Fibra 500MB,Sul,0,0,1,0.3585,0,BAIXO
162.29,40,1,3,396.1,6.9,16,0.1,0.0244,66.02,162.29,11.04,1.0,Fibra 500MB,Oeste,0,0,0,0.3585,0,BAIXO
116.55,34,1,5,184.6,7.6,14,0.1667,0.0286,61.53,116.55,10.64,1.0,Fibra 200MB,Sul,0,0,0,0.3584,0,BAIXO
71.43,28,1,21,92.1,8.6,9,0.7,0.0345,61.4,23.81,7.74,0.45,Fibra 100MB,Centro,1,2,0,0.3583,0,BAIXO
119.21,35,0,2,491.8,6.2,13,0.0667,0.0,81.97,119.21,8.06,1.0,Fibra 500MB,Oeste,0,0,0,0.3582,0,BAIXO
72.64,5,1,6,127.0,9.5,3,0.2,0.1667,84.67,36.32,2.85,0.45,Fibra 100MB,Norte,1,1,0,0.3582,0,BAIXO
513.29,14,2,5,472.4,6.3,14,0.1667,0.1333,52.49,171.1,8.82,0.75,Empresarial,Sul,0,2,0,0.3582,0,BAIXO
108.97,20,2,2,143.9,10.0,17,0.0667,0.0952,47.97,54.48,17.0,0.75,Fibra 200MB,Leste,0,1,0,0.3582,0,BAIXO
461.37,14,1,25,894.7,7.8,11,0.8333,0.0667,99.41,230.68,8.58,0.75,Empresarial,Sul,0,1,0,0.358,0,BAIXO
91.82,44,1,3,234.7,8.6,13,0.1,0.0222,78.23,45.91,11.18,0.75,Fibra 200MB,Leste,0,1,0,0.3577,0,BAIXO
472.25,16,2,28,773.7,8.7,12,0.9333,0.1176,85.97,472.25,10.44,0.6,Empresarial,Sul,1,0,0,0.3573,0,BAIXO
84.05,2,1,2,124.5,7.3,17,0.0667,0.3333,83.0,28.02,12.41,0.75,Fibra 100MB,Centro,0,2,0,0.3572,0,BAIXO
135.12,6,0,2,297.1,7.1,6,0.0667,0.0,49.52,67.56,4.26,0.75,Fibra 500MB,Sul,0,1,0,0.357,0,BAIXO
102.12,43,1,35,107.0,9.0,24,1.1667,0.0227,35.67,102.12,21.6,3.0,Fibra 200MB,Centro,0,0,1,0.3568,0,BAIXO
147.4,23,2,2,484.5,7.1,11,0.0667,0.0833,80.75,73.7,7.81,0.45,Fibra 500MB,Sul,1,1,0,0.3568,0,BAIXO
81.86,60,1,2,81.0,6.2,14,0.0667,0.0164,54.0,40.93,8.68,0.45,Fibra 100MB,Sul,1,1,0,0.3567,0,BAIXO
75.12,31,1,4,65.9,6.8,17,0.1333,0.0312,43.93,75.12,11.56,0.6,Fibra 100MB,Leste,1,0,1,0.3567,0,BAIXO
519.62,26,1,1,697.2,7.7,14,0.0333,0.037,77.47,519.62,10.78,1.0,Empresarial,Oeste,0,0,1,0.3566,0,BAIXO
112.1,15,1,5,298.7,9.4,7,0.1667,0.0625,99.57,112.1,6.58,1.0,Fibra 200MB,Oeste,0,0,0,0.3565,0,BAIXO
77.85,52,0,9,74.8,7.4,12,0.3,0.0,49.87,25.95,8.88,0.75,Fibra 100MB,Sul,0,2,0,0.3564,0,BAIXO
117.74,13,1,4,219.1,6.7,19,0.1333,0.0714,73.03,117.74,12.73,1.0,Fibra 200MB,Leste,0,0,0,0.3563,0,BAIXO
147.73,32,0,5,474.4,6.8,6,0.1667,0.0,79.07,147.73,4.08,0.6,Fibra 500MB,Centro,1,0,0,0.3562,0,BAIXO
102.34,13,1,4,111.2,7.8,7,0.1333,0.0714,37.07,51.17,5.46,0.45,Fibra 200MB,Centro,1,1,0,0.3561,0,BAIXO
117.93,30,1,4,246.1,7.8,15,0.1333,0.0323,82.03,39.31,11.7,0.75,Fibra 200MB,Leste,0,2,0,0.3561,0,BAIXO
75.66,44,2,17,94.6,8.7,21,0.5667,0.0444,63.07,37.83,18.27,0.45,Fibra 100MB,Leste,1,1,0,0.3561,0,BAIXO
84.49,9,0,9,112.6,9.0,10,0.3,0.0,75.07,42.24,9.0,0.75,Fibra 100MB,Norte,0,1,0,0.3561,0,BAIXO
103.48,5,2,4,216.0,6.7,23,0.1333,0.3333,72.0,51.74,15.41,0.75,Fibra 200MB,Leste,0,1,0,0.3558,0,BAIXO
101.83,21,1,16,114.4,6.9,19,0.5333,0.0455,38.13,25.46,13.11,0.75,Fibra 200MB,Leste,0,3,0,0.3557,0,BAIXO
79.05,16,0,2,115.5,6.7,15,0.0667,0.0,77.0,26.35,10.05,0.75,Fibra 100MB,Leste,0,2,0,0.3557,0,BAIXO
466.21,60,0,1,791.0,6.5,12,0.0333,0.0,87.89,466.21,7.8,1.0,Empresarial,Centro,0,0,0,0.3555,0,BAIXO
115.9,4,2,5,128.4,7.2,16,0.1667,0.4,42.8,115.9,11.52,0.6,Fibra 200MB,Sul,1,0,1,0.3555,0,BAIXO
138.14,19,1,3,500.1,8.4,11,0.1,0.05,83.35,69.07,9.24,0.75,Fibra 500MB,Leste,0,1,1,0.3553,0,BAIXO
95.25,10,1,0,122.5,7.4,14,0.0,0.0909,40.83,95.25,10.36,1.0,Fibra 200MB,Sul,0,0,0,0.3553,0,BAIXO
116.3,11,2,4,136.3,8.2,19,0.1333,0.1667,45.43,58.15,15.58,0.75,Fibra 200MB,Centro,0,1,0,0.3553,0,BAIXO
82.33,11,1,4,89.7,5.9,22,0.1333,0.0833,59.8,82.33,12.98,1.0,Fibra 100MB,Leste,0,0,0,0.3546,0,BAIXO
133.86,16,0,0,580.0,5.6,13,0.0,0.0,96.67,66.93,7.28,0.75,Fibra 500MB,Oeste,0,1,0,0.3545,0,BAIXO
96.72,33,1,0,190.8,10.0,6,0.0,0.0294,63.6,96.72,6.0,1.0,Fibra 200MB,Norte,0,0,0,0.3544,0,BAIXO
75.37,17,1,4,74.4,6.8,22,0.1333,0.0556,49.6,37.68,14.96,0.75,Fibra 100MB,Norte,0,1,0,0.3544,0,BAIXO
114.0,19,0,2,153.2,6.8,11,0.0667,0.0,51.07,57.0,7.48,0.75,Fibra 200MB,Centro,0,1,1,0.3543,0,BAIXO
116.49,37,1,0,210.2,7.9,7,0.0,0.0263,70.07,116.49,5.53,0.6,Fibra 200MB,Centro,1,0,1,0.3543,0,BAIXO
113.56,43,1,1,209.9,8.1,10,0.0333,0.0227,69.97,56.78,8.1,0.75,Fibra 200MB,Sul,0,1,0,0.3542,0,BAIXO
479.39,14,2,5,765.0,4.6,19,0.1667,0.1333,85.0,239.7,8.74,1.875,Empresarial,Sul,0,1,0,0.3542,0,BAIXO
106.91,43,1,2,142.3,8.4,11,0.0667,0.0227,47.43,53.46,9.24,0.75,Fibra 200MB,Centro,0,1,0,0.354,0,BAIXO
79.9,5,0,5,53.0,6.9,9,0.1667,0.0,35.33,79.9,6.21,0.6,Fibra 100MB,Sul,1,0,1,0.3538,0,BAIXO
81.41,5,1,5,85.1,9.8,13,0.1667,0.1667,56.73,27.14,12.74,0.75,Fibra 100MB,Leste,0,2,0,0.3538,0,BAIXO
137.55,18,2,2,364.1,8.8,22,0.0667,0.1053,60.68,137.55,19.36,1.0,Fibra 500MB,Norte,0,0,0,0.3537,0,BAIXO
72.95,58,1,5,138.5,9.1,10,0.1667,0.0169,92.33,72.95,9.1,0.6,Fibra 100MB,Norte,1,0,0,0.3537,0,BAIXO
125.9,28,0,19,443.8,6.7,12,0.6333,0.0,73.97,62.95,8.04,0.75,Fibra 500MB,Centro,0,1,1,0.3532,0,BAIXO
78.67,23,0,55,67.5,6.1,18,1.8333,0.0,45.0,19.67,10.98,1.35,Fibra 100MB,Centro,1,3,0,0.3532,0,BAIXO
400.7,41,2,9,800.7,8.1,11,0.3,0.0476,88.97,200.35,8.91,0.45,Empresarial,Leste,1,1,0,0.3528,0,BAIXO
435.24,47,1,1,603.0,6.9,18,0.0333,0.0208,67.0,435.24,12.42,1.0,Empresarial,Norte,0,0,0,0.3526,0,BAIXO
137.03,24,1,44,358.9,6.8,23,1.4667,0.04,59.82,137.03,15.64,3.0,Fibra 500MB,Centro,0,0,0,0.3524,0,BAIXO
111.42,26,0,5,221.6,7.8,12,0.1667,0.0,73.87,111.42,9.36,1.0,Fibra 200MB,Leste,0,0,0,0.3524,0,BAIXO
490.81,30,1,4,297.7,7.0,15,0.1333,0.0323,33.08,490.81,10.5,1.0,Empresarial,Oeste,0,0,0,0.3522,0,BAIXO
112.53,38,0,0,203.9,7.8,7,0.0,0.0,67.97,112.53,5.46,1.0,Fibra 200MB,Sul,0,0,0,0.3521,0,BAIXO
71.89,33,0,16,137.9,7.8,9,0.5333,0.0,91.93,35.94,7.02,0.45,Fibra 100MB,Leste,1,1,0,0.352,0,BAIXO
182.15,32,2,0,299.6,10.0,20,0.0,0.0606,49.93,182.15,20.0,1.0,Fibra 500MB,Norte,0,0,0,0.3516,0,BAIXO
80.79,50,2,5,122.0,7.8,22,0.1667,0.0392,81.33,80.79,17.16,0.6,Fibra 100MB,Norte,1,0,0,0.3514,0,BAIXO
120.4,30,0,4,484.8,7.3,8,0.1333,0.0,80.8,120.4,5.84,1.0,Fibra 500MB,Sul,0,0,0,0.3513,0,BAIXO
93.66,12,0,5,211.7,5.3,11,0.1667,0.0,70.57,46.83,5.83,0.45,Fibra 200MB,Centro,1,1,0,0.3512,0,BAIXO
69.54,21,1,0,76.7,8.0,12,0.0,0.0455,51.13,69.54,9.6,0.6,Fibra 100MB,Oeste,1,0,0,0.3508,0,BAIXO
450.06,9,2,6,512.6,6.7,20,0.2,0.2,56.96,450.06,13.4,1.0,Empresarial,Centro,0,0,0,0.3507,0,BAIXO
400.32,55,1,0,817.3,9.2,12,0.0,0.0179,90.81,400.32,11.04,1.0,Empresarial,Norte,0,0,0,0.3507,0,BAIXO
72.34,9,0,0,93.0,6.5,13,0.0,0.0,62.0,36.17,8.45,0.75,Fibra 100MB,Sul,0,1,0,0.3504,0,BAIXO
95.05,47,2,3,106.2,8.1,19,0.1,0.0417,35.4,95.05,15.39,0.6,Fibra 200MB,Norte,1,0,0,0.3503,0,BAIXO
92.42,27,1,5,100.6,8.2,13,0.1667,0.0357,33.53,92.42,10.66,1.0,Fibra 200MB,Sul,0,0,0,0.3503,0,BAIXO
69.62,34,2,5,128.1,10.0,17,0.1667,0.0571,85.4,69.62,17.0,0.6,Fibra 100MB,Norte,1,0,0,0.3503,0,BAIXO
82.42,24,0,1,57.3,7.4,7,0.0333,0.0,38.2,41.21,5.18,0.45,Fibra 100MB,Centro,1,1,0,0.3502,0,BAIXO
73.32,5,1,1,84.8,6.2,23,0.0333,0.1667,56.53,73.32,14.26,1.0,Fibra 100MB,Norte,0,0,1,0.3502,0,BAIXO
74.43,2,1,1,89.2,4.2,23,0.0333,0.3333,59.47,74.43,9.66,2.5,Fibra 100MB,Oeste,0,0,0,0.35,0,BAIXO
78.62,54,2,4,110.9,8.3,22,0.1333,0.0364,73.93,78.62,18.26,0.6,Fibra 100MB,Norte,1,0,0,0.3498,0,BAIXO
90.17,42,0,5,273.6,8.1,6,0.1667,0.0,91.2,90.17,4.86,1.0,Fibra 200MB,Sul,0,0,0,0.3497,0,BAIXO
82.8,12,2,0,112.1,7.5,23,0.0,0.1538,74.73,27.6,17.25,0.75,Fibra 100MB,Oeste,0,2,1,0.3496,0,BAIXO
70.23,47,1,5,98.0,5.5,19,0.1667,0.0208,65.33,23.41,10.45,0.75,Fibra 100MB,Sul,0,2,0,0.3495,0,BAIXO
110.68,22,0,29,210.5,6.1,15,0.9667,0.0,70.17,55.34,9.15,0.45,Fibra 200MB,Norte,1,1,1,0.3494,0,BAIXO
196.59,41,1,9,591.1,8.2,17,0.3,0.0238,98.52,196.59,13.94,1.0,Fibra 500MB,Leste,0,0,0,0.3493,0,BAIXO
463.77,9,2,2,583.3,7.7,9,0.0667,0.2,64.81,154.59,6.93,0.45,Empresarial,Leste,1,2,1,0.3493,0,BAIXO
118.4,53,1,1,277.0,7.9,6,0.0333,0.0185,92.33,59.2,4.74,0.45,Fibra 200MB,Centro,1,1,0,0.3485,0,BAIXO
112.26,34,2,5,169.2,8.0,20,0.1667,0.0571,56.4,112.26,16.0,1.0,Fibra 200MB,Sul,0,0,0,0.3485,0,BAIXO
91.58,35,0,3,269.7,6.6,14,0.1,0.0,89.9,45.79,9.24,0.75,Fibra 200MB,Leste,0,1,0,0.3482,0,BAIXO
176.08,3,1,2,247.1,6.6,14,0.0667,0.25,41.18,58.69,9.24,0.75,Fibra 500MB,Centro,0,2,0,0.3482,0,BAIXO
72.19,41,1,5,133.1,9.3,6,0.1667,0.0238,88.73,72.19,5.58,0.6,Fibra 100MB,Leste,1,0,0,0.3482,0,BAIXO
82.05,1,1,11,84.9,9.7,24,0.3667,0.5,56.6,82.05,23.28,1.0,Fibra 100MB,Oeste,0,0,0,0.3479,0,BAIXO
95.93,5,1,4,114.5,5.9,18,0.1333,0.1667,38.17,47.96,10.62,0.75,Fibra 200MB,Centro,0,1,1,0.3475,0,BAIXO
83.31,29,0,9,133.5,6.6,13,0.3,0.0,89.0,27.77,8.58,0.45,Fibra 100MB,Norte,1,2,1,0.3475,0,BAIXO
82.76,58,0,27,69.6,8.5,19,0.9,0.0,46.4,41.38,16.15,0.75,Fibra 100MB,Leste,0,1,0,0.3475,0,BAIXO
184.32,21,3,5,246.3,8.1,23,0.1667,0.1364,41.05,92.16,18.63,0.75,Fibra 500MB,Centro,0,1,0,0.3472,0,BAIXO
73.52,9,0,6,55.7,6.6,9,0.2,0.0,37.13,18.38,5.94,0.45,Fibra 100MB,Sul,1,3,0,0.3472,0,BAIXO
74.56,60,2,4,67.3,7.9,22,0.1333,0.0328,44.87,74.56,17.38,0.6,Fibra 100MB,Leste,1,0,1,0.3472,0,BAIXO
80.36,44,1,30,128.6,7.9,15,1.0,0.0222,85.73,80.36,11.85,0.6,Fibra 100MB,Sul,1,0,0,0.3469,0,BAIXO
138.16,31,0,25,382.0,6.8,12,0.8333,0.0,63.67,34.54,8.16,0.75,Fibra 500MB,Centro,0,3,0,0.3468,0,BAIXO
165.7,24,1,2,500.4,8.0,14,0.0667,0.04,83.4,165.7,11.2,1.0,Fibra 500MB,Oeste,0,0,0,0.3467,0,BAIXO
89.75,29,2,28,178.6,7.8,22,0.9333,0.0667,59.53,29.92,17.16,0.45,Fibra 200MB,Norte,1,2,0,0.3467,0,BAIXO
78.64,18,2,3,106.6,8.1,17,0.1,0.1053,71.07,78.64,13.77,0.6,Fibra 100MB,Centro,1,0,1,0.3467,0,BAIXO
69.24,27,0,1,141.9,7.7,8,0.0333,0.0,94.6,69.24,6.16,0.6,Fibra 100MB,Leste,1,0,1,0.3464,0,BAIXO
449.99,48,0,3,299.2,6.9,7,0.1,0.0,33.24,449.99,4.83,0.6,Empresarial,Leste,1,0,0,0.3464,0,BAIXO
517.08,5,3,5,575.3,6.3,17,0.1667,0.5,63.92,258.54,10.71,0.45,Empresarial,Sul,1,1,0,0.3461,0,BAIXO
96.03,37,2,23,136.2,7.2,24,0.7667,0.0526,45.4,96.03,17.28,1.0,Fibra 200MB,Sul,0,0,0,0.3461,0,BAIXO
118.17,27,2,0,244.7,6.9,20,0.0,0.0714,81.57,118.17,13.8,1.0,Fibra 200MB,Sul,0,0,0,0.3461,0,BAIXO
117.4,29,1,4,243.6,8.5,11,0.1333,0.0333,81.2,117.4,9.35,1.0,Fibra 200MB,Sul,0,0,0,0.3461,0,BAIXO
513.24,28,1,1,411.5,6.4,12,0.0333,0.0345,45.72,256.62,7.68,0.75,Empresarial,Centro,0,1,0,0.3456,0,BAIXO
113.62,37,1,3,145.7,5.8,17,0.1,0.0263,48.57,56.81,9.86,0.75,Fibra 200MB,Sul,0,1,0,0.3455,0,BAIXO
111.7,19,1,60,186.0,9.4,16,2.0,0.05,62.0,111.7,15.04,1.8,Fibra 200MB,Sul,1,0,0,0.3453,0,BAIXO
96.13,1,1,18,276.9,7.7,17,0.6,0.5,92.3,48.06,13.09,0.75,Fibra 200MB,Sul,0,1,0,0.3452,0,BAIXO
115.17,5,1,0,290.3,7.1,15,0.0,0.1667,96.77,115.17,10.65,1.0,Fibra 200MB,Sul,0,0,0,0.3452,0,BAIXO
81.35,1,0,10,67.2,5.9,12,0.3333,0.0,44.8,40.67,7.08,0.45,Fibra 100MB,Sul,1,1,0,0.3449,0,BAIXO
75.37,52,1,5,75.2,7.4,17,0.1667,0.0189,50.13,18.84,12.58,0.75,Fibra 100MB,Sul,0,3,0,0.3449,0,BAIXO
91.4,2,1,4,195.3,6.0,17,0.1333,0.3333,65.1,45.7,10.2,0.45,Fibra 200MB,Norte,1,1,0,0.3442,0,BAIXO
100.65,29,0,2,140.9,5.1,15,0.0667,0.0,46.97,33.55,7.65,0.75,Fibra 200MB,Centro,0,2,0,0.344,0,BAIXO
472.49,31,0,3,781.5,7.5,8,0.1,0.0,86.83,472.49,6.0,1.0,Empresarial,Sul,0,0,0,0.3439,0,BAIXO
135.12,40,1,2,382.2,6.8,13,0.0667,0.0244,63.7,135.12,8.84,0.6,Fibra 500MB,Leste,1,0,0,0.3439,0,BAIXO
399.13,50,1,5,787.4,7.5,15,0.1667,0.0196,87.49,399.13,11.25,1.0,Empresarial,Centro,0,0,1,0.3437,0,BAIXO
126.46,37,1,26,341.5,8.4,8,0.8667,0.0263,56.92,63.23,6.72,0.45,Fibra 500MB,Oeste,1,1,0,0.3436,0,BAIXO
91.3,35,1,5,167.6,8.1,18,0.1667,0.0278,55.87,30.43,14.58,0.75,Fibra 200MB,Norte,0,2,0,0.3431,0,BAIXO
71.34,2,0,4,143.6,6.1,14,0.1333,0.0,95.73,35.67,8.54,0.75,Fibra 100MB,Sul,0,1,0,0.3429,0,BAIXO
106.73,52,2,5,219.5,9.5,22,0.1667,0.0377,73.17,35.58,20.9,0.75,Fibra 200MB,Leste,0,2,0,0.3427,0,BAIXO
96.71,46,0,2,99.4,6.7,9,0.0667,0.0,33.13,96.71,6.03,0.6,Fibra 200MB,Centro,1,0,0,0.3426,0,BAIXO
155.7,34,1,5,417.6,7.4,8,0.1667,0.0286,69.6,155.7,5.92,0.6,Fibra 500MB,Sul,1,0,0,0.3423,0,BAIXO
165.72,18,1,75,277.0,8.2,21,2.5,0.0526,46.17,82.86,17.22,1.35,Fibra 500MB,Oeste,1,1,0,0.3423,0,BAIXO
104.92,58,0,11,219.1,7.2,6,0.3667,0.0,73.03,26.23,4.32,0.45,Fibra 200MB,Centro,1,3,1,0.3421,0,BAIXO
85.07,34,0,1,113.6,3.9,19,0.0333,0.0,75.73,28.36,7.41,1.875,Fibra 100MB,Oeste,0,2,0,0.342,0,BAIXO
145.39,59,2,17,216.9,8.6,17,0.5667,0.0333,36.15,145.39,14.62,0.6,Fibra 500MB,Leste,1,0,1,0.3416,0,BAIXO
183.64,49,0,6,394.1,7.1,14,0.2,0.0,65.68,183.64,9.94,1.0,Fibra 500MB,Leste,0,0,0,0.3414,0,BAIXO
139.15,25,2,6,337.5,6.7,16,0.2,0.0769,56.25,139.15,10.72,0.6,Fibra 500MB,Centro,1,0,0,0.3413,0,BAIXO
85.74,42,0,3,140.7,7.0,12,0.1,0.0,93.8,42.87,8.4,0.45,Fibra 100MB,Norte,1,1,0,0.341,0,BAIXO
69.75,56,0,24,72.1,9.1,17,0.8,0.0,48.07,69.75,15.47,1.0,Fibra 100MB,Oeste,0,0,0,0.341,0,BAIXO
111.13,36,1,2,132.6,7.8,11,0.0667,0.027,44.2,55.56,8.58,0.45,Fibra 200MB,Leste,1,1,0,0.3409,0,BAIXO
85.56,34,1,10,119.6,9.6,10,0.3333,0.0286,79.73,85.56,9.6,0.6,Fibra 100MB,Norte,1,0,0,0.3408,0,BAIXO
457.83,22,2,3,505.9,8.3,14,0.1,0.087,56.21,228.92,11.62,0.75,Empresarial,Oeste,0,1,0,0.3406,0,BAIXO
84.1,11,1,2,132.3,9.0,17,0.0667,0.0833,88.2,84.1,15.3,1.0,Fibra 100MB,Oeste,0,0,0,0.3403,0,BAIXO
83.88,57,2,4,71.5,7.3,24,0.1333,0.0345,47.67,83.88,17.52,0.6,Fibra 100MB,Norte,1,0,0,0.3401,0,BAIXO
442.33,10,1,3,531.2,7.1,16,0.1,0.0909,59.02,442.33,11.36,1.0,Empresarial,Oeste,0,0,0,0.3401,0,BAIXO
92.01,38,1,1,197.0,8.2,11,0.0333,0.0256,65.67,46.0,9.02,0.75,Fibra 200MB,Sul,0,1,0,0.34,0,BAIXO
190.69,2,0,13,362.9,6.8,9,0.4333,0.0,60.48,190.69,6.12,0.6,Fibra 500MB,Oeste,1,0,0,0.3397,0,BAIXO
110.69,44,1,8,169.5,7.9,17,0.2667,0.0222,56.5,55.34,13.43,0.75,Fibra 200MB,Oeste,0,1,0,0.3395,0,BAIXO
435.11,25,1,4,752.0,8.2,9,0.1333,0.0385,83.56,145.04,7.38,0.75,Empresarial,Leste,0,2,0,0.3394,0,BAIXO
102.15,28,2,30,293.8,7.8,17,1.0,0.069,97.93,51.08,13.26,0.45,Fibra 200MB,Sul,1,1,0,0.3394,0,BAIXO
77.2,57,0,15,91.5,6.8,12,0.5,0.0,61.0,77.2,8.16,0.6,Fibra 100MB,Sul,1,0,1,0.339,0,BAIXO
97.22,17,1,3,134.4,9.5,17,0.1,0.0556,44.8,97.22,16.15,1.0,Fibra 200MB,Norte,0,0,0,0.339,0,BAIXO
177.41,27,1,2,500.9,7.2,18,0.0667,0.0357,83.48,177.41,12.96,1.0,Fibra 500MB,Leste,0,0,0,0.3387,0,BAIXO
84.02,15,0,10,135.6,9.4,6,0.3333,0.0,90.4,84.02,5.64,1.0,Fibra 100MB,Oeste,0,0,0,0.3386,0,BAIXO
125.33,52,2,2,478.4,9.1,13,0.0667,0.0377,79.73,41.78,11.83,0.75,Fibra 500MB,Centro,0,2,0,0.3386,0,BAIXO
174.1,12,0,5,397.3,7.1,8,0.1667,0.0,66.22,87.05,5.68,0.75,Fibra 500MB,Sul,0,1,0,0.3385,0,BAIXO
86.13,53,2,0,135.2,6.5,23,0.0,0.037,90.13,43.06,14.95,0.75,Fibra 100MB,Centro,0,1,0,0.3383,0,BAIXO
80.39,4,0,5,49.9,5.6,16,0.1667,0.0,33.27,80.39,8.96,0.6,Fibra 100MB,Leste,1,0,1,0.3382,0,BAIXO
380.07,44,0,52,758.8,8.7,8,1.7333,0.0,84.31,380.07,6.96,1.8,Empresarial,Centro,1,0,1,0.3377,0,BAIXO
411.31,13,1,18,858.1,6.5,15,0.6,0.0714,95.34,205.66,9.75,0.75,Empresarial,Sul,0,1,1,0.3377,0,BAIXO
418.31,6,2,5,721.6,8.7,8,0.1667,0.2857,80.18,104.58,6.96,0.75,Empresarial,Sul,0,3,0,0.3376,0,BAIXO
96.95,25,0,5,205.9,7.4,10,0.1667,0.0,68.63,32.32,7.4,0.75,Fibra 200MB,Centro,0,2,0,0.3375,0,BAIXO
82.2,58,1,0,113.5,6.3,19,0.0,0.0169,75.67,82.2,11.97,0.6,Fibra 100MB,Norte,1,0,0,0.3372,0,BAIXO
112.56,22,1,21,217.3,8.9,16,0.7,0.0435,72.43,37.52,14.24,0.75,Fibra 200MB,Oeste,0,2,0,0.3368,0,BAIXO
106.12,55,0,19,180.7,8.4,12,0.6333,0.0,60.23,26.53,10.08,0.75,Fibra 200MB,Leste,0,3,0,0.3368,0,BAIXO
79.5,24,0,4,101.9,8.2,12,0.1333,0.0,67.93,79.5,9.84,1.0,Fibra 100MB,Centro,0,0,0,0.3368,0,BAIXO
83.85,18,0,29,147.3,6.3,17,0.9667,0.0,98.2,27.95,10.71,0.75,Fibra 100MB,Sul,0,2,1,0.3367,0,BAIXO
505.28,19,1,0,754.0,6.0,12,0.0,0.05,83.78,252.64,7.2,0.45,Empresarial,Leste,1,1,0,0.3365,0,BAIXO
73.71,11,0,0,78.7,5.7,19,0.0,0.0,52.47,73.71,10.83,1.0,Fibra 100MB,Leste,0,0,0,0.3362,0,BAIXO
100.82,36,0,3,215.8,5.2,12,0.1,0.0,71.93,50.41,6.24,0.45,Fibra 200MB,Centro,1,1,0,0.336,0,BAIXO
444.52,42,3,2,700.2,5.6,24,0.0667,0.0698,77.8,444.52,13.44,1.0,Empresarial,Sul,0,0,0,0.3359,0,BAIXO
185.84,24,1,16,533.4,6.7,22,0.5333,0.04,88.9,185.84,14.74,1.0,Fibra 500MB,Norte,0,0,0,0.3359,0,BAIXO
73.47,12,2,29,118.6,9.1,21,0.9667,0.1538,79.07,73.47,19.11,0.6,Fibra 100MB,Sul,1,0,0,0.3356,0,BAIXO
83.07,21,1,5,74.3,8.3,18,0.1667,0.0455,49.53,83.07,14.94,1.0,Fibra 100MB,Sul,0,0,0,0.3355,0,BAIXO
151.82,55,2,0,452.9,8.8,12,0.0,0.0357,75.48,50.61,10.56,0.75,Fibra 500MB,Sul,0,2,0,0.3354,0,BAIXO
472.0,21,1,1,803.1,7.9,12,0.0333,0.0455,89.23,236.0,9.48,0.75,Empresarial,Leste,0,1,0,0.3353,0,BAIXO
179.7,9,1,19,400.9,10.0,10,0.6333,0.1,66.82,89.85,10.0,0.75,Fibra 500MB,Norte,0,1,0,0.3352,0,BAIXO
75.9,21,2,23,70.3,8.2,22,0.7667,0.0909,46.87,37.95,18.04,0.45,Fibra 100MB,Centro,1,1,0,0.3346,0,BAIXO
113.17,32,1,1,197.1,8.0,14,0.0333,0.0303,65.7,113.17,11.2,1.0,Fibra 200MB,Sul,0,0,0,0.3344,0,BAIXO
186.61,58,2,8,420.1,8.6,15,0.2667,0.0339,70.02,62.2,12.9,0.75,Fibra 500MB,Sul,0,2,0,0.3342,0,BAIXO
87.95,15,0,2,93.5,7.3,8,0.0667,0.0,62.33,43.98,5.84,0.45,Fibra 100MB,Centro,1,1,0,0.3342,0,BAIXO
70.41,6,0,4,64.4,8.8,14,0.1333,0.0,42.93,70.41,12.32,1.0,Fibra 100MB,Leste,0,0,0,0.334,0,BAIXO
76.64,14,0,2,105.6,6.0,17,0.0667,0.0,70.4,38.32,10.2,0.75,Fibra 100MB,Oeste,0,1,0,0.334,0,BAIXO
139.7,36,1,2,467.0,4.8,15,0.0667,0.027,77.83,69.85,7.2,1.125,Fibra 500MB,Centro,1,1,0,0.3339,0,BAIXO
79.76,22,2,0,111.2,10.0,21,0.0,0.087,74.13,26.59,21.0,0.75,Fibra 100MB,Centro,0,2,0,0.3334,0,BAIXO
137.52,18,1,3,486.7,5.3,13,0.1,0.0526,81.12,68.76,6.89,0.45,Fibra 500MB,Sul,1,1,0,0.3333,0,BAIXO
88.48,30,1,2,62.1,6.3,17,0.0667,0.0323,41.4,88.48,10.71,0.6,Fibra 100MB,Centro,1,0,0,0.333,0,BAIXO
183.76,8,0,20,283.1,7.7,16,0.6667,0.0,47.18,183.76,12.32,1.0,Fibra 500MB,Norte,0,0,0,0.333,0,BAIXO
101.37,56,1,4,173.4,8.3,10,0.1333,0.0175,57.8,101.37,8.3,0.6,Fibra 200MB,Oeste,1,0,0,0.333,0,BAIXO
97.24,55,2,2,186.3,9.0,8,0.0667,0.0357,62.1,32.41,7.2,0.45,Fibra 200MB,Centro,1,2,1,0.333,0,BAIXO
98.19,7,1,13,224.7,7.3,19,0.4333,0.125,74.9,49.1,13.87,0.75,Fibra 200MB,Oeste,0,1,0,0.3329,0,BAIXO
117.98,22,1,5,288.7,8.8,13,0.1667,0.0435,96.23,29.5,11.44,0.75,Fibra 200MB,Leste,0,3,0,0.3328,0,BAIXO
76.52,56,2,0,55.2,8.0,18,0.0,0.0351,36.8,76.52,14.4,0.6,Fibra 100MB,Sul,1,0,1,0.3328,0,BAIXO
84.23,7,2,23,147.8,8.0,24,0.7667,0.25,98.53,84.23,19.2,0.6,Fibra 100MB,Oeste,1,0,0,0.3326,0,BAIXO
97.66,35,0,2,144.8,9.0,10,0.0667,0.0,48.27,97.66,9.0,1.0,Fibra 200MB,Norte,0,0,0,0.3326,0,BAIXO
166.31,55,1,5,249.3,6.5,14,0.1667,0.0179,41.55,166.31,9.1,0.6,Fibra 500MB,Oeste,1,0,0,0.3324,0,BAIXO
161.31,53,0,5,213.1,5.6,13,0.1667,0.0,35.52,161.31,7.28,0.6,Fibra 500MB,Leste,1,0,0,0.3322,0,BAIXO
93.21,16,0,4,271.1,7.8,13,0.1333,0.0,90.37,46.6,10.14,0.75,Fibra 200MB,Norte,0,1,0,0.3322,0,BAIXO
196.88,20,0,2,485.3,7.4,9,0.0667,0.0,80.88,196.88,6.66,1.0,Fibra 500MB,Sul,0,0,0,0.3321,0,BAIXO
73.98,36,0,5,128.6,9.2,6,0.1667,0.0,85.73,36.99,5.52,0.75,Fibra 100MB,Oeste,0,1,0,0.3319,0,BAIXO
107.26,54,0,0,170.3,7.0,11,0.0,0.0,56.77,53.63,7.7,0.75,Fibra 200MB,Sul,0,1,0,0.3318,0,BAIXO
96.24,59,0,14,201.1,7.7,6,0.4667,0.0,67.03,48.12,4.62,0.45,Fibra 200MB,Centro,1,1,0,0.3317,0,BAIXO
78.43,31,1,4,62.3,8.2,18,0.1333,0.0312,41.53,78.43,14.76,0.6,Fibra 100MB,Norte,1,0,0,0.3316,0,BAIXO
79.34,45,1,1,50.3,8.6,11,0.0333,0.0217,33.53,79.34,9.46,0.6,Fibra 100MB,Centro,1,0,0,0.3314,0,BAIXO
455.03,19,1,0,334.2,8.5,7,0.0,0.05,37.13,455.03,5.95,1.0,Empresarial,Sul,0,0,0,0.3314,0,BAIXO
77.43,36,1,3,133.2,9.7,9,0.1,0.027,88.8,38.72,8.73,0.75,Fibra 100MB,Centro,0,1,0,0.3311,0,BAIXO
83.45,58,1,3,127.4,8.0,18,0.1,0.0169,84.93,83.45,14.4,1.0,Fibra 100MB,Sul,0,0,0,0.331,0,BAIXO
471.65,6,0,0,477.9,6.5,6,0.0,0.0,53.1,471.65,3.9,0.6,Empresarial,Sul,1,0,1,0.3309,0,BAIXO
103.11,13,1,27,255.1,10.0,17,0.9,0.0714,85.03,34.37,17.0,0.75,Fibra 200MB,Leste,0,2,0,0.3308,0,BAIXO
480.44,25,1,43,501.9,7.4,24,1.4333,0.0385,55.77,480.44,17.76,3.0,Empresarial,Centro,0,0,0,0.3306,0,BAIXO
95.91,1,1,30,203.2,8.3,12,1.0,0.5,67.73,31.97,9.96,0.45,Fibra 200MB,Sul,1,2,0,0.3301,0,BAIXO
105.44,11,0,1,299.8,7.3,7,0.0333,0.0,99.93,105.44,5.11,0.6,Fibra 200MB,Oeste,1,0,0,0.3301,0,BAIXO
433.47,43,0,79,565.6,8.6,20,2.6333,0.0,62.84,433.47,17.2,1.8,Empresarial,Leste,1,0,0,0.33,0,BAIXO
488.48,19,1,2,786.7,8.0,12,0.0667,0.05,87.41,488.48,9.6,0.6,Empresarial,Norte,1,0,0,0.33,0,BAIXO
180.83,7,0,0,296.4,6.7,7,0.0,0.0,49.4,180.83,4.69,0.6,Fibra 500MB,Centro,1,0,1,0.3297,0,BAIXO
162.04,43,1,3,397.8,9.2,16,0.1,0.0227,66.3,162.04,14.72,1.0,Fibra 500MB,Norte,0,0,0,0.3296,0,BAIXO
476.63,41,1,12,672.3,8.4,15,0.4,0.0238,74.7,476.63,12.6,1.0,Empresarial,Centro,0,0,0,0.3296,0,BAIXO
111.06,29,2,15,257.3,5.8,22,0.5,0.0667,85.77,37.02,12.76,0.75,Fibra 200MB,Sul,0,2,0,0.3295,0,BAIXO
83.92,36,0,5,117.9,6.2,16,0.1667,0.0,78.6,83.92,9.92,0.6,Fibra 100MB,Norte,1,0,0,0.3295,0,BAIXO
146.82,32,2,5,229.2,7.3,22,0.1667,0.0606,38.2,73.41,16.06,0.75,Fibra 500MB,Leste,0,1,1,0.3293,0,BAIXO
93.54,2,1,3,146.2,6.1,22,0.1,0.3333,48.73,93.54,13.42,1.0,Fibra 200MB,Leste,0,0,0,0.329,0,BAIXO
158.07,51,0,29,518.9,6.4,13,0.9667,0.0,86.48,52.69,8.32,0.45,Fibra 500MB,Leste,1,2,0,0.329,0,BAIXO
75.47,40,0,4,101.8,6.4,14,0.1333,0.0,67.87,37.74,8.96,0.45,Fibra 100MB,Leste,1,1,0,0.3289,0,BAIXO
86.47,53,0,27,121.0,10.0,18,0.9,0.0,80.67,86.47,18.0,1.0,Fibra 100MB,Leste,0,0,0,0.3282,0,BAIXO
167.73,24,1,16,522.4,6.7,15,0.5333,0.04,87.07,83.86,10.05,0.45,Fibra 500MB,Leste,1,1,0,0.3281,0,BAIXO
104.79,9,2,4,133.9,8.2,18,0.1333,0.2,44.63,52.4,14.76,0.45,Fibra 200MB,Leste,1,1,0,0.3278,0,BAIXO
97.04,59,2,3,198.6,8.3,12,0.1,0.0333,66.2,48.52,9.96,0.45,Fibra 200MB,Sul,1,1,0,0.3276,0,BAIXO
87.59,2,0,23,123.5,9.7,7,0.7667,0.0,82.33,87.59,6.79,1.0,Fibra 100MB,Centro,0,0,1,0.3276,0,BAIXO
424.51,7,0,5,649.7,7.9,8,0.1667,0.0,72.19,212.26,6.32,0.75,Empresarial,Norte,0,1,0,0.3275,0,BAIXO
171.67,39,1,22,517.5,6.4,19,0.7333,0.025,86.25,85.84,12.16,0.75,Fibra 500MB,Centro,0,1,1,0.3274,0,BAIXO
79.18,13,1,29,130.6,8.4,20,0.9667,0.0714,87.07,19.8,16.8,0.75,Fibra 100MB,Sul,0,3,0,0.327,0,BAIXO
182.46,3,1,22,351.1,4.5,17,0.7333,0.25,58.52,91.23,7.65,1.125,Fibra 500MB,Sul,1,1,0,0.3269,0,BAIXO
194.87,8,1,21,542.9,8.1,7,0.7,0.1111,90.48,48.72,5.67,0.45,Fibra 500MB,Centro,1,3,0,0.3268,0,BAIXO
134.89,36,1,5,207.9,6.7,17,0.1667,0.027,34.65,67.44,11.39,0.75,Fibra 500MB,Oeste,0,1,0,0.3266,0,BAIXO
150.66,27,0,68,546.1,7.6,20,2.2667,0.0,91.02,150.66,15.2,1.8,Fibra 500MB,Leste,1,0,0,0.3262,0,BAIXO
91.48,54,1,5,205.4,8.5,20,0.1667,0.0182,68.47,45.74,17.0,0.75,Fibra 200MB,Norte,0,1,0,0.3261,0,BAIXO
488.75,44,3,25,632.0,7.8,23,0.8333,0.0667,70.22,162.92,17.94,0.75,Empresarial,Sul,0,2,1,0.3261,0,BAIXO
76.05,33,1,2,113.1,7.1,14,0.0667,0.0294,75.4,76.05,9.94,0.6,Fibra 100MB,Sul,1,0,1,0.326,0,BAIXO
515.78,15,0,5,396.5,5.8,12,0.1667,0.0,44.06,257.89,6.96,0.75,Empresarial,Oeste,0,1,0,0.326,0,BAIXO
128.32,40,2,4,596.1,8.0,19,0.1333,0.0488,99.35,128.32,15.2,0.6,Fibra 500MB,Norte,1,0,1,0.3259,0,BAIXO
160.02,52,0,5,374.7,8.2,8,0.1667,0.0,62.45,160.02,6.56,1.0,Fibra 500MB,Centro,0,0,0,0.3257,0,BAIXO
104.75,33,1,4,246.7,8.8,14,0.1333,0.0294,82.23,52.38,12.32,0.75,Fibra 200MB,Oeste,0,1,0,0.3252,0,BAIXO
145.68,43,0,25,551.9,9.2,8,0.8333,0.0,91.98,72.84,7.36,0.75,Fibra 500MB,Leste,0,1,0,0.3249,0,BAIXO
104.75,60,1,1,297.2,6.9,11,0.0333,0.0164,99.07,52.38,7.59,0.45,Fibra 200MB,Sul,1,1,0,0.3241,0,BAIXO
109.83,46,1,0,151.7,5.5,20,0.0,0.0213,50.57,109.83,11.0,1.0,Fibra 200MB,Centro,0,0,1,0.3239,0,BAIXO
196.37,42,0,24,283.9,7.1,9,0.8,0.0,47.32,196.37,6.39,0.6,Fibra 500MB,Sul,1,0,0,0.3236,0,BAIXO
84.71,14,2,0,127.7,10.0,18,0.0,0.1333,85.13,42.36,18.0,0.45,Fibra 100MB,Norte,1,1,0,0.3236,0,BAIXO
92.02,32,1,2,195.7,9.0,17,0.0667,0.0303,65.23,30.67,15.3,0.75,Fibra 200MB,Norte,0,2,0,0.3233,0,BAIXO
88.51,36,1,1,119.8,5.2,18,0.0333,0.027,79.87,88.51,9.36,0.6,Fibra 100MB,Centro,1,0,0,0.3233,0,BAIXO
181.49,45,0,2,570.1,7.4,7,0.0667,0.0,95.02,181.49,5.18,0.6,Fibra 500MB,Oeste,1,0,0,0.3232,0,BAIXO
485.53,11,2,4,424.1,7.9,22,0.1333,0.1667,47.12,485.53,17.38,1.0,Empresarial,Oeste,0,0,0,0.3229,0,BAIXO
115.63,58,1,4,231.4,10.0,14,0.1333,0.0169,77.13,57.82,14.0,0.75,Fibra 200MB,Norte,0,1,0,0.3227,0,BAIXO
480.91,3,2,3,300.4,7.2,20,0.1,0.5,33.38,480.91,14.4,0.6,Empresarial,Norte,1,0,0,0.3227,0,BAIXO
101.85,7,2,3,159.2,9.8,15,0.1,0.25,53.07,33.95,14.7,0.75,Fibra 200MB,Sul,0,2,0,0.3224,0,BAIXO
173.86,14,1,17,474.1,10.0,10,0.5667,0.0667,79.02,57.95,10.0,0.75,Fibra 500MB,Norte,0,2,0,0.3224,0,BAIXO
160.7,41,0,4,503.4,6.9,12,0.1333,0.0,83.9,160.7,8.28,1.0,Fibra 500MB,Sul,0,0,0,0.3224,0,BAIXO
179.99,17,4,2,340.2,8.2,23,0.0667,0.2222,56.7,45.0,18.86,0.45,Fibra 500MB,Centro,1,3,0,0.3224,0,BAIXO
80.77,14,0,0,108.2,6.2,19,0.0,0.0,72.13,80.77,11.78,1.0,Fibra 100MB,Leste,0,0,0,0.3222,0,BAIXO
137.42,54,2,4,422.0,10.0,10,0.1333,0.0364,70.33,137.42,10.0,0.6,Fibra 500MB,Norte,1,0,0,0.3221,0,BAIXO
98.34,34,2,21,214.2,7.7,17,0.7,0.0571,71.4,32.78,13.09,0.45,Fibra 200MB,Sul,1,2,0,0.3218,0,BAIXO
110.53,36,1,20,223.5,6.5,19,0.6667,0.027,74.5,36.84,12.35,0.75,Fibra 200MB,Sul,0,2,0,0.3218,0,BAIXO
412.26,7,0,2,799.9,7.3,11,0.0667,0.0,88.88,412.26,8.03,1.0,Empresarial,Centro,0,0,0,0.3218,0,BAIXO
173.99,57,0,19,593.3,6.2,19,0.6333,0.0,98.88,173.99,11.78,1.0,Fibra 500MB,Leste,0,0,0,0.3214,0,BAIXO
107.06,60,2,2,260.0,6.3,20,0.0667,0.0328,86.67,53.53,12.6,0.45,Fibra 200MB,Leste,1,1,0,0.3213,0,BAIXO
181.11,53,0,0,510.9,3.9,17,0.0,0.0,85.15,181.11,6.63,1.5,Fibra 500MB,Norte,1,0,0,0.3212,0,BAIXO
125.51,27,0,3,567.6,7.1,12,0.1,0.0,94.6,62.76,8.52,0.75,Fibra 500MB,Oeste,0,1,0,0.3207,0,BAIXO
157.19,46,1,4,365.8,6.9,16,0.1333,0.0213,60.97,157.19,11.04,0.6,Fibra 500MB,Norte,1,0,0,0.3206,0,BAIXO
72.39,60,0,8,98.4,6.9,16,0.2667,0.0,65.6,36.2,11.04,0.75,Fibra 100MB,Sul,0,1,0,0.3204,0,BAIXO
416.13,40,2,3,479.1,9.0,10,0.1,0.0488,53.23,416.13,9.0,0.6,Empresarial,Oeste,1,0,0,0.3203,0,BAIXO
72.04,6,1,2,67.7,7.2,20,0.0667,0.1429,45.13,72.04,14.4,0.6,Fibra 100MB,Norte,1,0,0,0.3201,0,BAIXO
510.89,44,2,2,810.6,9.8,14,0.0667,0.0444,90.07,510.89,13.72,0.6,Empresarial,Norte,1,0,1,0.3199,0,BAIXO
110.68,11,0,1,157.1,6.5,13,0.0333,0.0,52.37,27.67,8.45,0.75,Fibra 200MB,Centro,0,3,0,0.3194,0,BAIXO
162.66,26,0,2,331.3,6.8,9,0.0667,0.0,55.22,162.66,6.12,0.6,Fibra 500MB,Oeste,1,0,1,0.3192,0,BAIXO
82.32,60,1,0,138.7,5.5,23,0.0,0.0164,92.47,27.44,12.65,0.75,Fibra 100MB,Norte,0,2,0,0.3191,0,BAIXO
149.64,47,0,3,471.2,6.9,14,0.1,0.0,78.53,74.82,9.66,0.75,Fibra 500MB,Leste,0,1,0,0.3189,0,BAIXO
105.47,55,0,1,188.9,7.9,8,0.0333,0.0,62.97,52.74,6.32,0.45,Fibra 200MB,Norte,1,1,0,0.3185,0,BAIXO
517.8,7,2,2,754.1,8.0,21,0.0667,0.25,83.79,517.8,16.8,1.0,Empresarial,Sul,0,0,0,0.3184,0,BAIXO
100.24,41,2,18,131.1,5.9,22,0.6,0.0476,43.7,25.06,12.98,0.45,Fibra 200MB,Leste,1,3,0,0.3184,0,BAIXO
141.87,58,0,16,488.0,7.8,16,0.5333,0.0,81.33,141.87,12.48,1.0,Fibra 500MB,Leste,0,0,0,0.3182,0,BAIXO
163.89,51,1,1,586.9,6.7,17,0.0333,0.0192,97.82,163.89,11.39,1.0,Fibra 500MB,Sul,0,0,0,0.3181,0,BAIXO
177.88,32,2,4,261.1,7.4,24,0.1333,0.0606,43.52,88.94,17.76,0.75,Fibra 500MB,Norte,0,1,0,0.318,0,BAIXO
159.65,37,2,27,311.6,9.7,10,0.9,0.0526,51.93,159.65,9.7,0.6,Fibra 500MB,Sul,1,0,0,0.3178,0,BAIXO
154.58,44,0,0,355.1,8.3,8,0.0,0.0,59.18,77.29,6.64,0.75,Fibra 500MB,Leste,0,1,0,0.3174,0,BAIXO
156.13,17,0,3,547.1,8.8,7,0.1,0.0,91.18,78.06,6.16,0.75,Fibra 500MB,Norte,0,1,0,0.3173,0,BAIXO
98.53,32,0,4,204.1,8.1,11,0.1333,0.0,68.03,98.53,8.91,1.0,Fibra 200MB,Centro,0,0,1,0.3173,0,BAIXO
82.59,47,1,1,62.9,9.7,12,0.0333,0.0208,41.93,41.3,11.64,0.75,Fibra 100MB,Sul,0,1,0,0.3172,0,BAIXO
166.62,42,0,4,313.3,7.4,6,0.1333,0.0,52.22,166.62,4.44,0.6,Fibra 500MB,Centro,1,0,0,0.3172,0,BAIXO
72.7,59,2,17,140.5,7.9,20,0.5667,0.0333,93.67,36.35,15.8,0.45,Fibra 100MB,Sul,1,1,1,0.317,0,BAIXO
101.05,5,0,0,125.8,8.1,15,0.0,0.0,41.93,101.05,12.15,1.0,Fibra 200MB,Norte,0,0,0,0.3169,0,BAIXO
427.75,35,0,2,632.2,8.0,10,0.0667,0.0,70.24,427.75,8.0,1.0,Empresarial,Oeste,0,0,0,0.3168,0,BAIXO
96.28,20,1,1,266.4,9.4,7,0.0333,0.0476,88.8,96.28,6.58,1.0,Fibra 200MB,Sul,0,0,0,0.3168,0,BAIXO
102.36,26,0,16,230.7,8.1,10,0.5333,0.0,76.9,51.18,8.1,0.75,Fibra 200MB,Sul,0,1,1,0.3168,0,BAIXO
140.74,55,1,3,245.0,8.8,14,0.1,0.0179,40.83,70.37,12.32,0.75,Fibra 500MB,Leste,0,1,0,0.3166,0,BAIXO
86.75,22,0,4,138.5,5.1,16,0.1333,0.0,92.33,86.75,8.16,0.6,Fibra 100MB,Oeste,1,0,1,0.3166,0,BAIXO
181.65,54,0,4,521.5,5.6,15,0.1333,0.0,86.92,181.65,8.4,0.6,Fibra 500MB,Norte,1,0,0,0.3165,0,BAIXO
458.81,50,1,3,720.5,8.3,15,0.1,0.0196,80.06,458.81,12.45,1.0,Empresarial,Centro,0,0,0,0.3164,0,BAIXO
187.51,57,0,28,406.9,6.1,17,0.9333,0.0,67.82,93.76,10.37,0.75,Fibra 500MB,Centro,0,1,0,0.3164,0,BAIXO
161.49,13,1,30,560.8,8.6,12,1.0,0.0714,93.47,53.83,10.32,0.45,Fibra 500MB,Leste,1,2,0,0.3164,0,BAIXO
104.02,21,1,4,112.1,8.6,15,0.1333,0.0455,37.37,104.02,12.9,1.0,Fibra 200MB,Sul,0,0,0,0.3162,0,BAIXO
85.58,45,0,27,75.2,6.6,18,0.9,0.0,50.13,85.58,11.88,0.6,Fibra 100MB,Oeste,1,0,0,0.3159,0,BAIXO
81.43,12,0,2,74.2,7.1,17,0.0667,0.0,49.47,40.72,12.07,0.75,Fibra 100MB,Oeste,0,1,0,0.3158,0,BAIXO
95.39,41,0,90,244.4,8.0,23,3.0,0.0,81.47,31.8,18.4,1.35,Fibra 200MB,Oeste,1,2,1,0.3157,0,BAIXO
155.86,27,2,3,220.8,9.5,16,0.1,0.0714,36.8,155.86,15.2,1.0,Fibra 500MB,Sul,0,0,0,0.3156,0,BAIXO
73.24,5,0,4,49.8,6.8,17,0.1333,0.0,33.2,36.62,11.56,0.75,Fibra 100MB,Centro,0,1,0,0.3154,0,BAIXO
88.15,38,1,5,71.5,8.3,14,0.1667,0.0256,47.67,29.38,11.62,0.45,Fibra 100MB,Oeste,1,2,0,0.3154,0,BAIXO
91.85,37,1,4,225.0,7.4,13,0.1333,0.0263,75.0,91.85,9.62,0.6,Fibra 200MB,Centro,1,0,0,0.3151,0,BAIXO
86.22,19,1,1,115.8,7.0,20,0.0333,0.05,77.2,86.22,14.0,1.0,Fibra 100MB,Sul,0,0,0,0.3151,0,BAIXO
83.67,59,1,1,147.1,7.2,21,0.0333,0.0167,98.07,83.67,15.12,1.0,Fibra 100MB,Centro,0,0,1,0.315,0,BAIXO
97.81,4,0,2,199.3,7.8,10,0.0667,0.0,66.43,97.81,7.8,1.0,Fibra 200MB,Sul,0,0,0,0.315,0,BAIXO
111.8,22,0,6,212.1,6.6,12,0.2,0.0,70.7,111.8,7.92,0.6,Fibra 200MB,Oeste,1,0,1,0.3149,0,BAIXO
131.17,49,0,4,210.8,8.3,13,0.1333,0.0,35.13,131.17,10.79,1.0,Fibra 500MB,Norte,0,0,0,0.3149,0,BAIXO
94.21,8,1,4,282.7,7.3,13,0.1333,0.1111,94.23,47.1,9.49,0.45,Fibra 200MB,Oeste,1,1,0,0.3148,0,BAIXO
112.04,38,0,5,228.6,7.5,9,0.1667,0.0,76.2,112.04,6.75,0.6,Fibra 200MB,Oeste,1,0,0,0.3146,0,BAIXO
81.63,29,1,1,113.5,7.5,16,0.0333,0.0333,75.67,27.21,12.0,0.45,Fibra 100MB,Leste,1,2,0,0.3146,0,BAIXO
111.58,1,2,4,120.3,5.8,24,0.1333,1.0,40.1,111.58,13.92,0.6,Fibra 200MB,Oeste,1,0,0,0.3143,0,BAIXO
70.17,38,0,20,112.3,8.6,19,0.6667,0.0,74.87,70.17,16.34,1.0,Fibra 100MB,Oeste,0,0,1,0.3142,0,BAIXO
112.37,34,1,2,209.4,8.6,16,0.0667,0.0286,69.8,56.18,13.76,0.75,Fibra 200MB,Oeste,0,1,0,0.3142,0,BAIXO
118.71,50,0,2,281.2,7.3,11,0.0667,0.0,93.73,59.36,8.03,0.75,Fibra 200MB,Sul,0,1,0,0.3142,0,BAIXO
107.18,4,1,3,290.6,9.6,7,0.1,0.2,96.87,107.18,6.72,1.0,Fibra 200MB,Sul,0,0,0,0.3141,0,BAIXO
116.92,20,0,4,239.1,9.1,9,0.1333,0.0,79.7,116.92,8.19,1.0,Fibra 200MB,Leste,0,0,0,0.3141,0,BAIXO
136.27,56,1,3,557.2,7.9,11,0.1,0.0175,92.87,68.14,8.69,0.45,Fibra 500MB,Leste,1,1,0,0.3141,0,BAIXO
120.45,27,0,0,452.7,7.4,15,0.0,0.0,75.45,120.45,11.1,1.0,Fibra 500MB,Norte,0,0,0,0.314,0,BAIXO
86.01,4,0,2,50.7,9.6,16,0.0667,0.0,33.8,86.01,15.36,1.0,Fibra 100MB,Norte,0,0,0,0.3139,0,BAIXO
78.13,30,1,4,121.7,8.3,19,0.1333,0.0323,81.13,78.13,15.77,1.0,Fibra 100MB,Sul,0,0,0,0.3139,0,BAIXO
73.07,45,1,6,60.0,9.6,14,0.2,0.0217,40.0,73.07,13.44,0.6,Fibra 100MB,Leste,1,0,0,0.3137,0,BAIXO
98.43,48,0,4,99.2,7.3,8,0.1333,0.0,33.07,98.43,5.84,0.6,Fibra 200MB,Sul,1,0,0,0.3134,0,BAIXO
80.18,26,1,1,106.0,9.8,22,0.0333,0.037,70.67,20.05,21.56,0.75,Fibra 100MB,Norte,0,3,0,0.3134,0,BAIXO
104.38,12,1,5,155.6,8.2,14,0.1667,0.0769,51.87,104.38,11.48,0.6,Fibra 200MB,Leste,1,0,0,0.3131,0,BAIXO
184.42,54,1,14,311.0,7.0,21,0.4667,0.0182,51.83,184.42,14.7,1.0,Fibra 500MB,Oeste,0,0,0,0.3131,0,BAIXO
135.5,41,0,18,564.7,6.2,13,0.6,0.0,94.12,45.17,8.06,0.45,Fibra 500MB,Leste,1,2,0,0.3131,0,BAIXO
405.82,45,2,4,896.4,10.0,22,0.1333,0.0435,99.6,405.82,22.0,1.0,Empresarial,Centro,0,0,0,0.3129,0,BAIXO
115.35,37,0,1,150.0,5.8,16,0.0333,0.0,50.0,115.35,9.28,1.0,Fibra 200MB,Sul,0,0,0,0.3128,0,BAIXO
194.98,47,1,2,309.9,9.2,8,0.0667,0.0208,51.65,194.98,7.36,1.0,Fibra 500MB,Sul,0,0,0,0.3127,0,BAIXO
76.26,7,2,5,142.6,7.0,24,0.1667,0.25,95.07,38.13,16.8,0.45,Fibra 100MB,Norte,1,1,0,0.3127,0,BAIXO
127.5,22,1,5,504.3,7.3,13,0.1667,0.0435,84.05,63.75,9.49,0.45,Fibra 500MB,Leste,1,1,1,0.3126,0,BAIXO
80.53,53,0,2,101.6,7.3,9,0.0667,0.0,67.73,40.26,6.57,0.45,Fibra 100MB,Sul,1,1,0,0.3126,0,BAIXO
176.94,19,2,4,456.5,7.8,19,0.1333,0.1,76.08,44.24,14.82,0.75,Fibra 500MB,Centro,0,3,0,0.3122,0,BAIXO
143.71,29,0,2,484.2,8.3,6,0.0667,0.0,80.7,143.71,4.98,1.0,Fibra 500MB,Sul,0,0,1,0.312,0,BAIXO
471.23,26,2,1,886.1,9.8,11,0.0333,0.0741,98.46,471.23,10.78,0.6,Empresarial,Leste,1,0,0,0.3119,0,BAIXO
107.74,26,0,28,121.7,7.1,20,0.9333,0.0,40.57,53.87,14.2,0.75,Fibra 200MB,Leste,0,1,0,0.3119,0,BAIXO
94.46,17,1,26,181.1,7.1,16,0.8667,0.0556,60.37,31.49,11.36,0.45,Fibra 200MB,Centro,1,2,0,0.3119,0,BAIXO
104.94,3,2,0,159.8,6.9,18,0.0,0.5,53.27,52.47,12.42,0.45,Fibra 200MB,Sul,1,1,0,0.3116,0,BAIXO
96.34,60,0,4,290.1,7.3,13,0.1333,0.0,96.7,48.17,9.49,0.75,Fibra 200MB,Centro,0,1,0,0.3115,0,BAIXO
459.49,25,1,17,556.8,9.0,10,0.5667,0.0385,61.87,229.74,9.0,0.75,Empresarial,Oeste,0,1,0,0.3113,0,BAIXO
409.14,45,0,5,752.6,6.2,11,0.1667,0.0,83.62,409.14,6.82,0.6,Empresarial,Centro,1,0,0,0.3113,0,BAIXO
93.75,55,0,61,167.6,7.3,20,2.0333,0.0,55.87,93.75,14.6,1.8,Fibra 200MB,Centro,1,0,0,0.3113,0,BAIXO
113.49,34,1,28,275.4,8.3,21,0.9333,0.0286,91.8,56.74,17.43,0.75,Fibra 200MB,Centro,0,1,0,0.3113,0,BAIXO
179.46,39,1,3,418.8,4.4,17,0.1,0.025,69.8,179.46,7.48,1.5,Fibra 500MB,Sul,1,0,0,0.3111,0,BAIXO
169.77,28,0,18,315.3,7.2,15,0.6,0.0,52.55,56.59,10.8,0.75,Fibra 500MB,Leste,0,2,0,0.311,0,BAIXO
112.41,21,0,14,141.9,7.1,19,0.4667,0.0,47.3,112.41,13.49,1.0,Fibra 200MB,Leste,0,0,0,0.3107,0,BAIXO
115.37,43,1,0,125.2,6.7,14,0.0,0.0227,41.73,57.68,9.38,0.45,Fibra 200MB,Centro,1,1,0,0.3107,0,BAIXO
459.38,34,1,3,605.1,9.7,12,0.1,0.0286,67.23,459.38,11.64,1.0,Empresarial,Leste,0,0,1,0.3106,0,BAIXO
408.9,40,2,5,804.3,7.8,15,0.1667,0.0488,89.37,408.9,11.7,0.6,Empresarial,Sul,1,0,0,0.3104,0,BAIXO
98.59,20,1,1,101.2,5.7,15,0.0333,0.0476,33.73,49.3,8.55,0.45,Fibra 200MB,Sul,1,1,0,0.3104,0,BAIXO
113.67,9,2,4,251.4,9.4,17,0.1333,0.2,83.8,37.89,15.98,0.45,Fibra 200MB,Norte,1,2,0,0.3104,0,BAIXO
142.64,19,2,3,578.8,8.6,15,0.1,0.1,96.47,71.32,12.9,0.45,Fibra 500MB,Leste,1,1,0,0.3103,0,BAIXO
106.15,46,1,5,240.6,7.3,14,0.1667,0.0213,80.2,53.08,10.22,0.45,Fibra 200MB,Oeste,1,1,0,0.3103,0,BAIXO
127.31,56,1,8,406.4,7.7,10,0.2667,0.0175,67.73,63.66,7.7,0.45,Fibra 500MB,Centro,1,1,1,0.3102,0,BAIXO
132.93,25,0,3,502.5,7.8,8,0.1,0.0,83.75,44.31,6.24,0.75,Fibra 500MB,Centro,0,2,0,0.3102,0,BAIXO
188.09,56,1,3,351.0,8.6,6,0.1,0.0175,58.5,188.09,5.16,0.6,Fibra 500MB,Centro,1,0,0,0.3102,0,BAIXO
190.85,40,2,4,469.9,10.0,17,0.1333,0.0488,78.32,190.85,17.0,1.0,Fibra 500MB,Sul,0,0,0,0.3102,0,BAIXO
169.63,45,2,2,366.7,7.5,22,0.0667,0.0435,61.12,84.82,16.5,0.75,Fibra 500MB,Oeste,0,1,0,0.31,0,BAIXO
86.52,36,0,2,93.1,8.5,12,0.0667,0.0,62.07,86.52,10.2,1.0,Fibra 100MB,Sul,0,0,0,0.3099,0,BAIXO
480.78,21,0,23,664.9,7.9,9,0.7667,0.0,73.88,240.39,7.11,0.75,Empresarial,Centro,0,1,1,0.3099,0,BAIXO
83.96,43,0,5,104.8,8.7,8,0.1667,0.0,69.87,27.99,6.96,0.45,Fibra 100MB,Norte,1,2,0,0.3098,0,BAIXO
92.36,32,0,26,211.6,8.0,6,0.8667,0.0,70.53,30.79,4.8,0.45,Fibra 200MB,Sul,1,2,0,0.3095,0,BAIXO
106.29,50,1,0,166.5,6.8,16,0.0,0.0196,55.5,106.29,10.88,0.6,Fibra 200MB,Oeste,1,0,0,0.3094,0,BAIXO
110.98,55,1,2,196.6,10.0,13,0.0667,0.0179,65.53,110.98,13.0,1.0,Fibra 200MB,Oeste,0,0,0,0.3093,0,BAIXO
441.35,5,1,2,695.3,8.8,11,0.0667,0.1667,77.26,441.35,9.68,1.0,Empresarial,Sul,0,0,0,0.309,0,BAIXO
97.22,15,0,3,138.5,8.1,15,0.1,0.0,46.17,97.22,12.15,1.0,Fibra 200MB,Leste,0,0,0,0.3086,0,BAIXO
148.61,9,1,2,279.6,8.6,11,0.0667,0.1,46.6,74.31,9.46,0.75,Fibra 500MB,Centro,0,1,0,0.3084,0,BAIXO
109.82,30,0,0,184.8,8.2,14,0.0,0.0,61.6,54.91,11.48,0.75,Fibra 200MB,Norte,0,1,0,0.3084,0,BAIXO
160.95,11,2,0,595.4,9.1,22,0.0,0.1667,99.23,160.95,20.02,1.0,Fibra 500MB,Centro,0,0,0,0.3077,0,BAIXO
80.82,32,0,5,107.8,8.9,15,0.1667,0.0,71.87,40.41,13.35,0.75,Fibra 100MB,Leste,0,1,0,0.3076,0,BAIXO
73.39,2,0,3,51.0,6.6,17,0.1,0.0,34.0,73.39,11.22,0.6,Fibra 100MB,Norte,1,0,0,0.3075,0,BAIXO
137.2,60,0,5,204.4,8.5,6,0.1667,0.0,34.07,137.2,5.1,1.0,Fibra 500MB,Sul,0,0,0,0.3075,0,BAIXO
85.62,31,1,1,131.3,6.2,21,0.0333,0.0312,87.53,42.81,13.02,0.75,Fibra 100MB,Centro,0,1,1,0.3074,0,BAIXO
106.83,18,1,5,293.5,8.0,15,0.1667,0.0526,97.83,53.42,12.0,0.75,Fibra 200MB,Sul,0,1,0,0.307,0,BAIXO
88.79,29,2,4,64.4,8.3,19,0.1333,0.0667,42.93,44.4,15.77,0.45,Fibra 100MB,Sul,1,1,0,0.3069,0,BAIXO
105.5,17,1,15,291.2,7.8,14,0.5,0.0556,97.07,105.5,10.92,0.6,Fibra 200MB,Centro,1,0,0,0.3067,0,BAIXO
145.04,33,1,10,493.6,6.5,14,0.3333,0.0294,82.27,72.52,9.1,0.45,Fibra 500MB,Centro,1,1,0,0.3066,0,BAIXO
173.55,36,1,1,571.6,8.3,14,0.0333,0.027,95.27,173.55,11.62,1.0,Fibra 500MB,Sul,0,0,0,0.3065,0,BAIXO
83.44,28,0,1,101.7,8.8,10,0.0333,0.0,67.8,83.44,8.8,1.0,Fibra 100MB,Sul,0,0,0,0.3064,0,BAIXO
117.22,47,2,5,191.1,7.9,24,0.1667,0.0417,63.7,58.61,18.96,0.75,Fibra 200MB,Centro,0,1,0,0.3064,0,BAIXO
152.28,42,0,1,529.8,7.5,9,0.0333,0.0,88.3,76.14,6.75,0.75,Fibra 500MB,Sul,0,1,0,0.3064,0,BAIXO
111.61,3,1,5,106.1,10.0,6,0.1667,0.25,35.37,111.61,6.0,0.6,Fibra 200MB,Norte,1,0,0,0.3063,0,BAIXO
108.21,19,1,15,106.4,7.9,24,0.5,0.05,35.47,36.07,18.96,0.75,Fibra 200MB,Norte,0,2,0,0.3062,0,BAIXO
77.92,24,0,1,57.0,8.7,10,0.0333,0.0,38.0,38.96,8.7,0.75,Fibra 100MB,Sul,0,1,0,0.3061,0,BAIXO
165.07,50,0,4,255.6,8.5,6,0.1333,0.0,42.6,165.07,5.1,1.0,Fibra 500MB,Sul,0,0,0,0.3061,0,BAIXO
112.04,10,1,2,272.7,9.2,14,0.0667,0.0909,90.9,112.04,12.88,1.0,Fibra 200MB,Centro,0,0,0,0.3061,0,BAIXO
116.61,47,0,16,208.7,6.9,20,0.5333,0.0,69.57,116.61,13.8,1.0,Fibra 200MB,Leste,0,0,0,0.306,0,BAIXO
381.67,55,3,4,370.4,9.4,20,0.1333,0.0536,41.16,190.84,18.8,0.75,Empresarial,Sul,0,1,0,0.306,0,BAIXO
77.49,15,0,11,102.6,9.3,15,0.3667,0.0,68.4,38.74,13.95,0.75,Fibra 100MB,Leste,0,1,0,0.3058,0,BAIXO
83.53,2,0,9,89.1,8.5,9,0.3,0.0,59.4,41.76,7.65,0.45,Fibra 100MB,Leste,1,1,0,0.3058,0,BAIXO
72.85,17,1,5,115.7,10.0,6,0.1667,0.0556,77.13,72.85,6.0,0.6,Fibra 100MB,Leste,1,0,0,0.3058,0,BAIXO
117.85,21,0,26,166.0,9.1,11,0.8667,0.0,55.33,117.85,10.01,1.0,Fibra 200MB,Sul,0,0,0,0.3056,0,BAIXO
96.73,3,0,2,235.2,8.8,11,0.0667,0.0,78.4,48.36,9.68,0.75,Fibra 200MB,Norte,0,1,0,0.3055,0,BAIXO
160.52,13,0,17,323.3,8.1,10,0.5667,0.0,53.88,80.26,8.1,0.75,Fibra 500MB,Centro,0,1,0,0.3053,0,BAIXO
76.29,10,0,3,119.3,5.7,15,0.1,0.0,79.53,38.15,8.55,0.45,Fibra 100MB,Oeste,1,1,0,0.3053,0,BAIXO
114.81,22,1,6,182.5,10.0,20,0.2,0.0435,60.83,57.4,20.0,0.75,Fibra 200MB,Norte,0,1,0,0.3052,0,BAIXO
73.19,36,0,3,72.3,7.3,18,0.1,0.0,48.2,73.19,13.14,1.0,Fibra 100MB,Centro,0,0,0,0.3052,0,BAIXO
162.86,43,0,0,569.0,7.8,7,0.0,0.0,94.83,81.43,5.46,0.45,Fibra 500MB,Norte,1,1,0,0.3051,0,BAIXO
93.1,34,1,4,176.2,4.6,21,0.1333,0.0286,58.73,93.1,9.66,1.5,Fibra 200MB,Norte,1,0,0,0.305,0,BAIXO
81.63,38,0,0,83.6,8.1,14,0.0,0.0,55.73,81.63,11.34,1.0,Fibra 100MB,Sul,0,0,0,0.3048,0,BAIXO
117.93,25,1,9,298.2,8.1,12,0.3,0.0385,99.4,117.93,9.72,0.6,Fibra 200MB,Centro,1,0,0,0.3048,0,BAIXO
97.08,45,1,0,267.1,9.9,12,0.0,0.0217,89.03,97.08,11.88,1.0,Fibra 200MB,Oeste,0,0,0,0.3047,0,BAIXO
109.74,26,0,29,273.2,9.0,14,0.9667,0.0,91.07,54.87,12.6,0.75,Fibra 200MB,Oeste,0,1,1,0.3043,0,BAIXO
184.85,7,1,5,480.2,5.1,17,0.1667,0.125,80.03,184.85,8.67,0.6,Fibra 500MB,Centro,1,0,0,0.3039,0,BAIXO
131.93,12,3,4,365.7,6.3,22,0.1333,0.2308,60.95,131.93,13.86,0.6,Fibra 500MB,Sul,1,0,0,0.3039,0,BAIXO
113.99,18,0,3,249.1,7.3,8,0.1,0.0,83.03,38.0,5.84,0.45,Fibra 200MB,Oeste,1,2,0,0.3039,0,BAIXO
162.77,29,0,4,556.1,8.0,7,0.1333,0.0,92.68,162.77,5.6,0.6,Fibra 500MB,Leste,1,0,0,0.3038,0,BAIXO
88.58,8,2,2,79.3,6.8,24,0.0667,0.2222,52.87,44.29,16.32,0.45,Fibra 100MB,Leste,1,1,0,0.3038,0,BAIXO
94.87,29,2,1,166.3,9.2,14,0.0333,0.0667,55.43,94.87,12.88,0.6,Fibra 200MB,Centro,1,0,0,0.3037,0,BAIXO
110.41,16,2,0,236.8,5.1,24,0.0,0.1176,78.93,110.41,12.24,1.0,Fibra 200MB,Centro,0,0,0,0.3036,0,BAIXO
72.33,48,0,3,67.9,6.6,19,0.1,0.0,45.27,24.11,12.54,0.75,Fibra 100MB,Oeste,0,2,0,0.3035,0,BAIXO
93.85,49,2,1,139.4,10.0,21,0.0333,0.04,46.47,23.46,21.0,0.75,Fibra 200MB,Centro,0,3,0,0.3034,0,BAIXO
87.26,18,1,0,88.9,9.5,17,0.0,0.0526,59.27,87.26,16.15,1.0,Fibra 100MB,Sul,0,0,0,0.3034,0,BAIXO
78.87,8,1,4,77.3,8.3,17,0.1333,0.1111,51.53,78.87,14.11,0.6,Fibra 100MB,Oeste,1,0,1,0.3032,0,BAIXO
72.93,25,1,0,81.3,8.5,24,0.0,0.0385,54.2,36.47,20.4,0.75,Fibra 100MB,Leste,0,1,0,0.3031,0,BAIXO
501.94,45,0,15,368.6,7.2,9,0.5,0.0,40.96,501.94,6.48,0.6,Empresarial,Centro,1,0,0,0.303,0,BAIXO
90.43,4,1,3,241.8,9.8,20,0.1,0.2,80.6,90.43,19.6,1.0,Fibra 200MB,Leste,0,0,0,0.3029,0,BAIXO
114.52,9,1,1,221.7,8.0,13,0.0333,0.1,73.9,114.52,10.4,0.6,Fibra 200MB,Oeste,1,0,0,0.3028,0,BAIXO
108.77,21,1,4,110.1,9.8,9,0.1333,0.0455,36.7,54.38,8.82,0.75,Fibra 200MB,Centro,0,1,0,0.3028,0,BAIXO
79.26,42,0,2,82.3,8.6,15,0.0667,0.0,54.87,39.63,12.9,0.75,Fibra 100MB,Oeste,0,1,0,0.3028,0,BAIXO
102.97,20,0,0,239.6,8.5,11,0.0,0.0,79.87,102.97,9.35,1.0,Fibra 200MB,Oeste,0,0,0,0.3028,0,BAIXO
135.27,17,0,5,452.2,6.8,13,0.1667,0.0,75.37,67.64,8.84,0.75,Fibra 500MB,Centro,0,1,1,0.3025,0,BAIXO
86.01,51,1,2,62.1,5.5,21,0.0667,0.0192,41.4,21.5,11.55,0.45,Fibra 100MB,Norte,1,3,0,0.3025,0,BAIXO
88.69,28,0,0,130.1,7.2,18,0.0,0.0,86.73,88.69,12.96,1.0,Fibra 100MB,Oeste,0,0,0,0.3022,0,BAIXO
107.47,48,0,3,121.9,8.1,15,0.1,0.0,40.63,107.47,12.15,1.0,Fibra 200MB,Oeste,0,0,0,0.3022,0,BAIXO
110.05,46,1,3,157.8,6.5,23,0.1,0.0213,52.6,55.02,14.95,0.75,Fibra 200MB,Norte,0,1,0,0.3022,0,BAIXO
71.99,59,1,4,78.3,9.1,8,0.1333,0.0167,52.2,35.99,7.28,0.45,Fibra 100MB,Sul,1,1,0,0.3022,0,BAIXO
124.44,54,1,9,235.5,6.2,20,0.3,0.0182,39.25,62.22,12.4,0.75,Fibra 500MB,Oeste,0,1,0,0.302,0,BAIXO
98.19,47,0,79,107.8,5.5,23,2.6333,0.0,35.93,98.19,12.65,1.8,Fibra 200MB,Sul,1,0,0,0.302,0,BAIXO
111.29,14,1,28,155.0,10.0,9,0.9333,0.0667,51.67,111.29,9.0,0.6,Fibra 200MB,Oeste,1,0,0,0.302,0,BAIXO
165.51,49,2,10,455.7,7.0,23,0.3333,0.04,75.95,165.51,16.1,0.6,Fibra 500MB,Norte,1,0,0,0.3019,0,BAIXO
443.8,12,1,2,450.4,10.0,7,0.0667,0.0769,50.04,443.8,7.0,1.0,Empresarial,Leste,0,0,0,0.3019,0,BAIXO
77.01,49,0,2,77.5,8.0,14,0.0667,0.0,51.67,38.51,11.2,0.75,Fibra 100MB,Sul,0,1,0,0.3018,0,BAIXO
82.16,43,1,13,103.9,6.0,22,0.4333,0.0227,69.27,82.16,13.2,0.6,Fibra 100MB,Leste,1,0,0,0.3017,0,BAIXO
514.91,41,1,0,491.6,8.0,12,0.0,0.0238,54.62,514.91,9.6,0.6,Empresarial,Leste,1,0,0,0.3016,0,BAIXO
96.86,4,0,3,135.7,7.2,15,0.1,0.0,45.23,96.86,10.8,1.0,Fibra 200MB,Centro,0,0,0,0.3015,0,BAIXO
111.92,54,1,19,235.9,6.5,22,0.6333,0.0182,78.63,111.92,14.3,1.0,Fibra 200MB,Sul,0,0,0,0.3015,0,BAIXO
76.85,37,0,12,75.1,8.5,13,0.4,0.0,50.07,19.21,11.05,0.75,Fibra 100MB,Sul,0,3,0,0.3014,0,BAIXO
126.09,56,1,5,561.8,9.1,12,0.1667,0.0175,93.63,126.09,10.92,1.0,Fibra 500MB,Sul,0,0,0,0.3014,0,BAIXO
90.41,4,0,24,174.8,9.9,13,0.8,0.0,58.27,45.2,12.87,0.75,Fibra 200MB,Norte,0,1,1,0.3013,0,BAIXO
186.64,35,0,77,248.0,6.3,21,2.5667,0.0,41.33,93.32,13.23,1.35,Fibra 500MB,Oeste,1,1,0,0.3012,0,BAIXO
79.64,50,1,0,109.9,10.0,14,0.0,0.0196,73.27,79.64,14.0,1.0,Fibra 100MB,Sul,0,0,1,0.3012,0,BAIXO
98.84,20,1,5,274.8,7.5,11,0.1667,0.0476,91.6,49.42,8.25,0.45,Fibra 200MB,Sul,1,1,0,0.3012,0,BAIXO
106.0,17,1,4,229.7,7.6,21,0.1333,0.0556,76.57,106.0,15.96,1.0,Fibra 200MB,Oeste,0,0,0,0.3012,0,BAIXO
182.81,49,0,8,242.7,5.6,13,0.2667,0.0,40.45,91.4,7.28,0.45,Fibra 500MB,Oeste,1,1,0,0.3012,0,BAIXO
77.19,42,0,4,77.5,7.1,20,0.1333,0.0,51.67,77.19,14.2,1.0,Fibra 100MB,Oeste,0,0,1,0.3011,0,BAIXO
75.61,53,1,0,97.6,7.3,16,0.0,0.0185,65.07,37.8,11.68,0.45,Fibra 100MB,Centro,1,1,0,0.301,0,BAIXO
144.0,4,2,1,263.4,8.8,18,0.0333,0.4,43.9,48.0,15.84,0.75,Fibra 500MB,Sul,0,2,0,0.3009,0,BAIXO
117.68,19,2,5,280.6,8.3,22,0.1667,0.1,93.53,58.84,18.26,0.75,Fibra 200MB,Sul,0,1,0,0.3006,0,BAIXO
478.51,10,0,4,617.0,6.8,13,0.1333,0.0,68.56,478.51,8.84,1.0,Empresarial,Sul,0,0,0,0.3006,0,BAIXO
402.1,10,0,4,674.9,6.8,7,0.1333,0.0,74.99,201.05,4.76,0.45,Empresarial,Oeste,1,1,0,0.3004,0,BAIXO
180.48,17,0,1,545.5,8.2,12,0.0333,0.0,90.92,90.24,9.84,0.75,Fibra 500MB,Norte,0,1,0,0.3004,0,BAIXO
493.23,59,1,1,734.7,8.3,11,0.0333,0.0167,81.63,246.62,9.13,0.75,Empresarial,Centro,0,1,1,0.3,0,BAIXO
103.3,19,1,17,142.2,7.8,16,0.5667,0.05,47.4,51.65,12.48,0.45,Fibra 200MB,Oeste,1,1,0,0.2999,0,BAIXO
103.09,27,1,1,142.9,7.6,15,0.0333,0.0357,47.63,51.54,11.4,0.45,Fibra 200MB,Leste,1,1,0,0.2998,0,BAIXO
197.98,8,0,58,327.6,7.8,23,1.9333,0.0,54.6,197.98,17.94,3.0,Fibra 500MB,Sul,0,0,0,0.2997,0,BAIXO
123.66,23,2,5,396.3,7.4,17,0.1667,0.0833,66.05,41.22,12.58,0.45,Fibra 500MB,Oeste,1,2,0,0.2997,0,BAIXO
78.71,14,1,1,125.7,8.7,21,0.0333,0.0667,83.8,78.71,18.27,1.0,Fibra 100MB,Centro,0,0,1,0.2997,0,BAIXO
409.51,28,0,5,357.4,5.8,8,0.1667,0.0,39.71,204.76,4.64,0.45,Empresarial,Sul,1,1,1,0.2996,0,BAIXO
457.11,3,0,3,885.8,5.6,14,0.1,0.0,98.42,228.56,7.84,0.75,Empresarial,Centro,0,1,1,0.2993,0,BAIXO
100.57,47,1,6,256.6,7.6,19,0.2,0.0208,85.53,100.57,14.44,1.0,Fibra 200MB,Sul,0,0,0,0.2992,0,BAIXO
146.09,27,2,8,233.8,5.8,19,0.2667,0.0714,38.97,146.09,11.02,0.6,Fibra 500MB,Sul,1,0,0,0.299,0,BAIXO
144.55,37,3,3,340.7,8.6,19,0.1,0.0789,56.78,48.18,16.34,0.45,Fibra 500MB,Centro,1,2,0,0.2989,0,BAIXO
94.93,60,0,5,197.4,7.6,10,0.1667,0.0,65.8,31.64,7.6,0.45,Fibra 200MB,Leste,1,2,0,0.2989,0,BAIXO
183.77,56,1,3,588.2,7.9,14,0.1,0.0175,98.03,91.88,11.06,0.45,Fibra 500MB,Norte,1,1,0,0.2985,0,BAIXO
102.86,36,1,3,145.7,7.3,15,0.1,0.027,48.57,51.43,10.95,0.45,Fibra 200MB,Oeste,1,1,1,0.2985,0,BAIXO
128.24,32,0,2,513.4,4.5,19,0.0667,0.0,85.57,64.12,8.55,1.875,Fibra 500MB,Leste,0,1,0,0.2984,0,BAIXO
78.48,22,2,24,86.8,8.1,24,0.8,0.087,57.87,39.24,19.44,0.45,Fibra 100MB,Sul,1,1,0,0.2983,0,BAIXO
85.28,4,0,5,50.0,8.8,6,0.1667,0.0,33.33,42.64,5.28,0.45,Fibra 100MB,Oeste,1,1,0,0.2982,0,BAIXO
88.36,2,1,5,106.4,9.6,22,0.1667,0.3333,70.93,88.36,21.12,1.0,Fibra 100MB,Sul,0,0,0,0.2982,0,BAIXO
508.76,29,0,1,834.8,6.1,12,0.0333,0.0,92.76,254.38,7.32,0.75,Empresarial,Sul,0,1,0,0.2982,0,BAIXO
101.09,38,1,3,153.6,7.6,19,0.1,0.0256,51.2,101.09,14.44,1.0,Fibra 200MB,Sul,0,0,0,0.2981,0,BAIXO
183.52,48,2,16,487.6,9.5,16,0.5333,0.0408,81.27,183.52,15.2,0.6,Fibra 500MB,Centro,1,0,0,0.298,0,BAIXO
89.9,16,1,3,118.8,7.6,17,0.1,0.0588,39.6,44.95,12.92,0.45,Fibra 200MB,Norte,1,1,0,0.2979,0,BAIXO
407.6,26,2,1,745.0,7.3,20,0.0333,0.0741,82.78,407.6,14.6,0.6,Empresarial,Leste,1,0,0,0.2978,0,BAIXO
185.57,13,1,2,406.4,7.8,11,0.0667,0.0714,67.73,185.57,8.58,0.6,Fibra 500MB,Centro,1,0,0,0.2978,0,BAIXO
72.29,40,1,0,125.4,8.7,10,0.0,0.0244,83.6,72.29,8.7,0.6,Fibra 100MB,Sul,1,0,0,0.2978,0,BAIXO
134.38,49,1,13,545.2,6.1,16,0.4333,0.02,90.87,67.19,9.76,0.45,Fibra 500MB,Centro,1,1,0,0.2974,0,BAIXO
150.88,27,0,4,294.4,7.3,9,0.1333,0.0,49.07,150.88,6.57,0.6,Fibra 500MB,Oeste,1,0,1,0.2973,0,BAIXO
155.58,11,0,4,293.6,6.1,13,0.1333,0.0,48.93,51.86,7.93,0.75,Fibra 500MB,Sul,0,2,0,0.2971,0,BAIXO
148.87,53,1,4,594.4,7.9,17,0.1333,0.0185,99.07,148.87,13.43,1.0,Fibra 500MB,Sul,0,0,0,0.2971,0,BAIXO
77.04,8,0,5,148.9,8.8,19,0.1667,0.0,99.27,77.04,16.72,1.0,Fibra 100MB,Norte,0,0,0,0.2968,0,BAIXO
158.46,52,2,0,244.8,9.3,15,0.0,0.0377,40.8,79.23,13.95,0.45,Fibra 500MB,Norte,1,1,0,0.2967,0,BAIXO
85.63,11,0,3,73.9,7.8,16,0.1,0.0,49.27,85.63,12.48,1.0,Fibra 100MB,Sul,0,0,0,0.2964,0,BAIXO
146.51,16,2,0,459.6,9.3,8,0.0,0.1176,76.6,48.84,7.44,0.45,Fibra 500MB,Oeste,1,2,0,0.2964,0,BAIXO
85.46,48,1,4,110.0,6.8,22,0.1333,0.0204,73.33,28.49,14.96,0.75,Fibra 100MB,Centro,0,2,0,0.2964,0,BAIXO
106.21,50,0,21,119.0,7.8,17,0.7,0.0,39.67,106.21,13.26,1.0,Fibra 200MB,Sul,0,0,1,0.2964,0,BAIXO
86.75,4,1,4,148.1,5.7,21,0.1333,0.2,98.73,43.38,11.97,0.45,Fibra 100MB,Norte,1,1,0,0.2963,0,BAIXO
98.74,16,1,3,136.1,7.6,19,0.1,0.0588,45.37,98.74,14.44,1.0,Fibra 200MB,Sul,0,0,0,0.2962,0,BAIXO
184.75,46,0,1,438.1,6.6,8,0.0333,0.0,73.02,46.19,5.28,0.45,Fibra 500MB,Centro,1,3,0,0.2957,0,BAIXO
138.68,9,2,3,261.2,7.4,19,0.1,0.2,43.53,69.34,14.06,0.45,Fibra 500MB,Leste,1,1,1,0.2957,0,BAIXO
70.03,13,1,0,119.7,5.1,20,0.0,0.0714,79.8,70.03,10.2,0.6,Fibra 100MB,Oeste,1,0,0,0.2955,0,BAIXO
103.97,34,1,22,216.3,10.0,19,0.7333,0.0286,72.1,103.97,19.0,1.0,Fibra 200MB,Sul,0,0,0,0.2955,0,BAIXO
105.84,49,2,5,127.8,10.0,23,0.1667,0.04,42.6,35.28,23.0,0.75,Fibra 200MB,Sul,0,2,0,0.2953,0,BAIXO
114.99,43,0,3,214.2,7.3,10,0.1,0.0,71.4,114.99,7.3,0.6,Fibra 200MB,Centro,1,0,0,0.2951,0,BAIXO
114.55,17,1,0,112.2,9.9,17,0.0,0.0556,37.4,114.55,16.83,1.0,Fibra 200MB,Oeste,0,0,0,0.295,0,BAIXO
78.88,28,1,0,99.2,6.6,24,0.0,0.0345,66.13,78.88,15.84,1.0,Fibra 100MB,Oeste,0,0,0,0.295,0,BAIXO
80.71,2,1,1,52.2,9.6,19,0.0333,0.3333,34.8,26.9,18.24,0.75,Fibra 100MB,Sul,0,2,0,0.295,0,BAIXO
116.44,24,1,5,294.4,9.5,7,0.1667,0.04,98.13,38.81,6.65,0.75,Fibra 200MB,Sul,0,2,0,0.2947,0,BAIXO
80.26,37,0,1,62.3,9.5,8,0.0333,0.0,41.53,80.26,7.6,1.0,Fibra 100MB,Sul,0,0,0,0.2947,0,BAIXO
134.92,3,0,5,498.6,8.3,8,0.1667,0.0,83.1,134.92,6.64,1.0,Fibra 500MB,Sul,0,0,0,0.2946,0,BAIXO
81.77,14,2,9,65.7,8.8,23,0.3,0.1333,43.8,81.77,20.24,0.6,Fibra 100MB,Sul,1,0,0,0.2946,0,BAIXO
99.64,60,1,0,299.0,6.5,16,0.0,0.0164,99.67,99.64,10.4,0.6,Fibra 200MB,Centro,1,0,0,0.2946,0,BAIXO
448.86,26,0,0,846.3,6.4,8,0.0,0.0,94.03,224.43,5.12,0.45,Empresarial,Centro,1,1,0,0.2943,0,BAIXO
148.73,54,0,22,334.1,6.4,17,0.7333,0.0,55.68,148.73,10.88,0.6,Fibra 500MB,Norte,1,0,0,0.2941,0,BAIXO
170.55,6,1,0,461.2,6.0,19,0.0,0.1429,76.87,170.55,11.4,1.0,Fibra 500MB,Sul,0,0,0,0.2939,0,BAIXO
117.85,27,1,1,153.8,4.9,21,0.0333,0.0357,51.27,29.46,10.29,1.875,Fibra 200MB,Centro,0,3,0,0.2939,0,BAIXO
103.6,13,1,4,181.8,9.5,23,0.1333,0.0714,60.6,103.6,21.85,1.0,Fibra 200MB,Leste,0,0,0,0.2939,0,BAIXO
73.35,20,1,2,135.4,8.4,22,0.0667,0.0476,90.27,73.35,18.48,1.0,Fibra 100MB,Centro,0,0,0,0.2936,0,BAIXO
71.7,4,0,10,97.0,8.0,18,0.3333,0.0,64.67,71.7,14.4,1.0,Fibra 100MB,Centro,0,0,0,0.2936,0,BAIXO
133.54,30,1,2,528.6,9.7,16,0.0667,0.0323,88.1,66.77,15.52,0.75,Fibra 500MB,Norte,0,1,0,0.2935,0,BAIXO
115.82,16,0,3,197.9,8.1,18,0.1,0.0,65.97,115.82,14.58,1.0,Fibra 200MB,Norte,0,0,0,0.2934,0,BAIXO
451.49,16,0,23,686.1,7.1,16,0.7667,0.0,76.23,451.49,11.36,1.0,Empresarial,Sul,0,0,0,0.293,0,BAIXO
108.59,40,1,8,216.1,9.0,14,0.2667,0.0244,72.03,108.59,12.6,0.6,Fibra 200MB,Leste,1,0,0,0.293,0,BAIXO
77.2,28,1,1,72.8,8.5,19,0.0333,0.0345,48.53,77.2,16.15,0.6,Fibra 100MB,Leste,1,0,0,0.2929,0,BAIXO
447.5,10,1,0,423.0,8.7,6,0.0,0.0909,47.0,447.5,5.22,0.6,Empresarial,Oeste,1,0,1,0.2929,0,BAIXO
95.33,21,1,4,247.5,9.1,20,0.1333,0.0455,82.5,47.66,18.2,0.75,Fibra 200MB,Leste,0,1,0,0.2928,0,BAIXO
116.23,37,1,23,107.6,7.2,18,0.7667,0.0263,35.87,116.23,12.96,0.6,Fibra 200MB,Sul,1,0,0,0.2925,0,BAIXO
380.66,33,2,3,370.6,5.9,23,0.1,0.0588,41.18,190.33,13.57,0.75,Empresarial,Norte,0,1,0,0.2925,0,BAIXO
92.13,32,0,0,198.7,6.1,13,0.0,0.0,66.23,92.13,7.93,0.6,Fibra 200MB,Centro,1,0,0,0.2924,0,BAIXO
385.86,33,1,3,405.2,7.8,18,0.1,0.0294,45.02,385.86,14.04,1.0,Empresarial,Oeste,0,0,1,0.2924,0,BAIXO
111.57,24,1,4,179.7,8.9,10,0.1333,0.04,59.9,37.19,8.9,0.45,Fibra 200MB,Leste,1,2,0,0.2923,0,BAIXO
114.81,47,1,3,126.7,8.2,24,0.1,0.0208,42.23,57.4,19.68,0.75,Fibra 200MB,Norte,0,1,0,0.2922,0,BAIXO
147.64,6,1,3,380.9,7.8,20,0.1,0.1429,63.48,49.21,15.6,0.75,Fibra 500MB,Norte,0,2,0,0.2922,0,BAIXO
162.99,3,1,1,457.1,8.2,18,0.0333,0.25,76.18,54.33,14.76,0.75,Fibra 500MB,Leste,0,2,0,0.2921,0,BAIXO
460.9,19,1,0,715.7,7.9,22,0.0,0.05,79.52,460.9,17.38,1.0,Empresarial,Norte,0,0,0,0.2921,0,BAIXO
76.92,54,0,5,139.6,6.8,17,0.1667,0.0,93.07,38.46,11.56,0.75,Fibra 100MB,Sul,0,1,0,0.292,0,BAIXO
464.44,52,0,1,667.9,6.6,11,0.0333,0.0,74.21,232.22,7.26,0.75,Empresarial,Sul,0,1,0,0.2919,0,BAIXO
453.86,29,1,0,427.1,7.3,20,0.0,0.0333,47.46,453.86,14.6,1.0,Empresarial,Leste,0,0,0,0.2917,0,BAIXO
80.65,15,0,2,75.2,6.3,14,0.0667,0.0,50.13,26.88,8.82,0.45,Fibra 100MB,Centro,1,2,0,0.2914,0,BAIXO
183.0,19,1,2,425.1,4.5,24,0.0667,0.05,70.85,183.0,10.8,2.5,Fibra 500MB,Norte,0,0,0,0.2914,0,BAIXO
166.32,32,1,0,342.3,9.1,6,0.0,0.0303,57.05,55.44,5.46,0.75,Fibra 500MB,Sul,0,2,0,0.2913,0,BAIXO
389.24,46,1,20,666.5,10.0,16,0.6667,0.0213,74.06,389.24,16.0,1.0,Empresarial,Centro,0,0,0,0.2911,0,BAIXO
451.83,15,0,0,855.5,8.8,9,0.0,0.0,95.06,451.83,7.92,1.0,Empresarial,Oeste,0,0,0,0.2907,0,BAIXO
84.03,55,1,4,112.7,10.0,18,0.1333,0.0179,75.13,84.03,18.0,0.6,Fibra 100MB,Norte,1,0,0,0.2907,0,BAIXO
95.35,41,0,5,230.7,7.0,15,0.1667,0.0,76.9,95.35,10.5,0.6,Fibra 200MB,Norte,1,0,0,0.2906,0,BAIXO
195.32,18,0,0,524.5,7.0,18,0.0,0.0,87.42,195.32,12.6,1.0,Fibra 500MB,Norte,0,0,1,0.2906,0,BAIXO
164.82,16,2,1,568.4,7.0,23,0.0333,0.1176,94.73,164.82,16.1,1.0,Fibra 500MB,Sul,0,0,0,0.2904,0,BAIXO
138.72,38,0,5,288.8,5.8,13,0.1667,0.0,48.13,138.72,7.54,0.6,Fibra 500MB,Centro,1,0,1,0.2904,0,BAIXO
421.38,50,2,0,414.4,8.5,14,0.0,0.0392,46.04,210.69,11.9,0.45,Empresarial,Norte,1,1,0,0.2903,0,BAIXO
181.48,41,0,0,492.5,5.4,19,0.0,0.0,82.08,181.48,10.26,1.0,Fibra 500MB,Leste,0,0,0,0.2901,0,BAIXO
462.26,19,1,3,575.2,6.9,13,0.1,0.05,63.91,154.09,8.97,0.75,Empresarial,Sul,0,2,0,0.2901,0,BAIXO
151.15,36,1,2,250.5,10.0,20,0.0667,0.027,41.75,151.15,20.0,1.0,Fibra 500MB,Norte,0,0,0,0.2901,0,BAIXO
70.42,16,0,5,108.6,7.1,20,0.1667,0.0,72.4,70.42,14.2,1.0,Fibra 100MB,Oeste,0,0,0,0.29,0,BAIXO
117.63,3,1,2,190.2,6.7,18,0.0667,0.25,63.4,117.63,12.06,0.6,Fibra 200MB,Oeste,1,0,0,0.29,0,BAIXO
89.34,14,1,1,296.6,8.0,12,0.0333,0.0667,98.87,89.34,9.6,0.6,Fibra 200MB,Centro,1,0,0,0.29,0,BAIXO
118.8,34,0,12,167.3,4.4,17,0.4,0.0,55.77,118.8,7.48,1.5,Fibra 200MB,Sul,1,0,1,0.29,0,BAIXO
145.28,31,1,21,282.1,6.5,20,0.7,0.0312,47.02,36.32,13.0,0.75,Fibra 500MB,Centro,0,3,0,0.2899,0,BAIXO
113.39,27,1,5,192.3,8.9,14,0.1667,0.0357,64.1,113.39,12.46,0.6,Fibra 200MB,Leste,1,0,0,0.2898,0,BAIXO
171.48,22,0,4,386.3,7.2,6,0.1333,0.0,64.38,85.74,4.32,0.45,Fibra 500MB,Sul,1,1,0,0.2898,0,BAIXO
93.66,21,0,3,134.3,7.4,10,0.1,0.0,44.77,93.66,7.4,0.6,Fibra 200MB,Centro,1,0,0,0.2896,0,BAIXO
90.4,11,2,1,156.9,2.6,22,0.0333,0.1667,52.3,45.2,5.72,1.125,Fibra 200MB,Centro,1,1,0,0.2894,0,BAIXO
165.48,3,1,5,215.7,9.9,15,0.1667,0.25,35.95,165.48,14.85,1.0,Fibra 500MB,Oeste,0,0,0,0.2893,0,BAIXO
158.2,55,0,15,335.0,6.9,11,0.5,0.0,55.83,158.2,7.59,0.6,Fibra 500MB,Sul,1,0,0,0.2892,0,BAIXO
119.86,44,2,5,252.0,5.7,18,0.1667,0.0444,42.0,39.95,10.26,0.45,Fibra 500MB,Sul,1,2,0,0.2891,0,BAIXO
93.46,15,0,3,287.9,8.2,10,0.1,0.0,95.97,31.15,8.2,0.75,Fibra 200MB,Centro,0,2,0,0.2889,0,BAIXO
96.02,56,0,2,285.5,7.8,11,0.0667,0.0,95.17,48.01,8.58,0.45,Fibra 200MB,Norte,1,1,0,0.2887,0,BAIXO
95.89,44,2,0,250.5,8.5,18,0.0,0.0444,83.5,95.89,15.3,0.6,Fibra 200MB,Centro,1,0,1,0.2887,0,BAIXO
87.8,11,0,1,59.5,7.1,15,0.0333,0.0,39.67,87.8,10.65,0.6,Fibra 100MB,Oeste,1,0,0,0.2884,0,BAIXO
75.61,18,0,19,91.9,8.3,18,0.6333,0.0,61.27,75.61,14.94,0.6,Fibra 100MB,Norte,1,0,1,0.2883,0,BAIXO
192.64,38,2,27,422.3,8.1,23,0.9,0.0513,70.38,192.64,18.63,0.6,Fibra 500MB,Centro,1,0,0,0.2881,0,BAIXO
130.84,19,0,2,399.7,8.3,10,0.0667,0.0,66.62,130.84,8.3,1.0,Fibra 500MB,Centro,0,0,1,0.288,0,BAIXO
194.59,16,0,2,480.6,7.0,12,0.0667,0.0,80.1,194.59,8.4,0.6,Fibra 500MB,Leste,1,0,0,0.288,0,BAIXO
85.3,60,0,1,122.0,7.8,10,0.0333,0.0,81.33,42.65,7.8,0.45,Fibra 100MB,Centro,1,1,0,0.2879,0,BAIXO
110.53,35,2,2,260.8,6.4,18,0.0667,0.0556,86.93,27.63,11.52,0.45,Fibra 200MB,Sul,1,3,0,0.2878,0,BAIXO
83.81,28,0,28,94.1,9.0,22,0.9333,0.0,62.73,27.94,19.8,0.75,Fibra 100MB,Oeste,0,2,0,0.2877,0,BAIXO
107.64,29,1,1,128.2,9.0,6,0.0333,0.0333,42.73,107.64,5.4,0.6,Fibra 200MB,Sul,1,0,0,0.2876,0,BAIXO
103.78,45,0,4,174.8,6.5,20,0.1333,0.0,58.27,103.78,13.0,1.0,Fibra 200MB,Leste,0,0,0,0.2875,0,BAIXO
96.72,13,1,5,183.9,6.2,15,0.1667,0.0714,61.3,24.18,9.3,0.45,Fibra 200MB,Sul,1,3,0,0.2873,0,BAIXO
74.33,17,0,1,117.2,8.1,18,0.0333,0.0,78.13,74.33,14.58,1.0,Fibra 100MB,Oeste,0,0,0,0.2873,0,BAIXO
453.46,2,0,3,453.6,7.3,11,0.1,0.0,50.4,453.46,8.03,0.6,Empresarial,Norte,1,0,0,0.2871,0,BAIXO
74.85,15,0,3,98.4,9.6,10,0.1,0.0,65.6,74.85,9.6,1.0,Fibra 100MB,Centro,0,0,0,0.2869,0,BAIXO
71.9,4,1,26,89.7,7.5,24,0.8667,0.2,59.8,71.9,18.0,0.6,Fibra 100MB,Oeste,1,0,0,0.2867,0,BAIXO
387.75,41,0,29,593.3,8.5,14,0.9667,0.0,65.92,193.88,11.9,0.75,Empresarial,Leste,0,1,1,0.2866,0,BAIXO
139.39,12,1,1,236.7,7.7,16,0.0333,0.0769,39.45,139.39,12.32,0.6,Fibra 500MB,Norte,1,0,0,0.2864,0,BAIXO
97.02,46,0,10,282.3,8.3,20,0.3333,0.0,94.1,97.02,16.6,1.0,Fibra 200MB,Norte,0,0,0,0.2864,0,BAIXO
122.57,9,2,5,459.6,8.1,22,0.1667,0.2,76.6,61.28,17.82,0.75,Fibra 500MB,Sul,0,1,0,0.2864,0,BAIXO
91.32,32,0,10,282.4,6.3,14,0.3333,0.0,94.13,45.66,8.82,0.45,Fibra 200MB,Oeste,1,1,0,0.2863,0,BAIXO
109.34,46,0,65,195.2,9.9,20,2.1667,0.0,65.07,109.34,19.8,1.8,Fibra 200MB,Centro,1,0,0,0.286,0,BAIXO
100.19,46,2,1,265.2,5.8,23,0.0333,0.0426,88.4,33.4,13.34,0.75,Fibra 200MB,Sul,0,2,1,0.286,0,BAIXO
85.6,36,1,3,128.4,10.0,19,0.1,0.027,85.6,85.6,19.0,1.0,Fibra 100MB,Sul,0,0,0,0.286,0,BAIXO
87.79,22,0,3,139.3,7.5,16,0.1,0.0,92.87,29.26,12.0,0.75,Fibra 100MB,Centro,0,2,0,0.286,0,BAIXO
198.11,33,0,1,528.6,9.0,9,0.0333,0.0,88.1,198.11,8.1,1.0,Fibra 500MB,Oeste,0,0,0,0.2857,0,BAIXO
98.51,18,0,1,256.5,8.3,14,0.0333,0.0,85.5,98.51,11.62,1.0,Fibra 200MB,Oeste,0,0,0,0.2855,0,BAIXO
387.24,57,0,58,343.2,6.5,18,1.9333,0.0,38.13,387.24,11.7,1.8,Empresarial,Sul,1,0,1,0.2854,0,BAIXO
426.58,3,1,52,338.8,4.7,21,1.7333,0.25,37.64,142.19,9.87,3.375,Empresarial,Centro,1,2,0,0.2851,0,BAIXO
118.43,4,0,22,194.0,9.4,10,0.7333,0.0,64.67,118.43,9.4,1.0,Fibra 200MB,Sul,0,0,0,0.2847,0,BAIXO
110.01,15,1,1,267.0,9.4,18,0.0333,0.0625,89.0,36.67,16.92,0.75,Fibra 200MB,Leste,0,2,0,0.2845,0,BAIXO
84.04,4,0,4,74.1,10.0,22,0.1333,0.0,49.4,84.04,22.0,1.0,Fibra 100MB,Norte,0,0,0,0.2845,0,BAIXO
81.38,44,1,4,116.8,7.5,17,0.1333,0.0222,77.87,81.38,12.75,0.6,Fibra 100MB,Sul,1,0,0,0.2843,0,BAIXO
184.54,52,0,60,578.0,7.9,23,2.0,0.0,96.33,184.54,18.17,1.8,Fibra 500MB,Leste,1,0,0,0.2843,0,BAIXO
447.65,36,0,30,517.6,7.9,11,1.0,0.0,57.51,149.22,8.69,0.75,Empresarial,Centro,0,2,0,0.2843,0,BAIXO
96.99,17,1,5,225.6,6.2,21,0.1667,0.0556,75.2,48.5,13.02,0.75,Fibra 200MB,Centro,0,1,0,0.2843,0,BAIXO
187.14,19,1,4,238.6,5.6,17,0.1333,0.05,39.77,62.38,9.52,0.45,Fibra 500MB,Leste,1,2,0,0.2841,0,BAIXO
182.7,24,0,1,383.7,6.2,14,0.0333,0.0,63.95,91.35,8.68,0.75,Fibra 500MB,Sul,0,1,0,0.2841,0,BAIXO
177.96,54,0,5,452.6,6.1,19,0.1667,0.0,75.43,88.98,11.59,0.75,Fibra 500MB,Norte,0,1,0,0.284,0,BAIXO
184.45,27,2,4,472.9,9.1,13,0.1333,0.0714,78.82,184.45,11.83,0.6,Fibra 500MB,Sul,1,0,0,0.2839,0,BAIXO
92.57,27,0,25,167.9,7.5,24,0.8333,0.0,55.97,92.57,18.0,1.0,Fibra 200MB,Norte,0,0,0,0.2838,0,BAIXO
115.62,52,1,2,151.9,6.2,19,0.0667,0.0189,50.63,115.62,11.78,0.6,Fibra 200MB,Oeste,1,0,0,0.2836,0,BAIXO
127.0,35,2,4,401.2,8.0,21,0.1333,0.0556,66.87,42.33,16.8,0.75,Fibra 500MB,Sul,0,2,0,0.2836,0,BAIXO
198.97,22,0,24,287.7,8.1,10,0.8,0.0,47.95,99.48,8.1,0.45,Fibra 500MB,Leste,1,1,0,0.2835,0,BAIXO
80.89,42,1,1,67.3,7.4,20,0.0333,0.0233,44.87,26.96,14.8,0.45,Fibra 100MB,Leste,1,2,0,0.2833,0,BAIXO
71.28,35,0,2,77.4,9.5,10,0.0667,0.0,51.6,71.28,9.5,1.0,Fibra 100MB,Sul,0,0,0,0.2832,0,BAIXO
188.1,49,1,5,564.3,9.0,10,0.1667,0.02,94.05,188.1,9.0,0.6,Fibra 500MB,Oeste,1,0,0,0.2832,0,BAIXO
142.01,3,1,3,572.7,7.4,13,0.1,0.25,95.45,71.0,9.62,0.45,Fibra 500MB,Centro,1,1,0,0.2832,0,BAIXO
107.42,27,2,0,133.8,8.2,24,0.0,0.0714,44.6,53.71,19.68,0.75,Fibra 200MB,Sul,0,1,1,0.2831,0,BAIXO
96.56,49,0,3,270.2,7.7,13,0.1,0.0,90.07,24.14,10.01,0.75,Fibra 200MB,Centro,0,3,0,0.283,0,BAIXO
72.05,56,0,5,144.0,10.0,15,0.1667,0.0,96.0,24.02,15.0,0.75,Fibra 100MB,Norte,0,2,0,0.283,0,BAIXO
123.89,7,0,1,558.0,7.3,14,0.0333,0.0,93.0,123.89,10.22,1.0,Fibra 500MB,Centro,0,0,0,0.283,0,BAIXO
180.34,41,1,1,229.0,6.8,20,0.0333,0.0238,38.17,180.34,13.6,1.0,Fibra 500MB,Centro,0,0,0,0.2829,0,BAIXO
92.73,54,0,11,285.4,9.6,11,0.3667,0.0,95.13,92.73,10.56,1.0,Fibra 200MB,Oeste,0,0,0,0.2829,0,BAIXO
416.32,37,0,4,865.7,8.0,15,0.1333,0.0,96.19,416.32,12.0,1.0,Empresarial,Oeste,0,0,0,0.2826,0,BAIXO
81.56,1,0,5,131.4,7.1,16,0.1667,0.0,87.6,40.78,11.36,0.45,Fibra 100MB,Norte,1,1,0,0.2826,0,BAIXO
113.42,21,0,0,203.0,8.8,7,0.0,0.0,67.67,37.81,6.16,0.75,Fibra 200MB,Centro,0,2,0,0.2826,0,BAIXO
116.24,4,1,1,263.0,7.9,11,0.0333,0.2,87.67,58.12,8.69,0.45,Fibra 200MB,Sul,1,1,0,0.2822,0,BAIXO
447.88,29,2,3,846.7,9.5,10,0.1,0.0667,94.08,149.29,9.5,0.45,Empresarial,Norte,1,2,0,0.2822,0,BAIXO
191.64,14,0,4,376.4,6.4,11,0.1333,0.0,62.73,191.64,7.04,0.6,Fibra 500MB,Sul,1,0,0,0.2822,0,BAIXO
486.92,14,0,1,698.7,8.8,7,0.0333,0.0,77.63,243.46,6.16,0.75,Empresarial,Norte,0,1,0,0.2815,0,BAIXO
81.47,38,1,1,141.5,8.0,18,0.0333,0.0256,94.33,81.47,14.4,0.6,Fibra 100MB,Oeste,1,0,0,0.2814,0,BAIXO
74.94,51,0,5,129.3,8.9,12,0.1667,0.0,86.2,37.47,10.68,0.75,Fibra 100MB,Sul,0,1,0,0.2814,0,BAIXO
157.68,4,0,5,218.7,5.9,12,0.1667,0.0,36.45,157.68,7.08,0.6,Fibra 500MB,Sul,1,0,0,0.2813,0,BAIXO
162.96,5,1,11,597.3,7.8,13,0.3667,0.1667,99.55,81.48,10.14,0.45,Fibra 500MB,Centro,1,1,1,0.2809,0,BAIXO
125.9,29,0,4,516.3,7.9,10,0.1333,0.0,86.05,62.95,7.9,0.75,Fibra 500MB,Sul,0,1,0,0.2809,0,BAIXO
88.61,39,0,4,84.1,9.2,19,0.1333,0.0,56.07,88.61,17.48,1.0,Fibra 100MB,Oeste,0,0,0,0.2808,0,BAIXO
118.29,32,0,23,270.5,9.0,14,0.7667,0.0,90.17,118.29,12.6,1.0,Fibra 200MB,Sul,0,0,0,0.2807,0,BAIXO
103.08,38,1,3,246.8,6.8,18,0.1,0.0256,82.27,103.08,12.24,0.6,Fibra 200MB,Oeste,1,0,1,0.2807,0,BAIXO
183.68,5,1,32,283.9,8.7,14,1.0667,0.1667,47.32,61.23,12.18,1.35,Fibra 500MB,Centro,1,2,0,0.2804,0,BAIXO
195.35,42,0,4,296.1,7.4,8,0.1333,0.0,49.35,195.35,5.92,0.6,Fibra 500MB,Sul,1,0,0,0.2803,0,BAIXO
130.06,55,3,5,575.3,8.9,24,0.1667,0.0536,95.88,65.03,21.36,0.45,Fibra 500MB,Centro,1,1,0,0.2803,0,BAIXO
90.76,11,1,3,197.6,10.0,11,0.1,0.0833,65.87,45.38,11.0,0.75,Fibra 200MB,Centro,0,1,0,0.2802,0,BAIXO
425.08,60,0,72,561.8,6.5,23,2.4,0.0,62.42,212.54,14.95,2.25,Empresarial,Sul,0,1,0,0.2801,0,BAIXO
74.56,52,0,2,127.3,8.6,13,0.0667,0.0,84.87,37.28,11.18,0.75,Fibra 100MB,Sul,0,1,0,0.28,0,BAIXO
172.27,16,1,0,224.0,8.1,14,0.0,0.0588,37.33,86.14,11.34,0.75,Fibra 500MB,Sul,0,1,0,0.28,0,BAIXO
470.77,25,1,4,732.8,8.0,18,0.1333,0.0385,81.42,470.77,14.4,1.0,Empresarial,Sul,0,0,0,0.2799,0,BAIXO
89.39,20,0,15,117.2,6.1,15,0.5,0.0,39.07,44.7,9.15,0.45,Fibra 200MB,Centro,1,1,0,0.2799,0,BAIXO
89.72,60,2,2,276.3,9.0,19,0.0667,0.0328,92.1,44.86,17.1,0.45,Fibra 200MB,Oeste,1,1,0,0.2798,0,BAIXO
160.41,43,1,2,417.2,8.5,14,0.0667,0.0227,69.53,40.1,11.9,0.75,Fibra 500MB,Centro,0,3,0,0.2797,0,BAIXO
403.43,10,0,3,836.7,6.8,17,0.1,0.0,92.97,403.43,11.56,1.0,Empresarial,Oeste,0,0,0,0.2796,0,BAIXO
176.02,54,1,28,367.6,8.9,20,0.9333,0.0182,61.27,176.02,17.8,0.6,Fibra 500MB,Leste,1,0,1,0.2795,0,BAIXO
154.96,5,1,0,565.1,9.0,8,0.0,0.1667,94.18,38.74,7.2,0.45,Fibra 500MB,Norte,1,3,0,0.2794,0,BAIXO
118.79,43,0,63,293.2,10.0,22,2.1,0.0,97.73,59.4,22.0,1.35,Fibra 200MB,Leste,1,1,0,0.2792,0,BAIXO
423.9,47,1,3,808.6,6.6,20,0.1,0.0208,89.84,423.9,13.2,1.0,Empresarial,Sul,0,0,0,0.2791,0,BAIXO
105.5,4,1,4,239.2,7.6,20,0.1333,0.2,79.73,35.17,15.2,0.75,Fibra 200MB,Centro,0,2,0,0.2791,0,BAIXO
171.52,56,1,1,374.3,9.1,22,0.0333,0.0175,62.38,171.52,20.02,1.0,Fibra 500MB,Leste,0,0,0,0.2791,0,BAIXO
141.63,35,1,11,411.2,7.0,15,0.3667,0.0278,68.53,70.82,10.5,0.45,Fibra 500MB,Centro,1,1,0,0.279,0,BAIXO
88.96,9,0,8,141.6,8.6,19,0.2667,0.0,94.4,44.48,16.34,0.75,Fibra 100MB,Leste,0,1,0,0.2789,0,BAIXO
98.09,54,0,23,276.9,9.3,16,0.7667,0.0,92.3,98.09,14.88,1.0,Fibra 200MB,Centro,0,0,0,0.2788,0,BAIXO
71.62,28,0,2,111.2,9.6,22,0.0667,0.0,74.13,71.62,21.12,1.0,Fibra 100MB,Norte,0,0,0,0.2786,0,BAIXO
78.52,22,1,8,104.2,5.5,22,0.2667,0.0435,69.47,39.26,12.1,0.45,Fibra 100MB,Leste,1,1,0,0.2784,0,BAIXO
188.21,40,1,4,527.6,6.9,20,0.1333,0.0244,87.93,188.21,13.8,1.0,Fibra 500MB,Sul,0,0,1,0.2784,0,BAIXO
121.11,39,1,1,576.2,6.5,19,0.0333,0.025,96.03,40.37,12.35,0.75,Fibra 500MB,Centro,0,2,0,0.2783,0,BAIXO
166.72,34,1,27,260.2,7.5,15,0.9,0.0286,43.37,83.36,11.25,0.45,Fibra 500MB,Sul,1,1,0,0.2783,0,BAIXO
86.9,51,0,24,148.2,7.0,24,0.8,0.0,98.8,43.45,16.8,0.75,Fibra 100MB,Leste,0,1,0,0.2781,0,BAIXO
146.57,26,0,5,236.1,6.1,12,0.1667,0.0,39.35,146.57,7.32,0.6,Fibra 500MB,Sul,1,0,0,0.278,0,BAIXO
76.97,12,1,5,130.9,8.6,18,0.1667,0.0769,87.27,76.97,15.48,0.6,Fibra 100MB,Oeste,1,0,0,0.2779,0,BAIXO
85.5,36,0,0,112.3,8.5,15,0.0,0.0,74.87,85.5,12.75,1.0,Fibra 100MB,Sul,0,0,0,0.2778,0,BAIXO
380.28,11,0,2,768.8,4.3,16,0.0667,0.0,85.42,380.28,6.88,1.5,Empresarial,Centro,1,0,1,0.2778,0,BAIXO
192.87,43,0,2,295.5,9.1,7,0.0667,0.0,49.25,192.87,6.37,1.0,Fibra 500MB,Centro,0,0,0,0.2776,0,BAIXO
171.3,29,0,9,488.7,7.5,20,0.3,0.0,81.45,171.3,15.0,1.0,Fibra 500MB,Norte,0,0,1,0.2774,0,BAIXO
84.66,40,1,26,110.6,10.0,17,0.8667,0.0244,73.73,42.33,17.0,0.45,Fibra 100MB,Centro,1,1,0,0.2773,0,BAIXO
122.26,54,0,2,533.1,6.6,10,0.0667,0.0,88.85,30.56,6.6,0.45,Fibra 500MB,Centro,1,3,0,0.2772,0,BAIXO
124.36,54,1,3,545.9,7.4,23,0.1,0.0182,90.98,62.18,17.02,0.75,Fibra 500MB,Norte,0,1,0,0.2771,0,BAIXO
138.05,14,0,17,253.4,7.6,12,0.5667,0.0,42.23,46.02,9.12,0.45,Fibra 500MB,Norte,1,2,0,0.2768,0,BAIXO
144.81,17,2,0,221.9,7.5,17,0.0,0.1111,36.98,72.4,12.75,0.45,Fibra 500MB,Centro,1,1,0,0.2767,0,BAIXO
115.3,24,0,2,220.6,7.0,12,0.0667,0.0,73.53,115.3,8.4,0.6,Fibra 200MB,Centro,1,0,0,0.2766,0,BAIXO
109.48,14,0,3,205.3,7.8,12,0.1,0.0,68.43,54.74,9.36,0.45,Fibra 200MB,Norte,1,1,0,0.2766,0,BAIXO
85.32,51,0,0,107.1,7.2,21,0.0,0.0,71.4,42.66,15.12,0.75,Fibra 100MB,Leste,0,1,0,0.2765,0,BAIXO
188.92,41,0,1,599.0,9.4,7,0.0333,0.0,99.83,62.97,6.58,0.75,Fibra 500MB,Norte,0,2,0,0.2764,0,BAIXO
172.78,27,0,22,547.7,8.6,16,0.7333,0.0,91.28,172.78,13.76,1.0,Fibra 500MB,Centro,0,0,0,0.2763,0,BAIXO
130.22,22,0,3,416.8,7.8,10,0.1,0.0,69.47,130.22,7.8,0.6,Fibra 500MB,Leste,1,0,0,0.2762,0,BAIXO
123.63,55,2,5,446.2,7.1,18,0.1667,0.0357,74.37,61.82,12.78,0.45,Fibra 500MB,Sul,1,1,0,0.2761,0,BAIXO
170.09,56,1,1,554.5,6.8,15,0.0333,0.0175,92.42,170.09,10.2,0.6,Fibra 500MB,Sul,1,0,0,0.2761,0,BAIXO
80.64,45,0,57,75.0,7.4,24,1.9,0.0,50.0,80.64,17.76,1.8,Fibra 100MB,Sul,1,0,0,0.2761,0,BAIXO
118.06,33,0,23,269.0,6.6,16,0.7667,0.0,89.67,118.06,10.56,0.6,Fibra 200MB,Centro,1,0,0,0.2761,0,BAIXO
139.71,2,1,29,563.6,7.6,24,0.9667,0.3333,93.93,139.71,18.24,0.6,Fibra 500MB,Norte,1,0,0,0.276,0,BAIXO
84.16,9,0,2,148.3,4.1,19,0.0667,0.0,98.87,84.16,7.79,1.5,Fibra 100MB,Oeste,1,0,0,0.276,0,BAIXO
81.32,19,0,0,67.8,5.6,19,0.0,0.0,45.2,27.11,10.64,0.75,Fibra 100MB,Sul,0,2,0,0.276,0,BAIXO
109.93,30,2,0,226.0,9.3,15,0.0,0.0645,75.33,109.93,13.95,0.6,Fibra 200MB,Sul,1,0,1,0.2757,0,BAIXO
511.24,10,1,5,730.1,7.8,12,0.1667,0.0909,81.12,255.62,9.36,0.45,Empresarial,Leste,1,1,0,0.2757,0,BAIXO
515.41,53,1,29,418.3,9.7,9,0.9667,0.0185,46.48,515.41,8.73,0.6,Empresarial,Centro,1,0,0,0.2757,0,BAIXO
106.52,57,2,4,258.3,8.6,19,0.1333,0.0345,86.1,53.26,16.34,0.45,Fibra 200MB,Centro,1,1,1,0.2751,0,BAIXO
115.96,11,0,13,275.0,8.4,14,0.4333,0.0,91.67,115.96,11.76,1.0,Fibra 200MB,Sul,0,0,0,0.275,0,BAIXO
107.96,58,2,2,194.6,10.0,8,0.0667,0.0339,64.87,26.99,8.0,0.45,Fibra 200MB,Centro,1,3,0,0.275,0,BAIXO
457.64,53,2,5,343.4,7.8,17,0.1667,0.037,38.16,457.64,13.26,0.6,Empresarial,Sul,1,0,0,0.2748,0,BAIXO
70.03,31,0,4,74.3,7.9,11,0.1333,0.0,49.53,17.51,8.69,0.45,Fibra 100MB,Centro,1,3,0,0.2747,0,BAIXO
84.04,5,0,0,134.2,9.2,6,0.0,0.0,89.47,84.04,5.52,0.6,Fibra 100MB,Leste,1,0,0,0.2746,0,BAIXO
73.78,16,0,3,144.7,10.0,20,0.1,0.0,96.47,73.78,20.0,1.0,Fibra 100MB,Norte,0,0,0,0.2746,0,BAIXO
102.36,57,0,50,186.8,7.0,20,1.6667,0.0,62.27,51.18,14.0,1.35,Fibra 200MB,Centro,1,1,0,0.2745,0,BAIXO
504.58,31,1,4,568.4,8.9,18,0.1333,0.0312,63.16,504.58,16.02,1.0,Empresarial,Centro,0,0,0,0.2744,0,BAIXO
101.87,40,1,1,238.2,8.9,15,0.0333,0.0244,79.4,101.87,13.35,0.6,Fibra 200MB,Leste,1,0,0,0.2741,0,BAIXO
69.18,49,1,4,99.8,9.2,21,0.1333,0.02,66.53,17.3,19.32,0.75,Fibra 100MB,Sul,0,3,1,0.274,0,BAIXO
496.39,21,1,1,483.4,6.3,20,0.0333,0.0455,53.71,248.2,12.6,0.75,Empresarial,Norte,0,1,0,0.274,0,BAIXO
83.37,9,0,28,121.5,8.0,22,0.9333,0.0,81.0,41.68,17.6,0.75,Fibra 100MB,Centro,0,1,0,0.2739,0,BAIXO
183.4,2,2,5,356.9,8.7,16,0.1667,0.6667,59.48,61.13,13.92,0.45,Fibra 500MB,Sul,1,2,0,0.2735,0,BAIXO
69.88,34,0,22,54.4,6.8,18,0.7333,0.0,36.27,69.88,12.24,0.6,Fibra 100MB,Sul,1,0,0,0.2734,0,BAIXO
171.76,42,2,5,375.6,6.7,21,0.1667,0.0465,62.6,171.76,14.07,0.6,Fibra 500MB,Centro,1,0,0,0.2733,0,BAIXO
177.87,26,0,4,480.7,8.7,11,0.1333,0.0,80.12,177.87,9.57,1.0,Fibra 500MB,Centro,0,0,0,0.2732,0,BAIXO
116.62,2,0,33,140.0,7.2,18,1.1,0.0,46.67,116.62,12.96,1.8,Fibra 200MB,Centro,1,0,0,0.2731,0,BAIXO
104.64,44,2,5,260.6,7.4,22,0.1667,0.0444,86.87,104.64,16.28,0.6,Fibra 200MB,Centro,1,0,0,0.273,0,BAIXO
81.65,6,0,0,66.9,8.4,22,0.0,0.0,44.6,40.83,18.48,0.75,Fibra 100MB,Norte,0,1,1,0.273,0,BAIXO
110.53,42,1,2,158.5,7.8,16,0.0667,0.0233,52.83,110.53,12.48,0.6,Fibra 200MB,Centro,1,0,0,0.2729,0,BAIXO
171.07,51,1,0,369.5,9.4,21,0.0,0.0192,61.58,85.54,19.74,0.75,Fibra 500MB,Norte,0,1,0,0.2728,0,BAIXO
81.78,27,1,4,67.0,9.8,22,0.1333,0.0357,44.67,40.89,21.56,0.45,Fibra 100MB,Norte,1,1,0,0.2728,0,BAIXO
97.26,31,0,4,154.5,8.9,20,0.1333,0.0,51.5,97.26,17.8,1.0,Fibra 200MB,Norte,0,0,0,0.2727,0,BAIXO
188.44,12,1,1,500.2,7.3,13,0.0333,0.0769,83.37,47.11,9.49,0.45,Fibra 500MB,Oeste,1,3,1,0.2725,0,BAIXO
138.73,60,1,4,320.2,8.8,21,0.1333,0.0164,53.37,69.36,18.48,0.75,Fibra 500MB,Leste,0,1,0,0.2724,0,BAIXO
108.39,20,0,4,153.2,6.2,21,0.1333,0.0,51.07,108.39,13.02,1.0,Fibra 200MB,Leste,0,0,0,0.2723,0,BAIXO
97.12,33,1,8,170.0,6.5,22,0.2667,0.0294,56.67,97.12,14.3,0.6,Fibra 200MB,Norte,1,0,0,0.2721,0,BAIXO
435.71,8,2,5,801.5,6.8,17,0.1667,0.2222,89.06,217.86,11.56,0.45,Empresarial,Sul,1,1,0,0.2718,0,BAIXO
143.34,8,1,3,246.3,8.5,9,0.1,0.1111,41.05,47.78,7.65,0.45,Fibra 500MB,Oeste,1,2,0,0.2717,0,BAIXO
109.07,39,0,23,232.7,7.1,18,0.7667,0.0,77.57,54.54,12.78,0.45,Fibra 200MB,Norte,1,1,1,0.2717,0,BAIXO
381.56,9,0,1,715.0,8.8,6,0.0333,0.0,79.44,381.56,5.28,1.0,Empresarial,Sul,0,0,0,0.2716,0,BAIXO
107.0,40,1,1,111.7,6.8,18,0.0333,0.0244,37.23,53.5,12.24,0.45,Fibra 200MB,Oeste,1,1,0,0.2713,0,BAIXO
91.5,26,0,2,99.0,7.1,20,0.0667,0.0,33.0,30.5,14.2,0.75,Fibra 200MB,Norte,0,2,1,0.2709,0,BAIXO
156.14,42,1,4,474.7,8.2,13,0.1333,0.0233,79.12,156.14,10.66,0.6,Fibra 500MB,Centro,1,0,0,0.2707,0,BAIXO
173.08,47,1,16,571.2,9.1,14,0.5333,0.0208,95.2,43.27,12.74,0.45,Fibra 500MB,Norte,1,3,0,0.2706,0,BAIXO
146.72,12,1,1,539.9,4.8,19,0.0333,0.0769,89.98,146.72,9.12,1.5,Fibra 500MB,Centro,1,0,0,0.2706,0,BAIXO
390.78,56,1,2,597.4,9.0,18,0.0667,0.0175,66.38,195.39,16.2,0.75,Empresarial,Norte,0,1,0,0.2705,0,BAIXO
86.32,2,0,3,82.4,4.7,24,0.1,0.0,54.93,86.32,11.28,2.5,Fibra 100MB,Leste,0,0,0,0.2705,0,BAIXO
187.98,42,1,4,445.0,7.9,12,0.1333,0.0233,74.17,93.99,9.48,0.45,Fibra 500MB,Centro,1,1,0,0.2704,0,BAIXO
75.61,47,0,3,95.4,9.1,23,0.1,0.0,63.6,75.61,20.93,1.0,Fibra 100MB,Leste,0,0,0,0.2704,0,BAIXO
94.8,8,0,5,206.3,8.8,11,0.1667,0.0,68.77,94.8,9.68,1.0,Fibra 200MB,Sul,0,0,0,0.2697,0,BAIXO
181.21,14,2,1,318.4,9.6,16,0.0333,0.1333,53.07,90.6,15.36,0.45,Fibra 500MB,Leste,1,1,0,0.2695,0,BAIXO
103.0,56,1,12,167.8,7.0,23,0.4,0.0175,55.93,34.33,16.1,0.75,Fibra 200MB,Centro,0,2,1,0.2694,0,BAIXO
189.38,49,0,30,227.5,6.0,20,1.0,0.0,37.92,94.69,12.0,0.75,Fibra 500MB,Centro,0,1,0,0.2692,0,BAIXO
113.7,15,0,3,184.2,6.2,18,0.1,0.0,61.4,113.7,11.16,1.0,Fibra 200MB,Sul,0,0,0,0.2691,0,BAIXO
198.42,34,0,3,311.1,8.9,17,0.1,0.0,51.85,198.42,15.13,1.0,Fibra 500MB,Norte,0,0,0,0.2689,0,BAIXO
105.46,58,0,1,205.1,6.7,16,0.0333,0.0,68.37,105.46,10.72,0.6,Fibra 200MB,Leste,1,0,0,0.2687,0,BAIXO
79.82,34,1,0,97.5,6.8,22,0.0,0.0286,65.0,26.61,14.96,0.45,Fibra 100MB,Norte,1,2,0,0.2687,0,BAIXO
188.42,48,1,5,326.1,5.3,24,0.1667,0.0204,54.35,188.42,12.72,1.0,Fibra 500MB,Leste,0,0,0,0.2687,0,BAIXO
185.53,8,0,2,550.6,8.0,10,0.0667,0.0,91.77,185.53,8.0,0.6,Fibra 500MB,Leste,1,0,0,0.2686,0,BAIXO
121.16,51,0,0,578.3,4.8,17,0.0,0.0,96.38,121.16,8.16,1.5,Fibra 500MB,Oeste,1,0,0,0.2684,0,BAIXO
97.2,33,1,5,125.7,4.3,21,0.1667,0.0294,41.9,97.2,9.03,1.5,Fibra 200MB,Centro,1,0,0,0.2682,0,BAIXO
76.27,32,1,5,143.7,8.0,24,0.1667,0.0303,95.8,76.27,19.2,1.0,Fibra 100MB,Sul,0,0,0,0.268,0,BAIXO
82.39,26,0,3,113.5,7.7,18,0.1,0.0,75.67,27.46,13.86,0.75,Fibra 100MB,Centro,0,2,0,0.2676,0,BAIXO
96.55,54,0,29,206.6,8.6,18,0.9667,0.0,68.87,48.28,15.48,0.75,Fibra 200MB,Sul,0,1,0,0.2676,0,BAIXO
84.59,14,0,0,123.9,7.3,15,0.0,0.0,82.6,84.59,10.95,0.6,Fibra 100MB,Oeste,1,0,0,0.2674,0,BAIXO
191.46,52,1,7,589.6,6.5,16,0.2333,0.0189,98.27,63.82,10.4,0.45,Fibra 500MB,Centro,1,2,0,0.267,0,BAIXO
442.72,56,1,13,561.2,7.8,24,0.4333,0.0175,62.36,442.72,18.72,1.0,Empresarial,Oeste,0,0,0,0.2667,0,BAIXO
92.72,18,0,20,202.6,9.1,20,0.6667,0.0,67.53,46.36,18.2,0.75,Fibra 200MB,Leste,0,1,0,0.2665,0,BAIXO
462.96,34,0,4,594.6,8.2,11,0.1333,0.0,66.07,462.96,9.02,0.6,Empresarial,Norte,1,0,0,0.2663,0,BAIXO
82.05,24,0,3,64.0,7.5,24,0.1,0.0,42.67,41.02,18.0,0.75,Fibra 100MB,Norte,0,1,0,0.266,0,BAIXO
114.74,44,0,1,216.6,6.7,16,0.0333,0.0,72.2,114.74,10.72,0.6,Fibra 200MB,Leste,1,0,0,0.2658,0,BAIXO
487.14,20,0,2,559.5,8.6,6,0.0667,0.0,62.17,487.14,5.16,0.6,Empresarial,Leste,1,0,0,0.2657,0,BAIXO
98.44,49,0,4,248.7,8.2,6,0.1333,0.0,82.9,24.61,4.92,0.45,Fibra 200MB,Centro,1,3,0,0.2656,0,BAIXO
109.28,22,0,19,258.2,6.6,15,0.6333,0.0,86.07,109.28,9.9,0.6,Fibra 200MB,Sul,1,0,1,0.2655,0,BAIXO
164.67,51,1,5,594.7,8.4,20,0.1667,0.0192,99.12,54.89,16.8,0.75,Fibra 500MB,Oeste,0,2,1,0.2654,0,BAIXO
419.59,49,1,28,585.6,7.8,24,0.9333,0.02,65.07,419.59,18.72,1.0,Empresarial,Sul,0,0,0,0.2649,0,BAIXO
69.19,6,1,4,84.5,7.1,20,0.1333,0.1429,56.33,34.6,14.2,0.45,Fibra 100MB,Centro,1,1,0,0.2647,0,BAIXO
104.88,28,1,3,270.4,9.8,17,0.1,0.0345,90.13,104.88,16.66,1.0,Fibra 200MB,Sul,0,0,0,0.2644,0,BAIXO
98.78,20,0,0,172.7,8.0,6,0.0,0.0,57.57,49.39,4.8,0.45,Fibra 200MB,Sul,1,1,1,0.2643,0,BAIXO
83.92,15,1,5,89.8,10.0,8,0.1667,0.0625,59.87,41.96,8.0,0.45,Fibra 100MB,Centro,1,1,0,0.2642,0,BAIXO
91.83,55,1,1,249.4,7.0,23,0.0333,0.0179,83.13,91.83,16.1,1.0,Fibra 200MB,Centro,0,0,0,0.2641,0,BAIXO
160.98,23,1,12,285.0,8.0,21,0.4,0.0417,47.5,160.98,16.8,1.0,Fibra 500MB,Sul,0,0,0,0.2639,0,BAIXO
135.02,34,1,1,400.0,10.0,20,0.0333,0.0286,66.67,45.01,20.0,0.75,Fibra 500MB,Norte,0,2,0,0.2639,0,BAIXO
94.74,58,0,11,162.1,5.4,23,0.3667,0.0,54.03,94.74,12.42,1.0,Fibra 200MB,Leste,0,0,0,0.2638,0,BAIXO
96.61,42,2,1,128.9,9.4,19,0.0333,0.0465,42.97,48.3,17.86,0.45,Fibra 200MB,Centro,1,1,0,0.2636,0,BAIXO
131.26,55,0,30,557.1,8.2,23,1.0,0.0,92.85,43.75,18.86,0.75,Fibra 500MB,Norte,0,2,1,0.2633,0,BAIXO
84.15,2,0,3,85.0,10.0,21,0.1,0.0,56.67,28.05,21.0,0.75,Fibra 100MB,Norte,0,2,1,0.2633,0,BAIXO
73.36,29,0,4,148.1,8.7,15,0.1333,0.0,98.73,73.36,13.05,0.6,Fibra 100MB,Norte,1,0,0,0.2632,0,BAIXO
86.93,57,0,0,94.7,10.0,9,0.0,0.0,63.13,86.93,9.0,1.0,Fibra 100MB,Sul,0,0,0,0.2625,0,BAIXO
101.51,50,0,20,162.2,8.3,21,0.6667,0.0,54.07,101.51,17.43,1.0,Fibra 200MB,Centro,0,0,0,0.2624,0,BAIXO
110.96,19,1,1,215.6,8.4,20,0.0333,0.05,71.87,110.96,16.8,0.6,Fibra 200MB,Norte,1,0,0,0.2618,0,BAIXO
187.01,31,2,0,331.8,10.0,12,0.0,0.0625,55.3,187.01,12.0,0.6,Fibra 500MB,Centro,1,0,0,0.2616,0,BAIXO
181.74,40,1,29,505.8,8.7,14,0.9667,0.0244,84.3,90.87,12.18,0.45,Fibra 500MB,Sul,1,1,0,0.2616,0,BAIXO
124.38,48,1,0,416.0,9.2,21,0.0,0.0204,69.33,62.19,19.32,0.75,Fibra 500MB,Leste,0,1,0,0.2614,0,BAIXO
70.93,51,0,4,116.4,9.2,21,0.1333,0.0,77.6,23.64,19.32,0.75,Fibra 100MB,Leste,0,2,0,0.2612,0,BAIXO
74.28,45,0,1,94.8,6.5,20,0.0333,0.0,63.2,18.57,13.0,0.75,Fibra 100MB,Centro,0,3,0,0.2611,0,BAIXO
113.59,47,1,0,114.6,7.9,20,0.0,0.0208,38.2,56.8,15.8,0.45,Fibra 200MB,Norte,1,1,0,0.261,0,BAIXO
91.81,48,0,3,123.1,7.7,20,0.1,0.0,41.03,45.9,15.4,0.75,Fibra 200MB,Leste,0,1,0,0.2609,0,BAIXO
84.75,7,0,7,98.4,9.3,19,0.2333,0.0,65.6,84.75,17.67,1.0,Fibra 100MB,Centro,0,0,0,0.2609,0,BAIXO
139.51,43,1,2,365.6,6.4,21,0.0667,0.0227,60.93,139.51,13.44,1.0,Fibra 500MB,Sul,0,0,1,0.2608,0,BAIXO
109.66,5,1,5,206.0,6.8,24,0.1667,0.1667,68.67,109.66,16.32,1.0,Fibra 200MB,Centro,0,0,0,0.2608,0,BAIXO
109.63,29,1,1,298.7,9.3,6,0.0333,0.0333,99.57,109.63,5.58,0.6,Fibra 200MB,Sul,1,0,0,0.2607,0,BAIXO
89.09,44,0,1,239.4,6.8,16,0.0333,0.0,79.8,89.09,10.88,0.6,Fibra 200MB,Leste,1,0,0,0.2605,0,BAIXO
81.78,57,1,0,145.5,7.6,18,0.0,0.0172,97.0,81.78,13.68,0.6,Fibra 100MB,Sul,1,0,0,0.2604,0,BAIXO
97.67,26,1,4,239.4,10.0,18,0.1333,0.037,79.8,48.84,18.0,0.75,Fibra 200MB,Centro,0,1,0,0.2603,0,BAIXO
111.28,21,1,20,216.3,8.3,23,0.6667,0.0455,72.1,111.28,19.09,0.6,Fibra 200MB,Leste,1,0,0,0.2603,0,BAIXO
69.64,57,0,5,123.6,6.3,24,0.1667,0.0,82.4,69.64,15.12,1.0,Fibra 100MB,Leste,0,0,0,0.2602,0,BAIXO
98.49,37,1,5,241.7,9.3,24,0.1667,0.0263,80.57,49.24,22.32,0.75,Fibra 200MB,Oeste,0,1,0,0.2601,0,BAIXO
128.78,42,0,0,378.7,7.0,18,0.0,0.0,63.12,128.78,12.6,1.0,Fibra 500MB,Oeste,0,0,0,0.2599,0,BAIXO
78.38,52,0,4,138.4,7.5,19,0.1333,0.0,92.27,78.38,14.25,0.6,Fibra 100MB,Norte,1,0,0,0.2599,0,BAIXO
95.83,33,0,4,214.3,7.9,14,0.1333,0.0,71.43,47.92,11.06,0.45,Fibra 200MB,Norte,1,1,0,0.2597,0,BAIXO
110.38,21,0,4,197.2,8.9,9,0.1333,0.0,65.73,110.38,8.01,0.6,Fibra 200MB,Leste,1,0,1,0.2596,0,BAIXO
137.31,55,1,1,389.5,8.5,19,0.0333,0.0179,64.92,137.31,16.15,1.0,Fibra 500MB,Sul,0,0,0,0.2596,0,BAIXO
178.33,11,1,5,539.6,10.0,14,0.1667,0.0833,89.93,178.33,14.0,1.0,Fibra 500MB,Sul,0,0,1,0.2595,0,BAIXO
73.26,9,0,3,117.3,9.2,20,0.1,0.0,78.2,73.26,18.4,1.0,Fibra 100MB,Oeste,0,0,0,0.2594,0,BAIXO
427.85,33,0,2,884.0,4.4,23,0.0667,0.0,98.22,427.85,10.12,2.5,Empresarial,Norte,0,0,0,0.2592,0,BAIXO
84.42,15,0,27,55.3,7.5,19,0.9,0.0,36.87,42.21,14.25,0.45,Fibra 100MB,Centro,1,1,1,0.259,0,BAIXO
78.96,27,0,2,132.5,10.0,10,0.0667,0.0,88.33,26.32,10.0,0.75,Fibra 100MB,Oeste,0,2,1,0.2589,0,BAIXO
193.01,33,0,0,566.7,6.8,21,0.0,0.0,94.45,193.01,14.28,1.0,Fibra 500MB,Norte,0,0,0,0.2588,0,BAIXO
398.82,20,1,5,539.6,5.8,17,0.1667,0.0476,59.96,99.7,9.86,0.75,Empresarial,Sul,0,3,0,0.2588,0,BAIXO
77.46,10,0,2,87.0,10.0,24,0.0667,0.0,58.0,77.46,24.0,1.0,Fibra 100MB,Leste,0,0,0,0.2587,0,BAIXO
160.25,45,1,5,232.1,9.2,21,0.1667,0.0217,38.68,53.42,19.32,0.75,Fibra 500MB,Leste,0,2,0,0.2587,0,BAIXO
118.12,37,0,2,130.6,8.3,18,0.0667,0.0,43.53,39.37,14.94,0.75,Fibra 200MB,Leste,0,2,0,0.2587,0,BAIXO
88.08,22,1,4,68.7,10.0,6,0.1333,0.0435,45.8,44.04,6.0,0.45,Fibra 100MB,Sul,1,1,0,0.2586,0,BAIXO
113.91,36,0,30,234.7,7.4,16,1.0,0.0,78.23,113.91,11.84,0.6,Fibra 200MB,Sul,1,0,0,0.2586,0,BAIXO
119.26,13,1,25,246.1,10.0,24,0.8333,0.0714,41.02,59.63,24.0,0.75,Fibra 500MB,Centro,0,1,0,0.2583,0,BAIXO
115.62,40,0,2,213.3,5.1,17,0.0667,0.0,71.1,115.62,8.67,0.6,Fibra 200MB,Centro,1,0,0,0.2583,0,BAIXO
185.88,51,1,11,203.8,6.3,24,0.3667,0.0192,33.97,92.94,15.12,0.75,Fibra 500MB,Leste,0,1,0,0.2579,0,BAIXO
511.55,51,1,3,556.6,7.5,20,0.1,0.0192,61.84,511.55,15.0,0.6,Empresarial,Norte,1,0,0,0.2579,0,BAIXO
195.9,7,0,4,529.2,5.9,18,0.1333,0.0,88.2,195.9,10.62,1.0,Fibra 500MB,Sul,0,0,0,0.2577,0,BAIXO
99.74,11,1,5,180.5,8.8,17,0.1667,0.0833,60.17,99.74,14.96,0.6,Fibra 200MB,Oeste,1,0,0,0.2577,0,BAIXO
129.7,14,0,4,335.3,8.3,10,0.1333,0.0,55.88,64.85,8.3,0.75,Fibra 500MB,Sul,0,1,0,0.2577,0,BAIXO
96.29,20,0,1,211.7,7.4,20,0.0333,0.0,70.57,32.1,14.8,0.75,Fibra 200MB,Norte,0,2,0,0.2576,0,BAIXO
85.0,30,0,17,114.7,6.5,20,0.5667,0.0,76.47,85.0,13.0,0.6,Fibra 100MB,Oeste,1,0,0,0.2575,0,BAIXO
197.77,26,1,21,396.6,9.3,17,0.7,0.037,66.1,65.92,15.81,0.45,Fibra 500MB,Norte,1,2,0,0.2575,0,BAIXO
407.46,41,1,1,704.8,6.7,23,0.0333,0.0238,78.31,407.46,15.41,1.0,Empresarial,Oeste,0,0,0,0.257,0,BAIXO
413.96,18,0,4,468.6,6.8,19,0.1333,0.0,52.07,413.96,12.92,1.0,Empresarial,Leste,0,0,0,0.2569,0,BAIXO
454.04,55,1,2,401.6,8.0,19,0.0667,0.0179,44.62,454.04,15.2,1.0,Empresarial,Sul,0,0,0,0.2569,0,BAIXO
115.95,27,1,0,147.3,8.5,19,0.0,0.0357,49.1,57.98,16.15,0.45,Fibra 200MB,Norte,1,1,0,0.2567,0,BAIXO
92.87,12,1,5,147.1,7.6,17,0.1667,0.0769,49.03,46.44,12.92,0.45,Fibra 200MB,Centro,1,1,0,0.2565,0,BAIXO
116.73,16,0,2,237.0,7.1,16,0.0667,0.0,79.0,58.36,11.36,0.75,Fibra 200MB,Sul,0,1,0,0.2565,0,BAIXO
131.3,13,1,1,505.6,8.9,18,0.0333,0.0714,84.27,131.3,16.02,1.0,Fibra 500MB,Sul,0,0,0,0.2562,0,BAIXO
136.39,8,1,27,355.6,10.0,22,0.9,0.1111,59.27,68.19,22.0,0.75,Fibra 500MB,Sul,0,1,0,0.2561,0,BAIXO
100.53,38,0,0,226.9,7.3,14,0.0,0.0,75.63,50.26,10.22,0.45,Fibra 200MB,Leste,1,1,1,0.256,0,BAIXO
85.37,9,1,1,123.0,9.1,17,0.0333,0.1,82.0,85.37,15.47,0.6,Fibra 100MB,Centro,1,0,0,0.256,0,BAIXO
434.4,47,1,2,591.6,7.0,12,0.0667,0.0208,65.73,217.2,8.4,0.45,Empresarial,Sul,1,1,0,0.2559,0,BAIXO
105.78,47,0,30,237.5,7.2,21,1.0,0.0,79.17,52.89,15.12,0.75,Fibra 200MB,Sul,0,1,0,0.2558,0,BAIXO
107.7,40,0,0,172.0,6.9,18,0.0,0.0,57.33,53.85,12.42,0.75,Fibra 200MB,Centro,0,1,0,0.2557,0,BAIXO
94.39,21,1,1,103.1,7.0,24,0.0333,0.0455,34.37,47.2,16.8,0.75,Fibra 200MB,Oeste,0,1,0,0.2557,0,BAIXO
102.7,11,2,8,264.0,6.2,23,0.2667,0.1667,88.0,102.7,14.26,0.6,Fibra 200MB,Sul,1,0,0,0.2552,0,BAIXO
70.39,14,0,0,119.7,8.2,10,0.0,0.0,79.8,23.46,8.2,0.45,Fibra 100MB,Centro,1,2,0,0.2551,0,BAIXO
135.95,39,0,5,556.8,9.8,13,0.1667,0.0,92.8,135.95,12.74,1.0,Fibra 500MB,Leste,0,0,0,0.2551,0,BAIXO
141.76,9,0,0,427.3,7.0,18,0.0,0.0,71.22,141.76,12.6,1.0,Fibra 500MB,Oeste,0,0,0,0.2549,0,BAIXO
85.27,25,0,11,131.1,5.5,20,0.3667,0.0,87.4,42.64,11.0,0.45,Fibra 100MB,Leste,1,1,0,0.2548,0,BAIXO
113.77,5,0,2,285.1,8.8,14,0.0667,0.0,95.03,113.77,12.32,1.0,Fibra 200MB,Centro,0,0,0,0.2547,0,BAIXO
101.61,21,1,1,166.0,4.1,24,0.0333,0.0455,55.33,33.87,9.84,1.875,Fibra 200MB,Oeste,0,2,0,0.2546,0,BAIXO
111.58,9,1,2,293.9,8.7,11,0.0667,0.1,97.97,37.19,9.57,0.45,Fibra 200MB,Centro,1,2,0,0.2544,0,BAIXO
82.59,38,0,5,69.3,6.7,23,0.1667,0.0,46.2,82.59,15.41,1.0,Fibra 100MB,Centro,0,0,0,0.2542,0,BAIXO
161.58,53,1,2,270.1,8.2,23,0.0667,0.0185,45.02,80.79,18.86,0.75,Fibra 500MB,Leste,0,1,0,0.2541,0,BAIXO
139.0,41,1,4,448.5,9.5,22,0.1333,0.0238,74.75,46.33,20.9,0.75,Fibra 500MB,Leste,0,2,0,0.2541,0,BAIXO
112.72,20,0,4,235.6,9.4,6,0.1333,0.0,78.53,56.36,5.64,0.75,Fibra 200MB,Sul,0,1,0,0.2539,0,BAIXO
439.15,40,1,2,754.1,6.4,14,0.0667,0.0244,83.79,146.38,8.96,0.45,Empresarial,Centro,1,2,0,0.2535,0,BAIXO
85.97,29,0,5,72.4,7.0,24,0.1667,0.0,48.27,85.97,16.8,1.0,Fibra 100MB,Oeste,0,0,0,0.2535,0,BAIXO
137.07,6,0,4,244.8,9.0,10,0.1333,0.0,40.8,68.54,9.0,0.75,Fibra 500MB,Oeste,0,1,0,0.2535,0,BAIXO
84.0,9,0,4,73.7,7.8,22,0.1333,0.0,49.13,84.0,17.16,1.0,Fibra 100MB,Centro,0,0,0,0.2534,0,BAIXO
94.82,23,1,4,208.5,6.0,19,0.1333,0.0417,69.5,47.41,11.4,0.45,Fibra 200MB,Centro,1,1,0,0.2534,0,BAIXO
103.26,46,0,3,200.3,9.1,14,0.1,0.0,66.77,34.42,12.74,0.75,Fibra 200MB,Oeste,0,2,0,0.2534,0,BAIXO
102.48,22,1,25,115.5,7.4,20,0.8333,0.0435,38.5,51.24,14.8,0.45,Fibra 200MB,Sul,1,1,1,0.2533,0,BAIXO
87.75,5,0,5,133.8,8.6,9,0.1667,0.0,89.2,87.75,7.74,0.6,Fibra 100MB,Sul,1,0,0,0.2532,0,BAIXO
95.58,49,0,3,187.4,6.7,19,0.1,0.0,62.47,47.79,12.73,0.75,Fibra 200MB,Centro,0,1,0,0.253,0,BAIXO
96.49,20,2,5,169.9,6.4,23,0.1667,0.0952,56.63,96.49,14.72,0.6,Fibra 200MB,Sul,1,0,0,0.2526,0,BAIXO
104.35,1,0,1,266.2,7.6,10,0.0333,0.0,88.73,52.18,7.6,0.45,Fibra 200MB,Centro,1,1,0,0.2519,0,BAIXO
91.88,15,0,15,154.4,9.2,24,0.5,0.0,51.47,45.94,22.08,0.75,Fibra 200MB,Norte,0,1,0,0.2517,0,BAIXO
98.03,22,1,3,170.1,7.3,17,0.1,0.0435,56.7,32.68,12.41,0.45,Fibra 200MB,Centro,1,2,0,0.2517,0,BAIXO
385.73,22,0,3,449.6,8.9,6,0.1,0.0,49.96,192.86,5.34,0.75,Empresarial,Oeste,0,1,0,0.2514,0,BAIXO
156.69,20,0,5,521.9,7.3,16,0.1667,0.0,86.98,156.69,11.68,0.6,Fibra 500MB,Norte,1,0,0,0.2512,0,BAIXO
132.07,21,0,1,260.5,7.1,15,0.0333,0.0,43.42,44.02,10.65,0.75,Fibra 500MB,Centro,0,2,0,0.2511,0,BAIXO
70.96,43,0,1,126.8,9.1,18,0.0333,0.0,84.53,17.74,16.38,0.75,Fibra 100MB,Oeste,0,3,0,0.251,0,BAIXO
130.75,15,0,4,347.2,7.5,8,0.1333,0.0,57.87,65.38,6.0,0.45,Fibra 500MB,Sul,1,1,0,0.2508,0,BAIXO
97.06,56,0,3,281.9,10.0,17,0.1,0.0,93.97,97.06,17.0,1.0,Fibra 200MB,Leste,0,0,0,0.2505,0,BAIXO
189.01,31,0,5,363.7,6.4,19,0.1667,0.0,60.62,63.0,12.16,0.75,Fibra 500MB,Leste,0,2,0,0.2505,0,BAIXO
117.78,38,0,2,281.9,7.1,15,0.0667,0.0,93.97,58.89,10.65,0.45,Fibra 200MB,Leste,1,1,0,0.2504,0,BAIXO
125.3,36,0,0,523.2,8.1,13,0.0,0.0,87.2,125.3,10.53,0.6,Fibra 500MB,Norte,1,0,0,0.2504,0,BAIXO
113.81,23,0,54,128.8,8.4,24,1.8,0.0,42.93,113.81,20.16,1.8,Fibra 200MB,Centro,1,0,0,0.2503,0,BAIXO
102.63,29,1,2,220.1,6.9,23,0.0667,0.0333,73.37,102.63,15.87,1.0,Fibra 200MB,Sul,0,0,0,0.2503,0,BAIXO
69.88,57,0,2,115.7,8.1,22,0.0667,0.0,77.13,34.94,17.82,0.75,Fibra 100MB,Oeste,0,1,0,0.2502,0,BAIXO
180.61,20,0,76,544.5,7.9,22,2.5333,0.0,90.75,90.3,17.38,1.35,Fibra 500MB,Sul,1,1,0,0.25,0,BAIXO
112.11,31,0,2,287.1,8.1,19,0.0667,0.0,95.7,56.06,15.39,0.75,Fibra 200MB,Leste,0,1,0,0.2499,0,BAIXO
505.74,46,0,0,616.4,5.5,18,0.0,0.0,68.49,168.58,9.9,0.75,Empresarial,Norte,0,2,0,0.2499,0,BAIXO
123.24,3,1,2,325.0,6.3,16,0.0667,0.25,54.17,41.08,10.08,0.45,Fibra 500MB,Sul,1,2,1,0.2498,0,BAIXO
394.05,13,0,1,769.0,6.1,14,0.0333,0.0,85.44,131.35,8.54,0.75,Empresarial,Sul,0,2,0,0.2498,0,BAIXO
74.2,49,0,1,110.8,8.8,19,0.0333,0.0,73.87,37.1,16.72,0.75,Fibra 100MB,Centro,0,1,0,0.2497,0,BAIXO
117.8,50,1,4,115.4,6.4,24,0.1333,0.0196,38.47,58.9,15.36,0.75,Fibra 200MB,Centro,0,1,0,0.2497,0,BAIXO
82.1,31,0,3,108.8,8.2,16,0.1,0.0,72.53,41.05,13.12,0.45,Fibra 100MB,Leste,1,1,0,0.2497,0,BAIXO
141.91,18,1,0,237.2,9.7,9,0.0,0.0526,39.53,141.91,8.73,0.6,Fibra 500MB,Leste,1,0,0,0.2495,0,BAIXO
115.26,21,1,4,126.4,9.8,24,0.1333,0.0455,42.13,57.63,23.52,0.75,Fibra 200MB,Centro,0,1,1,0.2494,0,BAIXO
442.29,47,0,5,465.0,7.4,6,0.1667,0.0,51.67,147.43,4.44,0.45,Empresarial,Centro,1,2,0,0.2491,0,BAIXO
182.39,39,0,4,364.1,5.2,17,0.1333,0.0,60.68,91.2,8.84,0.45,Fibra 500MB,Leste,1,1,0,0.2491,0,BAIXO
91.1,32,2,1,263.3,7.4,22,0.0333,0.0606,87.77,91.1,16.28,0.6,Fibra 200MB,Sul,1,0,0,0.249,0,BAIXO
107.71,37,0,2,299.8,4.9,21,0.0667,0.0,99.93,107.71,10.29,2.5,Fibra 200MB,Sul,0,0,0,0.2487,0,BAIXO
103.07,40,0,0,133.7,8.0,12,0.0,0.0,44.57,25.77,9.6,0.45,Fibra 200MB,Leste,1,3,0,0.2485,0,BAIXO
90.75,9,0,0,163.2,7.6,17,0.0,0.0,54.4,90.75,12.92,1.0,Fibra 200MB,Sul,0,0,0,0.2485,0,BAIXO
99.26,15,1,3,192.3,7.9,21,0.1,0.0625,64.1,99.26,16.59,0.6,Fibra 200MB,Leste,1,0,0,0.2484,0,BAIXO
87.13,13,0,13,124.6,9.2,11,0.4333,0.0,83.07,87.13,10.12,0.6,Fibra 100MB,Centro,1,0,0,0.2484,0,BAIXO
163.1,6,0,3,584.8,7.5,16,0.1,0.0,97.47,163.1,12.0,1.0,Fibra 500MB,Sul,0,0,0,0.2483,0,BAIXO
73.72,51,0,3,106.0,6.6,17,0.1,0.0,70.67,73.72,11.22,0.6,Fibra 100MB,Sul,1,0,1,0.2475,0,BAIXO
84.63,24,0,0,99.4,10.0,7,0.0,0.0,66.27,42.32,7.0,0.75,Fibra 100MB,Sul,0,1,0,0.2474,0,BAIXO
154.79,44,1,27,462.9,9.7,14,0.9,0.0222,77.15,154.79,13.58,0.6,Fibra 500MB,Sul,1,0,0,0.2473,0,BAIXO
137.11,38,1,8,362.3,8.6,21,0.2667,0.0256,60.38,137.11,18.06,0.6,Fibra 500MB,Norte,1,0,1,0.2472,0,BAIXO
83.84,55,2,0,115.8,10.0,24,0.0,0.0357,77.2,27.95,24.0,0.45,Fibra 100MB,Sul,1,2,0,0.2472,0,BAIXO
109.57,31,0,1,214.6,6.6,21,0.0333,0.0,71.53,54.78,13.86,0.75,Fibra 200MB,Leste,0,1,0,0.247,0,BAIXO
112.6,30,0,21,284.0,8.1,22,0.7,0.0,94.67,112.6,17.82,1.0,Fibra 200MB,Centro,0,0,0,0.2469,0,BAIXO
459.74,26,0,22,788.3,7.7,19,0.7333,0.0,87.59,459.74,14.63,0.6,Empresarial,Norte,1,0,0,0.2469,0,BAIXO
113.56,9,0,3,265.8,4.9,23,0.1,0.0,88.6,56.78,11.27,1.875,Fibra 200MB,Norte,0,1,0,0.2467,0,BAIXO
80.64,15,0,3,63.2,9.9,14,0.1,0.0,42.13,20.16,13.86,0.75,Fibra 100MB,Centro,0,3,0,0.2467,0,BAIXO
108.32,60,0,3,251.8,9.6,19,0.1,0.0,83.93,36.11,18.24,0.75,Fibra 200MB,Norte,0,2,1,0.2466,0,BAIXO
87.62,43,0,20,130.5,10.0,7,0.6667,0.0,87.0,87.62,7.0,0.6,Fibra 100MB,Centro,1,0,1,0.2464,0,BAIXO
94.98,56,0,1,208.0,4.7,18,0.0333,0.0,69.33,23.74,8.46,1.125,Fibra 200MB,Oeste,1,3,0,0.2464,0,BAIXO
114.96,2,0,3,162.0,6.6,19,0.1,0.0,54.0,57.48,12.54,0.75,Fibra 200MB,Centro,0,1,0,0.2463,0,BAIXO
73.69,55,0,5,97.0,6.2,22,0.1667,0.0,64.67,73.69,13.64,0.6,Fibra 100MB,Norte,1,0,0,0.2459,0,BAIXO
161.47,42,0,5,212.4,7.9,12,0.1667,0.0,35.4,161.47,9.48,0.6,Fibra 500MB,Oeste,1,0,0,0.2459,0,BAIXO
152.29,33,2,2,236.0,9.8,19,0.0667,0.0588,39.33,152.29,18.62,0.6,Fibra 500MB,Centro,1,0,0,0.2457,0,BAIXO
168.19,33,0,13,510.5,7.1,19,0.4333,0.0,85.08,56.06,13.49,0.75,Fibra 500MB,Oeste,0,2,0,0.2456,0,BAIXO
108.2,50,0,0,186.4,7.1,20,0.0,0.0,62.13,108.2,14.2,1.0,Fibra 200MB,Centro,0,0,0,0.2456,0,BAIXO
72.22,34,0,9,90.3,7.0,20,0.3,0.0,60.2,36.11,14.0,0.45,Fibra 100MB,Leste,1,1,0,0.2456,0,BAIXO
105.36,31,0,34,278.2,6.9,24,1.1333,0.0,92.73,105.36,16.56,1.8,Fibra 200MB,Norte,1,0,0,0.2455,0,BAIXO
439.05,11,0,0,852.3,8.1,11,0.0,0.0,94.7,219.52,8.91,0.75,Empresarial,Centro,0,1,0,0.2455,0,BAIXO
114.03,36,0,21,104.9,9.8,9,0.7,0.0,34.97,57.02,8.82,0.45,Fibra 200MB,Leste,1,1,0,0.2454,0,BAIXO
82.2,3,0,7,99.2,7.1,23,0.2333,0.0,66.13,41.1,16.33,0.75,Fibra 100MB,Oeste,0,1,0,0.2452,0,BAIXO
79.41,6,0,5,96.1,8.7,9,0.1667,0.0,64.07,39.7,7.83,0.45,Fibra 100MB,Sul,1,1,0,0.245,0,BAIXO
119.69,39,1,33,305.9,8.7,23,1.1,0.025,50.98,59.84,20.01,1.35,Fibra 500MB,Oeste,1,1,0,0.245,0,BAIXO
113.46,43,1,0,257.3,7.5,23,0.0,0.0227,85.77,56.73,17.25,0.75,Fibra 200MB,Centro,0,1,0,0.2449,0,BAIXO
159.15,47,0,2,589.4,4.9,20,0.0667,0.0,98.23,159.15,9.8,1.5,Fibra 500MB,Norte,1,0,0,0.2448,0,BAIXO
393.39,31,1,3,401.2,6.3,17,0.1,0.0312,44.58,196.7,10.71,0.45,Empresarial,Leste,1,1,1,0.2447,0,BAIXO
120.77,38,0,23,535.0,7.0,23,0.7667,0.0,89.17,120.77,16.1,1.0,Fibra 500MB,Oeste,0,0,1,0.2443,0,BAIXO
197.08,40,0,18,214.8,7.2,11,0.6,0.0,35.8,49.27,7.92,0.45,Fibra 500MB,Sul,1,3,0,0.2439,0,BAIXO
160.35,36,0,3,468.3,9.6,20,0.1,0.0,78.05,160.35,19.2,1.0,Fibra 500MB,Norte,0,0,0,0.2438,0,BAIXO
380.63,50,1,2,654.5,8.1,21,0.0667,0.0196,72.72,380.63,17.01,1.0,Empresarial,Sul,0,0,0,0.2438,0,BAIXO
102.99,5,0,3,287.1,8.7,12,0.1,0.0,95.7,51.5,10.44,0.75,Fibra 200MB,Sul,0,1,0,0.2438,0,BAIXO
88.89,13,0,5,125.7,9.7,11,0.1667,0.0,83.8,29.63,10.67,0.75,Fibra 100MB,Sul,0,2,0,0.2438,0,BAIXO
128.17,51,0,1,221.7,8.4,19,0.0333,0.0,36.95,128.17,15.96,1.0,Fibra 500MB,Leste,0,0,0,0.2438,0,BAIXO
141.44,54,1,8,446.3,8.3,20,0.2667,0.0182,74.38,47.15,16.6,0.75,Fibra 500MB,Sul,0,2,0,0.2437,0,BAIXO
165.97,41,0,30,267.7,5.0,21,1.0,0.0,44.62,165.97,10.5,1.5,Fibra 500MB,Oeste,1,0,0,0.2436,0,BAIXO
102.47,44,1,4,279.5,10.0,12,0.1333,0.0222,93.17,102.47,12.0,0.6,Fibra 200MB,Oeste,1,0,0,0.2435,0,BAIXO
92.96,49,1,8,103.7,9.2,12,0.2667,0.02,34.57,30.99,11.04,0.45,Fibra 200MB,Sul,1,2,0,0.2434,0,BAIXO
139.36,37,1,2,397.8,6.4,16,0.0667,0.0263,66.3,46.45,10.24,0.45,Fibra 500MB,Sul,1,2,1,0.2432,0,BAIXO
128.22,6,0,2,393.2,7.4,20,0.0667,0.0,65.53,128.22,14.8,1.0,Fibra 500MB,Leste,0,0,1,0.2428,0,BAIXO
98.15,3,0,18,253.8,6.9,22,0.6,0.0,84.6,98.15,15.18,1.0,Fibra 200MB,Centro,0,0,0,0.2428,0,BAIXO
151.24,54,1,2,237.3,9.0,10,0.0667,0.0182,39.55,151.24,9.0,0.6,Fibra 500MB,Sul,1,0,1,0.2428,0,BAIXO
433.04,14,1,0,721.3,7.5,18,0.0,0.0667,80.14,433.04,13.5,0.6,Empresarial,Oeste,1,0,0,0.2427,0,BAIXO
84.09,41,0,1,91.3,5.3,18,0.0333,0.0,60.87,42.04,9.54,0.45,Fibra 100MB,Sul,1,1,0,0.2427,0,BAIXO
91.07,55,0,3,244.2,6.6,15,0.1,0.0,81.4,91.07,9.9,0.6,Fibra 200MB,Sul,1,0,0,0.2425,0,BAIXO
78.2,4,0,3,107.8,8.9,19,0.1,0.0,71.87,78.2,16.91,1.0,Fibra 100MB,Sul,0,0,0,0.2425,0,BAIXO
128.74,3,0,29,432.9,10.0,23,0.9667,0.0,72.15,128.74,23.0,1.0,Fibra 500MB,Oeste,0,0,0,0.2424,0,BAIXO
404.32,38,0,3,744.5,8.9,12,0.1,0.0,82.72,404.32,10.68,1.0,Empresarial,Sul,0,0,0,0.2419,0,BAIXO
72.53,45,0,0,93.0,6.7,22,0.0,0.0,62.0,36.26,14.74,0.75,Fibra 100MB,Centro,0,1,0,0.2418,0,BAIXO
494.74,51,0,2,549.0,8.8,21,0.0667,0.0,61.0,494.74,18.48,1.0,Empresarial,Norte,0,0,0,0.2417,0,BAIXO
84.62,30,0,4,127.6,9.2,19,0.1333,0.0,85.07,84.62,17.48,1.0,Fibra 100MB,Sul,0,0,0,0.2417,0,BAIXO
102.88,48,0,5,225.1,8.8,9,0.1667,0.0,75.03,102.88,7.92,0.6,Fibra 200MB,Centro,1,0,0,0.2416,0,BAIXO
175.46,36,0,16,213.7,8.0,23,0.5333,0.0,35.62,175.46,18.4,1.0,Fibra 500MB,Leste,0,0,0,0.2415,0,BAIXO
74.97,28,0,1,136.6,7.3,16,0.0333,0.0,91.07,24.99,11.68,0.45,Fibra 100MB,Oeste,1,2,0,0.2415,0,BAIXO
130.04,33,1,17,443.4,8.6,22,0.5667,0.0294,73.9,65.02,18.92,0.45,Fibra 500MB,Norte,1,1,0,0.2413,0,BAIXO
92.71,19,0,15,129.5,8.3,10,0.5,0.0,43.17,30.9,8.3,0.45,Fibra 200MB,Sul,1,2,0,0.2412,0,BAIXO
85.37,48,0,2,79.8,9.3,21,0.0667,0.0,53.2,42.68,19.53,0.75,Fibra 100MB,Centro,0,1,0,0.2412,0,BAIXO
97.17,33,0,4,195.0,8.9,18,0.1333,0.0,65.0,48.58,16.02,0.75,Fibra 200MB,Oeste,0,1,1,0.2411,0,BAIXO
154.69,34,0,3,519.1,7.9,9,0.1,0.0,86.52,77.34,7.11,0.45,Fibra 500MB,Centro,1,1,0,0.2411,0,BAIXO
74.24,2,0,30,71.8,6.5,21,1.0,0.0,47.87,24.75,13.65,0.45,Fibra 100MB,Centro,1,2,0,0.2409,0,BAIXO
182.23,3,1,3,577.7,9.4,23,0.1,0.25,96.28,182.23,21.62,1.0,Fibra 500MB,Sul,0,0,0,0.2405,0,BAIXO
69.36,3,0,3,140.7,10.0,9,0.1,0.0,93.8,69.36,9.0,0.6,Fibra 100MB,Norte,1,0,1,0.2405,0,BAIXO
120.92,12,1,1,493.8,7.7,21,0.0333,0.0769,82.3,120.92,16.17,0.6,Fibra 500MB,Norte,1,0,0,0.2402,0,BAIXO
101.04,24,1,4,254.5,8.1,14,0.1333,0.04,84.83,25.26,11.34,0.45,Fibra 200MB,Sul,1,3,0,0.2401,0,BAIXO
431.96,21,0,3,506.3,6.9,17,0.1,0.0,56.26,431.96,11.73,1.0,Empresarial,Sul,0,0,0,0.24,0,BAIXO
106.74,4,0,5,210.6,7.5,14,0.1667,0.0,70.2,106.74,10.5,0.6,Fibra 200MB,Centro,1,0,1,0.24,0,BAIXO
103.35,11,1,4,290.8,8.6,21,0.1333,0.0833,96.93,34.45,18.06,0.75,Fibra 200MB,Sul,0,2,0,0.2397,0,BAIXO
133.89,17,1,5,407.2,10.0,12,0.1667,0.0556,67.87,133.89,12.0,0.6,Fibra 500MB,Leste,1,0,0,0.2397,0,BAIXO
380.14,2,1,2,534.7,6.3,18,0.0667,0.3333,59.41,380.14,11.34,0.6,Empresarial,Sul,1,0,0,0.2395,0,BAIXO
426.92,5,0,29,324.0,8.3,7,0.9667,0.0,36.0,213.46,5.81,0.45,Empresarial,Centro,1,1,0,0.2393,0,BAIXO
444.71,44,0,18,849.5,6.8,22,0.6,0.0,94.39,222.36,14.96,0.75,Empresarial,Norte,0,1,1,0.2393,0,BAIXO
431.85,12,0,4,365.2,9.3,9,0.1333,0.0,40.58,431.85,8.37,1.0,Empresarial,Centro,0,0,0,0.2392,0,BAIXO
110.56,20,0,12,251.5,7.0,20,0.4,0.0,83.83,110.56,14.0,0.6,Fibra 200MB,Norte,1,0,0,0.2389,0,BAIXO
75.68,4,0,1,55.9,9.1,23,0.0333,0.0,37.27,75.68,20.93,1.0,Fibra 100MB,Centro,0,0,0,0.2389,0,BAIXO
171.57,58,0,0,551.9,6.3,19,0.0,0.0,91.98,171.57,11.97,1.0,Fibra 500MB,Sul,0,0,0,0.2389,0,BAIXO
142.18,54,0,2,330.1,5.0,19,0.0667,0.0,55.02,71.09,9.5,1.125,Fibra 500MB,Norte,1,1,0,0.2388,0,BAIXO
502.92,51,0,21,708.9,6.6,21,0.7,0.0,78.77,502.92,13.86,0.6,Empresarial,Norte,1,0,0,0.2387,0,BAIXO
94.48,6,1,3,164.4,6.0,23,0.1,0.1429,54.8,47.24,13.8,0.45,Fibra 200MB,Norte,1,1,1,0.2385,0,BAIXO
72.88,30,0,3,69.3,6.1,22,0.1,0.0,46.2,36.44,13.42,0.75,Fibra 100MB,Sul,0,1,0,0.2384,0,BAIXO
152.12,23,0,30,589.9,6.5,21,1.0,0.0,98.32,76.06,13.65,0.75,Fibra 500MB,Sul,0,1,0,0.2384,0,BAIXO
381.27,16,0,65,452.8,8.5,21,2.1667,0.0,50.31,381.27,17.85,1.8,Empresarial,Sul,1,0,0,0.2383,0,BAIXO
506.28,58,1,2,474.5,8.5,10,0.0667,0.0169,52.72,168.76,8.5,0.45,Empresarial,Leste,1,2,0,0.2383,0,BAIXO
459.73,58,0,1,406.4,6.4,21,0.0333,0.0,45.16,459.73,13.44,1.0,Empresarial,Leste,0,0,1,0.2381,0,BAIXO
82.19,30,0,4,111.4,9.5,20,0.1333,0.0,74.27,41.1,19.0,0.75,Fibra 100MB,Centro,0,1,0,0.2377,0,BAIXO
70.03,4,0,13,124.7,9.4,18,0.4333,0.0,83.13,35.02,16.92,0.45,Fibra 100MB,Norte,1,1,0,0.2374,0,BAIXO
88.24,26,1,2,69.1,7.1,21,0.0667,0.037,46.07,44.12,14.91,0.45,Fibra 100MB,Sul,1,1,0,0.2374,0,BAIXO
166.35,31,0,4,496.1,8.5,19,0.1333,0.0,82.68,166.35,16.15,1.0,Fibra 500MB,Oeste,0,0,0,0.2372,0,BAIXO
118.7,11,1,0,285.2,4.8,23,0.0,0.0833,95.07,39.57,11.04,1.875,Fibra 200MB,Sul,0,2,1,0.2372,0,BAIXO
101.29,36,0,20,239.5,10.0,23,0.6667,0.0,79.83,101.29,23.0,1.0,Fibra 200MB,Centro,0,0,0,0.237,0,BAIXO
99.16,30,0,2,187.4,6.7,21,0.0667,0.0,62.47,99.16,14.07,1.0,Fibra 200MB,Centro,0,0,1,0.2367,0,BAIXO
108.35,20,0,0,205.8,9.5,21,0.0,0.0,68.6,108.35,19.95,1.0,Fibra 200MB,Leste,0,0,0,0.2366,0,BAIXO
105.79,12,1,4,219.6,6.0,21,0.1333,0.0769,73.2,105.79,12.6,0.6,Fibra 200MB,Centro,1,0,0,0.2366,0,BAIXO
182.69,15,0,1,510.4,7.5,17,0.0333,0.0,85.07,182.69,12.75,1.0,Fibra 500MB,Sul,0,0,0,0.2365,0,BAIXO
100.96,53,0,6,247.2,7.8,13,0.2,0.0,82.4,50.48,10.14,0.45,Fibra 200MB,Centro,1,1,0,0.2365,0,BAIXO
90.06,26,0,4,243.6,7.6,23,0.1333,0.0,81.2,90.06,17.48,1.0,Fibra 200MB,Leste,0,0,0,0.2364,0,BAIXO
128.02,13,1,3,579.3,9.4,18,0.1,0.0714,96.55,64.01,16.92,0.75,Fibra 500MB,Sul,0,1,1,0.2363,0,BAIXO
508.79,4,2,1,863.9,8.4,24,0.0333,0.4,95.99,508.79,20.16,0.6,Empresarial,Sul,1,0,0,0.2362,0,BAIXO
80.7,9,0,5,124.8,8.4,18,0.1667,0.0,83.2,20.18,15.12,0.75,Fibra 100MB,Sul,0,3,1,0.2361,0,BAIXO
157.98,3,1,0,429.1,7.7,16,0.0,0.25,71.52,78.99,12.32,0.45,Fibra 500MB,Centro,1,1,0,0.236,0,BAIXO
109.38,11,0,24,273.3,7.7,18,0.8,0.0,91.1,36.46,13.86,0.45,Fibra 200MB,Leste,1,2,1,0.2358,0,BAIXO
109.95,21,1,5,217.6,8.8,16,0.1667,0.0455,72.53,109.95,14.08,0.6,Fibra 200MB,Sul,1,0,0,0.2354,0,BAIXO
69.41,22,0,2,117.2,8.5,16,0.0667,0.0,78.13,69.41,13.6,0.6,Fibra 100MB,Oeste,1,0,0,0.2351,0,BAIXO
84.7,60,1,5,89.6,9.6,22,0.1667,0.0164,59.73,42.35,21.12,0.45,Fibra 100MB,Centro,1,1,0,0.235,0,BAIXO
99.22,13,1,4,100.3,4.8,24,0.1333,0.0714,33.43,99.22,11.52,1.5,Fibra 200MB,Leste,1,0,1,0.2349,0,BAIXO
462.48,8,1,5,699.1,7.8,21,0.1667,0.1111,77.68,462.48,16.38,0.6,Empresarial,Leste,1,0,0,0.2349,0,BAIXO
118.13,32,1,1,232.4,7.0,19,0.0333,0.0303,77.47,118.13,13.3,0.6,Fibra 200MB,Sul,1,0,0,0.2348,0,BAIXO
442.13,41,0,3,889.1,7.6,12,0.1,0.0,98.79,221.06,9.12,0.45,Empresarial,Leste,1,1,0,0.2347,0,BAIXO
502.68,48,0,20,374.0,6.9,16,0.6667,0.0,41.56,251.34,11.04,0.45,Empresarial,Norte,1,1,0,0.2346,0,BAIXO
421.42,27,0,2,453.0,9.8,17,0.0667,0.0,50.33,421.42,16.66,1.0,Empresarial,Norte,0,0,0,0.2345,0,BAIXO
108.95,12,0,4,143.0,8.4,20,0.1333,0.0,47.67,108.95,16.8,1.0,Fibra 200MB,Centro,0,0,0,0.2345,0,BAIXO
110.32,60,0,4,219.4,6.5,24,0.1333,0.0,73.13,110.32,15.6,1.0,Fibra 200MB,Leste,0,0,0,0.2344,0,BAIXO
104.11,41,1,4,184.5,7.7,19,0.1333,0.0238,61.5,104.11,14.63,0.6,Fibra 200MB,Sul,1,0,0,0.2341,0,BAIXO
161.66,55,1,1,453.6,5.6,22,0.0333,0.0179,75.6,161.66,12.32,0.6,Fibra 500MB,Leste,1,0,0,0.2341,0,BAIXO
180.63,5,0,0,512.2,7.9,7,0.0,0.0,85.37,90.32,5.53,0.45,Fibra 500MB,Sul,1,1,0,0.2339,0,BAIXO
98.27,35,0,1,250.1,10.0,6,0.0333,0.0,83.37,98.27,6.0,1.0,Fibra 200MB,Sul,0,0,0,0.2337,0,BAIXO
386.18,6,0,7,726.0,8.8,13,0.2333,0.0,80.67,96.54,11.44,0.75,Empresarial,Norte,0,3,0,0.2336,0,BAIXO
73.73,35,0,0,108.7,8.1,20,0.0,0.0,72.47,36.86,16.2,0.75,Fibra 100MB,Sul,0,1,0,0.2335,0,BAIXO
113.85,10,0,2,197.4,9.5,11,0.0667,0.0,65.8,113.85,10.45,0.6,Fibra 200MB,Norte,1,0,0,0.2335,0,BAIXO
88.59,7,1,2,83.2,4.3,24,0.0667,0.125,55.47,88.59,10.32,1.5,Fibra 100MB,Centro,1,0,0,0.2334,0,BAIXO
69.03,16,0,7,144.5,10.0,10,0.2333,0.0,96.33,69.03,10.0,0.6,Fibra 100MB,Leste,1,0,0,0.2334,0,BAIXO
432.6,23,2,5,626.2,10.0,19,0.1667,0.0833,69.58,216.3,19.0,0.45,Empresarial,Leste,1,1,0,0.2334,0,BAIXO
390.81,59,0,5,648.4,8.9,14,0.1667,0.0,72.04,390.81,12.46,1.0,Empresarial,Sul,0,0,0,0.2332,0,BAIXO
125.93,51,1,19,446.2,8.1,21,0.6333,0.0192,74.37,125.93,17.01,0.6,Fibra 500MB,Centro,1,0,0,0.2332,0,BAIXO
73.62,38,0,21,103.0,9.2,16,0.7,0.0,68.67,73.62,14.72,0.6,Fibra 100MB,Sul,1,0,0,0.2328,0,BAIXO
191.74,46,1,1,455.2,9.7,21,0.0333,0.0213,75.87,191.74,20.37,0.6,Fibra 500MB,Norte,1,0,0,0.2327,0,BAIXO
74.62,48,0,3,101.2,6.2,24,0.1,0.0,67.47,74.62,14.88,1.0,Fibra 100MB,Centro,0,0,0,0.2327,0,BAIXO
167.5,30,0,5,436.6,5.8,20,0.1667,0.0,72.77,167.5,11.6,1.0,Fibra 500MB,Sul,0,0,0,0.2323,0,BAIXO
107.02,31,0,2,211.3,9.5,12,0.0667,0.0,70.43,107.02,11.4,0.6,Fibra 200MB,Norte,1,0,0,0.2322,0,BAIXO
157.41,20,2,4,336.8,10.0,20,0.1333,0.0952,56.13,157.41,20.0,0.6,Fibra 500MB,Sul,1,0,0,0.2319,0,BAIXO
140.66,12,1,5,357.5,6.5,22,0.1667,0.0769,59.58,70.33,14.3,0.75,Fibra 500MB,Sul,0,1,0,0.2319,0,BAIXO
90.03,3,1,14,228.1,7.2,22,0.4667,0.25,76.03,22.51,15.84,0.45,Fibra 200MB,Oeste,1,3,0,0.2318,0,BAIXO
187.78,58,1,5,468.1,9.3,11,0.1667,0.0169,78.02,93.89,10.23,0.45,Fibra 500MB,Centro,1,1,1,0.2318,0,BAIXO
152.7,38,0,2,263.1,10.0,6,0.0667,0.0,43.85,152.7,6.0,1.0,Fibra 500MB,Centro,0,0,0,0.2315,0,BAIXO
85.18,60,0,2,104.7,7.5,17,0.0667,0.0,69.8,85.18,12.75,0.6,Fibra 100MB,Sul,1,0,0,0.2313,0,BAIXO
185.83,25,1,4,594.5,9.8,10,0.1333,0.0385,99.08,185.83,9.8,0.6,Fibra 500MB,Centro,1,0,0,0.2313,0,BAIXO
96.9,16,0,3,271.7,8.4,13,0.1,0.0,90.57,48.45,10.92,0.45,Fibra 200MB,Leste,1,1,0,0.2312,0,BAIXO
80.93,6,1,10,55.3,8.8,23,0.3333,0.1429,36.87,40.47,20.24,0.45,Fibra 100MB,Sul,1,1,0,0.2311,0,BAIXO
104.32,52,1,0,159.4,8.8,20,0.0,0.0189,53.13,34.77,17.6,0.45,Fibra 200MB,Leste,1,2,0,0.2308,0,BAIXO
106.43,22,1,0,295.8,5.6,20,0.0,0.0435,98.6,106.43,11.2,0.6,Fibra 200MB,Sul,1,0,0,0.2308,0,BAIXO
93.06,33,0,3,218.0,8.5,20,0.1,0.0,72.67,93.06,17.0,1.0,Fibra 200MB,Centro,0,0,0,0.2307,0,BAIXO
512.35,3,1,4,456.9,8.3,19,0.1333,0.25,50.77,512.35,15.77,0.6,Empresarial,Oeste,1,0,1,0.2306,0,BAIXO
104.94,16,0,14,145.2,5.7,22,0.4667,0.0,48.4,104.94,12.54,0.6,Fibra 200MB,Norte,1,0,0,0.2306,0,BAIXO
121.8,5,1,4,374.4,8.1,16,0.1333,0.1667,62.4,60.9,12.96,0.45,Fibra 500MB,Centro,1,1,0,0.2305,0,BAIXO
74.65,49,0,1,82.5,4.8,22,0.0333,0.0,55.0,74.65,10.56,1.5,Fibra 100MB,Oeste,1,0,1,0.2304,0,BAIXO
135.81,28,1,2,304.6,9.9,10,0.0667,0.0345,50.77,135.81,9.9,0.6,Fibra 500MB,Oeste,1,0,1,0.2301,0,BAIXO
133.5,51,1,1,431.3,6.2,19,0.0333,0.0192,71.88,133.5,11.78,0.6,Fibra 500MB,Sul,1,0,1,0.23,0,BAIXO
170.37,35,1,2,535.3,9.7,18,0.0667,0.0278,89.22,170.37,17.46,0.6,Fibra 500MB,Leste,1,0,0,0.2299,0,BAIXO
88.6,18,0,0,116.8,7.1,19,0.0,0.0,77.87,88.6,13.49,0.6,Fibra 100MB,Oeste,1,0,1,0.2298,0,BAIXO
173.12,25,0,0,369.0,8.5,14,0.0,0.0,61.5,86.56,11.9,0.75,Fibra 500MB,Centro,0,1,0,0.2297,0,BAIXO
90.5,47,1,2,128.7,5.4,22,0.0667,0.0208,42.9,90.5,11.88,0.6,Fibra 200MB,Centro,1,0,1,0.2297,0,BAIXO
389.77,7,1,4,792.9,9.1,13,0.1333,0.125,88.1,194.88,11.83,0.45,Empresarial,Leste,1,1,1,0.2297,0,BAIXO
111.22,54,0,4,186.6,7.5,16,0.1333,0.0,62.2,111.22,12.0,0.6,Fibra 200MB,Centro,1,0,0,0.2296,0,BAIXO
80.81,1,0,5,129.8,6.3,21,0.1667,0.0,86.53,80.81,13.23,0.6,Fibra 100MB,Leste,1,0,0,0.2294,0,BAIXO
504.63,45,1,3,473.4,4.2,19,0.1,0.0217,52.6,252.32,7.98,1.125,Empresarial,Centro,1,1,0,0.2294,0,BAIXO
168.03,52,0,4,259.7,5.3,19,0.1333,0.0,43.28,84.02,10.07,0.45,Fibra 500MB,Norte,1,1,0,0.2291,0,BAIXO
499.97,2,0,11,617.9,7.4,19,0.3667,0.0,68.66,499.97,14.06,1.0,Empresarial,Sul,0,0,0,0.2291,0,BAIXO
190.06,55,1,3,280.0,9.9,18,0.1,0.0179,46.67,190.06,17.82,0.6,Fibra 500MB,Leste,1,0,0,0.229,0,BAIXO
436.88,4,1,13,326.9,7.7,24,0.4333,0.2,36.32,436.88,18.48,1.0,Empresarial,Sul,0,0,0,0.229,0,BAIXO
169.34,47,2,2,255.4,7.4,21,0.0667,0.0417,42.57,84.67,15.54,0.45,Fibra 500MB,Sul,1,1,0,0.2289,0,BAIXO
159.99,55,0,24,307.8,5.9,21,0.8,0.0,51.3,80.0,12.39,0.45,Fibra 500MB,Norte,1,1,0,0.2288,0,BAIXO
114.86,45,0,1,204.7,7.4,24,0.0333,0.0,68.23,114.86,17.76,1.0,Fibra 200MB,Leste,0,0,0,0.2287,0,BAIXO
166.36,1,1,4,515.8,8.4,22,0.1333,0.5,85.97,166.36,18.48,0.6,Fibra 500MB,Oeste,1,0,1,0.2286,0,BAIXO
170.02,37,0,3,318.7,6.5,20,0.1,0.0,53.12,85.01,13.0,0.75,Fibra 500MB,Oeste,0,1,0,0.2286,0,BAIXO
184.77,49,0,2,467.6,8.5,6,0.0667,0.0,77.93,61.59,5.1,0.45,Fibra 500MB,Centro,1,2,0,0.2285,0,BAIXO
473.33,2,1,0,734.4,7.8,13,0.0,0.3333,81.6,236.66,10.14,0.45,Empresarial,Sul,1,1,0,0.2282,0,BAIXO
69.98,29,0,13,93.5,9.8,24,0.4333,0.0,62.33,34.99,23.52,0.75,Fibra 100MB,Sul,0,1,1,0.2282,0,BAIXO
77.87,56,1,1,101.6,8.4,22,0.0333,0.0175,67.73,77.87,18.48,0.6,Fibra 100MB,Sul,1,0,0,0.2282,0,BAIXO
80.46,42,0,1,75.9,9.1,22,0.0333,0.0,50.6,80.46,20.02,0.6,Fibra 100MB,Norte,1,0,0,0.2282,0,BAIXO
93.4,54,1,1,215.9,10.0,11,0.0333,0.0182,71.97,31.13,11.0,0.45,Fibra 200MB,Oeste,1,2,0,0.2281,0,BAIXO
148.85,48,1,0,485.4,9.2,16,0.0,0.0204,80.9,74.42,14.72,0.45,Fibra 500MB,Leste,1,1,0,0.228,0,BAIXO
191.17,40,1,29,221.1,9.6,22,0.9667,0.0244,36.85,95.58,21.12,0.45,Fibra 500MB,Oeste,1,1,0,0.228,0,BAIXO
427.13,6,2,3,395.8,9.9,19,0.1,0.2857,43.98,427.13,18.81,0.6,Empresarial,Sul,1,0,0,0.2279,0,BAIXO
476.86,59,0,32,629.2,6.6,20,1.0667,0.0,69.91,476.86,13.2,1.8,Empresarial,Sul,1,0,0,0.2277,0,BAIXO
95.11,16,0,10,116.6,6.9,19,0.3333,0.0,38.87,95.11,13.11,0.6,Fibra 200MB,Oeste,1,0,1,0.2276,0,BAIXO
94.87,47,0,0,192.6,5.9,22,0.0,0.0,64.2,47.44,12.98,0.75,Fibra 200MB,Oeste,0,1,0,0.2274,0,BAIXO
167.19,49,0,4,234.8,5.6,23,0.1333,0.0,39.13,167.19,12.88,1.0,Fibra 500MB,Leste,0,0,0,0.2268,0,BAIXO
181.69,29,0,25,541.3,8.5,22,0.8333,0.0,90.22,60.56,18.7,0.75,Fibra 500MB,Oeste,0,2,0,0.2266,0,BAIXO
189.22,45,1,3,430.1,8.9,12,0.1,0.0217,71.68,63.07,10.68,0.45,Fibra 500MB,Centro,1,2,0,0.2263,0,BAIXO
172.43,35,2,2,306.0,7.3,23,0.0667,0.0556,51.0,172.43,16.79,0.6,Fibra 500MB,Sul,1,0,1,0.2263,0,BAIXO
108.18,55,0,0,268.5,7.6,19,0.0,0.0,89.5,36.06,14.44,0.75,Fibra 200MB,Centro,0,2,1,0.2263,0,BAIXO
172.12,57,0,5,579.7,8.5,18,0.1667,0.0,96.62,172.12,15.3,1.0,Fibra 500MB,Sul,0,0,0,0.2262,0,BAIXO
86.83,9,0,10,89.2,9.1,14,0.3333,0.0,59.47,43.42,12.74,0.45,Fibra 100MB,Centro,1,1,0,0.226,0,BAIXO
166.66,9,0,5,314.8,10.0,24,0.1667,0.0,52.47,166.66,24.0,1.0,Fibra 500MB,Norte,0,0,0,0.226,0,BAIXO
86.66,49,0,3,91.8,8.4,24,0.1,0.0,61.2,43.33,20.16,0.75,Fibra 100MB,Centro,0,1,1,0.2259,0,BAIXO
118.53,45,1,4,104.8,8.2,20,0.1333,0.0217,34.93,118.53,16.4,0.6,Fibra 200MB,Sul,1,0,0,0.2259,0,BAIXO
96.28,16,1,4,217.1,5.0,21,0.1333,0.0588,72.37,48.14,10.5,1.125,Fibra 200MB,Sul,1,1,1,0.2256,0,BAIXO
83.86,59,1,2,98.3,7.9,23,0.0667,0.0167,65.53,83.86,18.17,0.6,Fibra 100MB,Sul,1,0,0,0.2252,0,BAIXO
87.74,41,0,5,70.0,6.9,24,0.1667,0.0,46.67,29.25,16.56,0.75,Fibra 100MB,Centro,0,2,0,0.2249,0,BAIXO
176.57,55,0,0,321.7,7.9,11,0.0,0.0,53.62,176.57,8.69,0.6,Fibra 500MB,Sul,1,0,0,0.2246,0,BAIXO
180.94,11,0,1,509.9,5.6,20,0.0333,0.0,84.98,60.31,11.2,0.75,Fibra 500MB,Oeste,0,2,0,0.2245,0,BAIXO
425.17,52,1,5,872.3,5.2,21,0.1667,0.0189,96.92,212.58,10.92,0.45,Empresarial,Leste,1,1,0,0.2244,0,BAIXO
76.59,49,0,0,73.5,7.9,17,0.0,0.0,49.0,76.59,13.43,0.6,Fibra 100MB,Sul,1,0,0,0.2241,0,BAIXO
165.48,60,0,1,319.4,8.2,15,0.0333,0.0,53.23,165.48,12.3,0.6,Fibra 500MB,Leste,1,0,1,0.2241,0,BAIXO
96.05,55,0,7,181.0,5.9,21,0.2333,0.0,60.33,96.05,12.39,0.6,Fibra 200MB,Leste,1,0,0,0.2238,0,BAIXO
70.0,17,0,4,109.9,8.7,22,0.1333,0.0,73.27,70.0,19.14,0.6,Fibra 100MB,Norte,1,0,0,0.2234,0,BAIXO
95.09,59,1,11,252.4,8.2,21,0.3667,0.0167,84.13,95.09,17.22,0.6,Fibra 200MB,Sul,1,0,1,0.2232,0,BAIXO
468.14,25,0,0,795.2,7.4,10,0.0,0.0,88.36,234.07,7.4,0.45,Empresarial,Centro,1,1,0,0.2231,0,BAIXO
156.19,46,0,0,392.5,8.1,8,0.0,0.0,65.42,78.1,6.48,0.45,Fibra 500MB,Sul,1,1,1,0.2229,0,BAIXO
90.05,53,0,0,132.7,4.4,23,0.0,0.0,44.23,90.05,10.12,2.5,Fibra 200MB,Sul,0,0,0,0.2228,0,BAIXO
131.44,60,0,7,572.6,8.7,21,0.2333,0.0,95.43,43.81,18.27,0.75,Fibra 500MB,Leste,0,2,1,0.2226,0,BAIXO
75.21,34,0,0,119.1,6.0,19,0.0,0.0,79.4,37.6,11.4,0.45,Fibra 100MB,Centro,1,1,0,0.2225,0,BAIXO
98.41,1,0,28,203.4,10.0,22,0.9333,0.0,67.8,49.2,22.0,0.75,Fibra 200MB,Sul,0,1,0,0.2225,0,BAIXO
96.43,32,1,0,102.5,6.8,24,0.0,0.0303,34.17,96.43,16.32,0.6,Fibra 200MB,Leste,1,0,0,0.2224,0,BAIXO
151.55,56,1,4,335.2,10.0,6,0.1333,0.0175,55.87,50.52,6.0,0.45,Fibra 500MB,Oeste,1,2,1,0.2224,0,BAIXO
198.59,19,1,3,393.1,9.3,21,0.1,0.05,65.52,198.59,19.53,0.6,Fibra 500MB,Leste,1,0,0,0.2221,0,BAIXO
418.31,15,1,5,670.3,8.3,13,0.1667,0.0625,74.48,139.44,10.79,0.45,Empresarial,Oeste,1,2,0,0.222,0,BAIXO
124.87,54,1,21,235.3,7.9,24,0.7,0.0182,39.22,62.44,18.96,0.45,Fibra 500MB,Leste,1,1,0,0.2216,0,BAIXO
100.37,44,1,1,206.4,8.7,16,0.0333,0.0222,68.8,50.18,13.92,0.45,Fibra 200MB,Sul,1,1,0,0.2216,0,BAIXO
163.15,36,1,8,396.1,10.0,8,0.2667,0.027,66.02,54.38,8.0,0.45,Fibra 500MB,Oeste,1,2,0,0.2214,0,BAIXO
155.8,45,1,3,555.2,6.3,22,0.1,0.0217,92.53,155.8,13.86,0.6,Fibra 500MB,Oeste,1,0,0,0.2212,0,BAIXO
81.16,12,0,3,76.9,6.9,21,0.1,0.0,51.27,81.16,14.49,0.6,Fibra 100MB,Oeste,1,0,0,0.2212,0,BAIXO
128.33,10,0,4,251.7,10.0,19,0.1333,0.0,41.95,128.33,19.0,1.0,Fibra 500MB,Leste,0,0,0,0.2212,0,BAIXO
105.36,28,0,11,258.1,7.4,20,0.3667,0.0,86.03,105.36,14.8,0.6,Fibra 200MB,Leste,1,0,0,0.2211,0,BAIXO
177.39,58,0,16,262.0,9.7,24,0.5333,0.0,43.67,88.7,23.28,0.75,Fibra 500MB,Leste,0,1,0,0.2211,0,BAIXO
94.16,50,0,3,157.3,8.0,23,0.1,0.0,52.43,23.54,18.4,0.75,Fibra 200MB,Leste,0,3,0,0.221,0,BAIXO
104.6,16,1,0,194.0,8.5,23,0.0,0.0588,64.67,26.15,19.55,0.75,Fibra 200MB,Sul,0,3,0,0.2207,0,BAIXO
74.21,28,0,9,143.6,9.1,16,0.3,0.0,95.73,37.1,14.56,0.45,Fibra 100MB,Oeste,1,1,0,0.2204,0,BAIXO
107.72,30,1,0,216.1,9.4,18,0.0,0.0323,72.03,53.86,16.92,0.45,Fibra 200MB,Oeste,1,1,0,0.2196,0,BAIXO
71.53,3,0,19,62.0,7.8,24,0.6333,0.0,41.33,35.76,18.72,0.45,Fibra 100MB,Leste,1,1,0,0.2194,0,BAIXO
97.12,9,1,4,251.9,6.4,21,0.1333,0.1,83.97,97.12,13.44,0.6,Fibra 200MB,Sul,1,0,0,0.2193,0,BAIXO
106.11,8,1,1,167.4,8.5,18,0.0333,0.1111,55.8,35.37,15.3,0.45,Fibra 200MB,Centro,1,2,0,0.2193,0,BAIXO
123.46,46,0,2,317.8,7.3,23,0.0667,0.0,52.97,123.46,16.79,1.0,Fibra 500MB,Leste,0,0,0,0.2192,0,BAIXO
91.06,17,0,2,117.1,9.5,6,0.0667,0.0,39.03,91.06,5.7,0.6,Fibra 200MB,Centro,1,0,0,0.2191,0,BAIXO
141.9,46,0,5,528.3,6.5,22,0.1667,0.0,88.05,47.3,14.3,0.75,Fibra 500MB,Leste,0,2,0,0.219,0,BAIXO
79.16,7,0,4,88.8,3.7,22,0.1333,0.0,59.2,79.16,8.14,1.5,Fibra 100MB,Centro,1,0,1,0.219,0,BAIXO
102.44,4,1,1,175.4,9.1,18,0.0333,0.2,58.47,51.22,16.38,0.45,Fibra 200MB,Centro,1,1,0,0.2188,0,BAIXO
167.75,20,1,1,441.4,8.1,22,0.0333,0.0476,73.57,167.75,17.82,0.6,Fibra 500MB,Leste,1,0,1,0.2186,0,BAIXO
72.59,15,0,3,79.1,7.5,23,0.1,0.0,52.73,36.3,17.25,0.75,Fibra 100MB,Sul,0,1,0,0.2182,0,BAIXO
115.78,16,0,2,168.6,9.2,18,0.0667,0.0,56.2,57.89,16.56,0.75,Fibra 200MB,Centro,0,1,0,0.2181,0,BAIXO
380.02,56,0,4,559.3,10.0,11,0.1333,0.0,62.14,380.02,11.0,1.0,Empresarial,Centro,0,0,0,0.218,0,BAIXO
519.6,44,1,4,481.6,8.5,22,0.1333,0.0222,53.51,259.8,18.7,0.75,Empresarial,Oeste,0,1,0,0.218,0,BAIXO
73.57,25,1,0,52.3,6.0,23,0.0,0.0385,34.87,36.78,13.8,0.45,Fibra 100MB,Sul,1,1,0,0.2178,0,BAIXO
91.25,12,0,3,248.5,7.3,15,0.1,0.0,82.83,91.25,10.95,0.6,Fibra 200MB,Sul,1,0,0,0.2176,0,BAIXO
403.53,18,1,27,747.4,7.8,20,0.9,0.0526,83.04,201.76,15.6,0.45,Empresarial,Centro,1,1,0,0.2175,0,BAIXO
180.37,27,0,0,313.2,8.3,19,0.0,0.0,52.2,180.37,15.77,1.0,Fibra 500MB,Centro,0,0,0,0.2175,0,BAIXO
435.62,14,0,2,712.9,9.3,12,0.0667,0.0,79.21,435.62,11.16,0.6,Empresarial,Norte,1,0,0,0.2172,0,BAIXO
181.32,17,1,30,383.3,6.6,22,1.0,0.0556,63.88,90.66,14.52,0.45,Fibra 500MB,Sul,1,1,0,0.2172,0,BAIXO
80.99,21,0,4,130.2,10.0,19,0.1333,0.0,86.8,40.49,19.0,0.75,Fibra 100MB,Sul,0,1,0,0.2172,0,BAIXO
180.33,12,0,5,285.7,6.7,17,0.1667,0.0,47.62,90.16,11.39,0.45,Fibra 500MB,Leste,1,1,0,0.2168,0,BAIXO
100.23,44,0,1,155.5,6.1,23,0.0333,0.0,51.83,100.23,14.03,1.0,Fibra 200MB,Centro,0,0,1,0.2168,0,BAIXO
133.96,22,1,5,422.3,7.7,17,0.1667,0.0435,70.38,66.98,13.09,0.45,Fibra 500MB,Sul,1,1,0,0.2168,0,BAIXO
152.91,9,0,4,367.9,6.6,15,0.1333,0.0,61.32,76.46,9.9,0.45,Fibra 500MB,Centro,1,1,0,0.2167,0,BAIXO
510.85,20,1,18,734.4,9.0,17,0.6,0.0476,81.6,255.42,15.3,0.45,Empresarial,Oeste,1,1,0,0.2166,0,BAIXO
393.0,33,0,5,392.3,6.0,15,0.1667,0.0,43.59,131.0,9.0,0.45,Empresarial,Leste,1,2,0,0.2165,0,BAIXO
485.68,4,1,2,887.7,8.8,22,0.0667,0.2,98.63,485.68,19.36,0.6,Empresarial,Oeste,1,0,1,0.2161,0,BAIXO
151.89,18,0,13,254.9,9.9,8,0.4333,0.0,42.48,75.94,7.92,0.75,Fibra 500MB,Sul,0,1,0,0.2159,0,BAIXO
198.84,27,0,1,433.2,10.0,18,0.0333,0.0,72.2,198.84,18.0,1.0,Fibra 500MB,Oeste,0,0,0,0.2158,0,BAIXO
119.67,26,0,0,343.3,8.4,14,0.0,0.0,57.22,59.84,11.76,0.45,Fibra 500MB,Norte,1,1,0,0.2156,0,BAIXO
96.17,45,1,5,282.2,8.5,18,0.1667,0.0217,94.07,48.08,15.3,0.45,Fibra 200MB,Sul,1,1,0,0.2155,0,BAIXO
109.44,3,0,16,296.0,8.8,19,0.5333,0.0,98.67,109.44,16.72,0.6,Fibra 200MB,Leste,1,0,0,0.2154,0,BAIXO
118.7,7,0,13,277.9,9.6,22,0.4333,0.0,92.63,39.57,21.12,0.75,Fibra 200MB,Oeste,0,2,0,0.2153,0,BAIXO
451.28,42,2,1,664.9,10.0,19,0.0333,0.0465,73.88,150.43,19.0,0.45,Empresarial,Leste,1,2,0,0.2152,0,BAIXO
145.22,15,0,17,315.5,8.6,17,0.5667,0.0,52.58,48.41,14.62,0.75,Fibra 500MB,Sul,0,2,0,0.2152,0,BAIXO
106.36,34,0,4,252.6,5.7,20,0.1333,0.0,84.2,106.36,11.4,0.6,Fibra 200MB,Oeste,1,0,0,0.215,0,BAIXO
122.42,48,0,4,319.7,6.5,20,0.1333,0.0,53.28,40.81,13.0,0.75,Fibra 500MB,Centro,0,2,1,0.2147,0,BAIXO
132.22,45,0,3,268.1,9.1,16,0.1,0.0,44.68,132.22,14.56,1.0,Fibra 500MB,Sul,0,0,0,0.2147,0,BAIXO
81.95,54,0,5,65.0,7.5,24,0.1667,0.0,43.33,81.95,18.0,0.6,Fibra 100MB,Leste,1,0,0,0.2147,0,BAIXO
94.76,2,0,1,293.4,6.2,22,0.0333,0.0,97.8,94.76,13.64,1.0,Fibra 200MB,Centro,0,0,0,0.2145,0,BAIXO
88.19,48,1,0,88.3,5.9,23,0.0,0.0204,58.87,44.1,13.57,0.45,Fibra 100MB,Sul,1,1,0,0.2142,0,BAIXO
401.3,41,0,5,655.9,8.6,9,0.1667,0.0,72.88,401.3,7.74,0.6,Empresarial,Sul,1,0,1,0.2141,0,BAIXO
100.88,12,1,2,99.4,9.9,23,0.0667,0.0769,33.13,33.63,22.77,0.45,Fibra 200MB,Leste,1,2,0,0.214,0,BAIXO
105.25,4,1,0,151.5,3.3,24,0.0,0.2,50.5,52.62,7.92,1.125,Fibra 200MB,Leste,1,1,0,0.2136,0,BAIXO
180.04,14,0,3,468.3,9.0,14,0.1,0.0,78.05,60.01,12.6,0.75,Fibra 500MB,Centro,0,2,0,0.2135,0,BAIXO
108.84,12,0,5,205.4,6.5,22,0.1667,0.0,68.47,54.42,14.3,0.75,Fibra 200MB,Centro,0,1,0,0.2135,0,BAIXO
190.88,22,0,7,374.1,10.0,17,0.2333,0.0,62.35,190.88,17.0,1.0,Fibra 500MB,Centro,0,0,0,0.2135,0,BAIXO
128.75,21,0,3,360.8,6.3,19,0.1,0.0,60.13,128.75,11.97,0.6,Fibra 500MB,Leste,1,0,1,0.2133,0,BAIXO
181.78,55,0,1,394.1,7.5,18,0.0333,0.0,65.68,90.89,13.5,0.75,Fibra 500MB,Sul,0,1,0,0.2132,0,BAIXO
110.27,43,1,11,203.5,8.0,21,0.3667,0.0227,67.83,55.14,16.8,0.45,Fibra 200MB,Sul,1,1,0,0.2129,0,BAIXO
110.05,43,1,0,205.6,7.2,21,0.0,0.0227,68.53,110.05,15.12,0.6,Fibra 200MB,Sul,1,0,0,0.2128,0,BAIXO
171.8,25,1,1,243.0,8.7,16,0.0333,0.0385,40.5,171.8,13.92,0.6,Fibra 500MB,Sul,1,0,0,0.2126,0,BAIXO
461.85,25,1,3,531.3,10.0,11,0.1,0.0385,59.03,230.92,11.0,0.75,Empresarial,Sul,0,1,0,0.2125,0,BAIXO
191.1,46,0,4,282.9,8.6,9,0.1333,0.0,47.15,95.55,7.74,0.45,Fibra 500MB,Centro,1,1,0,0.2123,0,BAIXO
118.85,46,0,5,268.4,8.5,15,0.1667,0.0,89.47,118.85,12.75,0.6,Fibra 200MB,Centro,1,0,0,0.2119,0,BAIXO
75.96,4,0,2,144.8,7.8,18,0.0667,0.0,96.53,75.96,14.04,0.6,Fibra 100MB,Centro,1,0,0,0.2119,0,BAIXO
88.36,58,0,3,98.4,6.9,20,0.1,0.0,65.6,88.36,13.8,0.6,Fibra 100MB,Sul,1,0,1,0.2118,0,BAIXO
104.43,52,0,0,259.0,7.2,18,0.0,0.0,86.33,34.81,12.96,0.45,Fibra 200MB,Leste,1,2,1,0.2117,0,BAIXO
478.56,15,0,0,329.0,7.4,16,0.0,0.0,36.56,159.52,11.84,0.75,Empresarial,Leste,0,2,0,0.2116,0,BAIXO
128.41,15,0,3,322.8,10.0,18,0.1,0.0,53.8,128.41,18.0,1.0,Fibra 500MB,Oeste,0,0,0,0.2116,0,BAIXO
439.93,16,0,1,661.4,7.9,20,0.0333,0.0,73.49,439.93,15.8,1.0,Empresarial,Centro,0,0,1,0.2115,0,BAIXO
154.32,46,0,5,239.0,6.9,22,0.1667,0.0,39.83,154.32,15.18,1.0,Fibra 500MB,Centro,0,0,0,0.2114,0,BAIXO
148.77,2,0,14,347.9,9.8,13,0.4667,0.0,57.98,49.59,12.74,0.75,Fibra 500MB,Centro,0,2,0,0.2114,0,BAIXO
95.95,19,1,4,272.0,8.2,22,0.1333,0.05,90.67,47.98,18.04,0.45,Fibra 200MB,Oeste,1,1,0,0.2112,0,BAIXO
95.37,26,0,0,211.6,8.1,24,0.0,0.0,70.53,95.37,19.44,1.0,Fibra 200MB,Oeste,0,0,0,0.2107,0,BAIXO
504.73,42,0,13,826.9,6.5,23,0.4333,0.0,91.88,504.73,14.95,1.0,Empresarial,Sul,0,0,0,0.2106,0,BAIXO
98.17,39,1,1,162.8,9.1,22,0.0333,0.025,54.27,49.08,20.02,0.45,Fibra 200MB,Oeste,1,1,0,0.2106,0,BAIXO
191.82,41,0,3,477.8,7.0,14,0.1,0.0,79.63,95.91,9.8,0.45,Fibra 500MB,Sul,1,1,0,0.2105,0,BAIXO
513.02,47,1,0,691.5,7.1,17,0.0,0.0208,76.83,256.51,12.07,0.45,Empresarial,Centro,1,1,0,0.2104,0,BAIXO
171.33,12,0,10,261.3,9.5,9,0.3333,0.0,43.55,171.33,8.55,0.6,Fibra 500MB,Oeste,1,0,0,0.2102,0,BAIXO
463.65,20,0,30,773.7,8.4,19,1.0,0.0,85.97,231.82,15.96,0.45,Empresarial,Norte,1,1,0,0.2101,0,BAIXO
181.31,22,0,4,336.1,5.8,20,0.1333,0.0,56.02,181.31,11.6,0.6,Fibra 500MB,Leste,1,0,0,0.21,0,BAIXO
131.38,22,1,3,325.9,7.5,21,0.1,0.0435,54.32,43.79,15.75,0.45,Fibra 500MB,Leste,1,2,0,0.21,0,BAIXO
77.4,17,0,2,126.6,5.6,20,0.0667,0.0,84.4,77.4,11.2,0.6,Fibra 100MB,Sul,1,0,0,0.2097,0,BAIXO
80.6,52,0,1,100.1,7.9,20,0.0333,0.0,66.73,80.6,15.8,0.6,Fibra 100MB,Centro,1,0,1,0.2096,0,BAIXO
113.0,15,1,1,134.2,6.2,22,0.0333,0.0625,44.73,113.0,13.64,0.6,Fibra 200MB,Sul,1,0,1,0.2095,0,BAIXO
111.59,10,0,3,128.6,8.5,15,0.1,0.0,42.87,111.59,12.75,0.6,Fibra 200MB,Centro,1,0,0,0.2093,0,BAIXO
172.44,3,0,2,395.8,6.1,19,0.0667,0.0,65.97,86.22,11.59,0.45,Fibra 500MB,Norte,1,1,0,0.2092,0,BAIXO
125.29,37,0,1,250.6,10.0,18,0.0333,0.0,41.77,62.64,18.0,0.75,Fibra 500MB,Leste,0,1,0,0.2087,0,BAIXO
184.36,11,0,2,247.6,8.1,18,0.0667,0.0,41.27,92.18,14.58,0.75,Fibra 500MB,Centro,0,1,0,0.2084,0,BAIXO
103.66,51,0,1,186.4,8.4,21,0.0333,0.0,62.13,34.55,17.64,0.75,Fibra 200MB,Centro,0,2,0,0.2084,0,BAIXO
115.87,7,0,2,230.5,9.3,15,0.0667,0.0,76.83,115.87,13.95,0.6,Fibra 200MB,Leste,1,0,0,0.2082,0,BAIXO
191.26,58,1,5,455.2,8.3,20,0.1667,0.0169,75.87,191.26,16.6,0.6,Fibra 500MB,Sul,1,0,0,0.2082,0,BAIXO
147.67,1,0,5,224.3,9.8,12,0.1667,0.0,37.38,147.67,11.76,1.0,Fibra 500MB,Sul,0,0,1,0.2082,0,BAIXO
100.58,8,1,5,231.3,9.9,22,0.1667,0.1111,77.1,100.58,21.78,0.6,Fibra 200MB,Centro,1,0,0,0.2082,0,BAIXO
476.78,25,1,0,580.0,7.6,20,0.0,0.0385,64.44,158.93,15.2,0.75,Empresarial,Centro,0,2,0,0.2081,0,BAIXO
475.63,59,0,0,862.0,7.1,16,0.0,0.0,95.78,475.63,11.36,0.6,Empresarial,Sul,1,0,1,0.2079,0,BAIXO
93.33,9,0,21,138.7,5.7,20,0.7,0.0,46.23,46.66,11.4,0.45,Fibra 200MB,Sul,1,1,0,0.2079,0,BAIXO
427.57,59,0,3,716.6,8.0,18,0.1,0.0,79.62,427.57,14.4,0.6,Empresarial,Leste,1,0,0,0.2078,0,BAIXO
74.43,35,0,2,146.0,9.7,22,0.0667,0.0,97.33,37.22,21.34,0.75,Fibra 100MB,Sul,0,1,0,0.2078,0,BAIXO
194.24,59,0,4,508.3,9.8,9,0.1333,0.0,84.72,97.12,8.82,0.45,Fibra 500MB,Norte,1,1,0,0.2077,0,BAIXO
194.2,2,0,3,528.7,7.8,20,0.1,0.0,88.12,194.2,15.6,1.0,Fibra 500MB,Sul,0,0,0,0.2075,0,BAIXO
107.89,54,0,0,105.4,6.8,18,0.0,0.0,35.13,107.89,12.24,0.6,Fibra 200MB,Sul,1,0,0,0.2069,0,BAIXO
387.4,6,1,2,816.7,6.4,17,0.0667,0.1429,90.74,129.13,10.88,0.45,Empresarial,Sul,1,2,0,0.2069,0,BAIXO
195.63,24,0,4,557.2,9.5,24,0.1333,0.0,92.87,195.63,22.8,1.0,Fibra 500MB,Oeste,0,0,0,0.2068,0,BAIXO
174.1,31,1,5,232.5,6.3,22,0.1667,0.0312,38.75,174.1,13.86,0.6,Fibra 500MB,Centro,1,0,0,0.2066,0,BAIXO
124.29,40,0,46,370.9,6.7,22,1.5333,0.0,61.82,62.14,14.74,1.35,Fibra 500MB,Sul,1,1,0,0.2066,0,BAIXO
445.34,44,2,5,817.7,7.5,22,0.1667,0.0444,90.86,148.45,16.5,0.45,Empresarial,Centro,1,2,0,0.2065,0,BAIXO
190.52,23,1,5,459.7,7.1,19,0.1667,0.0417,76.62,47.63,13.49,0.45,Fibra 500MB,Centro,1,3,0,0.2062,0,BAIXO
154.07,46,1,5,270.4,9.8,22,0.1667,0.0213,45.07,154.07,21.56,0.6,Fibra 500MB,Oeste,1,0,1,0.206,0,BAIXO
192.39,20,0,3,310.6,6.1,17,0.1,0.0,51.77,64.13,10.37,0.45,Fibra 500MB,Oeste,1,2,0,0.206,0,BAIXO
118.91,49,0,18,286.3,10.0,22,0.6,0.0,95.43,118.91,22.0,0.6,Fibra 200MB,Leste,1,0,1,0.2059,0,BAIXO
178.38,29,2,3,570.5,8.5,24,0.1,0.0667,95.08,89.19,20.4,0.45,Fibra 500MB,Sul,1,1,0,0.2059,0,BAIXO
118.84,48,0,4,191.0,7.7,16,0.1333,0.0,63.67,39.61,12.32,0.45,Fibra 200MB,Centro,1,2,0,0.2057,0,BAIXO
187.33,6,1,5,588.9,8.4,21,0.1667,0.1429,98.15,93.66,17.64,0.45,Fibra 500MB,Oeste,1,1,0,0.2054,0,BAIXO
413.0,52,0,4,848.6,9.2,8,0.1333,0.0,94.29,206.5,7.36,0.45,Empresarial,Leste,1,1,0,0.2054,0,BAIXO
87.16,13,1,0,117.3,9.2,20,0.0,0.0714,78.2,21.79,18.4,0.45,Fibra 100MB,Sul,1,3,0,0.2053,0,BAIXO
396.7,60,1,0,592.1,6.4,24,0.0,0.0164,65.79,198.35,15.36,0.75,Empresarial,Oeste,0,1,0,0.2051,0,BAIXO
154.37,49,0,1,464.7,6.8,22,0.0333,0.0,77.45,77.18,14.96,0.75,Fibra 500MB,Oeste,0,1,0,0.2048,0,BAIXO
195.28,11,1,1,217.9,8.2,21,0.0333,0.0833,36.32,48.82,17.22,0.45,Fibra 500MB,Norte,1,3,1,0.2047,0,BAIXO
169.83,56,1,3,329.0,8.8,20,0.1,0.0175,54.83,84.92,17.6,0.45,Fibra 500MB,Oeste,1,1,0,0.2047,0,BAIXO
175.56,12,0,2,542.1,7.3,22,0.0667,0.0,90.35,175.56,16.06,1.0,Fibra 500MB,Centro,0,0,0,0.2046,0,BAIXO
108.05,45,0,5,193.4,6.1,22,0.1667,0.0,64.47,54.02,13.42,0.45,Fibra 200MB,Norte,1,1,0,0.2046,0,BAIXO
74.87,16,0,1,50.0,7.9,21,0.0333,0.0,33.33,74.87,16.59,0.6,Fibra 100MB,Centro,1,0,0,0.2043,0,BAIXO
102.67,19,1,1,203.1,9.7,24,0.0333,0.05,67.7,34.22,23.28,0.45,Fibra 200MB,Leste,1,2,0,0.2042,0,BAIXO
74.57,18,0,4,126.5,6.3,22,0.1333,0.0,84.33,24.86,13.86,0.45,Fibra 100MB,Leste,1,2,0,0.2041,0,BAIXO
388.93,24,1,5,310.4,9.1,14,0.1667,0.04,34.49,388.93,12.74,0.6,Empresarial,Sul,1,0,0,0.204,0,BAIXO
172.2,19,0,1,369.4,8.0,19,0.0333,0.0,61.57,86.1,15.2,0.75,Fibra 500MB,Centro,0,1,0,0.204,0,BAIXO
105.99,57,0,0,112.0,9.6,16,0.0,0.0,37.33,35.33,15.36,0.45,Fibra 200MB,Norte,1,2,0,0.2038,0,BAIXO
155.88,14,0,1,566.6,7.0,13,0.0333,0.0,94.43,38.97,9.1,0.45,Fibra 500MB,Sul,1,3,0,0.2038,0,BAIXO
391.82,14,1,0,740.8,6.9,18,0.0,0.0667,82.31,130.61,12.42,0.45,Empresarial,Oeste,1,2,0,0.2037,0,BAIXO
116.88,28,1,3,285.3,7.7,23,0.1,0.0345,95.1,58.44,17.71,0.45,Fibra 200MB,Oeste,1,1,0,0.2031,0,BAIXO
174.66,60,0,15,522.3,8.0,24,0.5,0.0,87.05,174.66,19.2,1.0,Fibra 500MB,Sul,0,0,0,0.203,0,BAIXO
164.53,42,0,3,372.6,8.3,11,0.1,0.0,62.1,54.84,9.13,0.45,Fibra 500MB,Centro,1,2,0,0.2029,0,BAIXO
159.43,25,0,0,307.9,6.8,18,0.0,0.0,51.32,159.43,12.24,0.6,Fibra 500MB,Oeste,1,0,0,0.2029,0,BAIXO
430.44,60,1,1,315.3,10.0,18,0.0333,0.0164,35.03,215.22,18.0,0.75,Empresarial,Centro,0,1,0,0.2027,0,BAIXO
166.77,37,0,5,438.1,7.3,23,0.1667,0.0,73.02,166.77,16.79,1.0,Fibra 500MB,Centro,0,0,0,0.2023,0,BAIXO
189.99,17,1,1,399.1,10.0,10,0.0333,0.0556,66.52,63.33,10.0,0.45,Fibra 500MB,Oeste,1,2,0,0.2023,0,BAIXO
118.93,14,0,1,173.4,7.7,16,0.0333,0.0,57.8,59.46,12.32,0.45,Fibra 200MB,Centro,1,1,0,0.2017,0,BAIXO
97.73,58,0,4,169.8,7.2,22,0.1333,0.0,56.6,97.73,15.84,0.6,Fibra 200MB,Leste,1,0,0,0.2014,0,BAIXO
190.41,36,0,4,500.4,7.0,22,0.1333,0.0,83.4,190.41,15.4,1.0,Fibra 500MB,Sul,0,0,0,0.2013,0,BAIXO
480.36,25,1,3,409.6,8.2,20,0.1,0.0385,45.51,160.12,16.4,0.75,Empresarial,Centro,0,2,0,0.2012,0,BAIXO
149.12,49,0,4,532.9,7.8,21,0.1333,0.0,88.82,149.12,16.38,0.6,Fibra 500MB,Norte,1,0,0,0.201,0,BAIXO
491.23,1,0,4,817.8,6.3,23,0.1333,0.0,90.87,491.23,14.49,1.0,Empresarial,Centro,0,0,0,0.2007,0,BAIXO
131.05,51,1,0,451.7,7.8,20,0.0,0.0192,75.28,131.05,15.6,0.6,Fibra 500MB,Sul,1,0,0,0.2007,0,BAIXO
113.92,26,1,0,229.4,8.3,23,0.0,0.037,76.47,113.92,19.09,0.6,Fibra 200MB,Centro,1,0,1,0.2006,0,BAIXO
489.1,13,1,2,571.2,9.9,20,0.0667,0.0714,63.47,163.03,19.8,0.75,Empresarial,Oeste,0,2,0,0.2006,0,BAIXO
486.86,57,0,4,582.5,7.8,10,0.1333,0.0,64.72,243.43,7.8,0.45,Empresarial,Sul,1,1,0,0.2005,0,BAIXO
192.03,58,0,1,259.0,7.0,24,0.0333,0.0,43.17,192.03,16.8,1.0,Fibra 500MB,Oeste,0,0,0,0.2005,0,BAIXO
76.61,23,0,2,83.9,6.0,20,0.0667,0.0,55.93,25.54,12.0,0.45,Fibra 100MB,Sul,1,2,0,0.2004,0,BAIXO
168.93,37,0,1,244.6,8.4,21,0.0333,0.0,40.77,84.46,17.64,0.75,Fibra 500MB,Oeste,0,1,0,0.1996,0,BAIXO
112.24,48,0,0,106.0,10.0,6,0.0,0.0,35.33,56.12,6.0,0.45,Fibra 200MB,Oeste,1,1,1,0.1995,0,BAIXO
77.83,14,0,3,74.1,10.0,19,0.1,0.0,49.4,19.46,19.0,0.45,Fibra 100MB,Leste,1,3,0,0.1995,0,BAIXO
105.11,4,1,0,132.6,6.2,24,0.0,0.2,44.2,105.11,14.88,0.6,Fibra 200MB,Centro,1,0,0,0.1993,0,BAIXO
143.54,55,0,5,485.1,8.0,15,0.1667,0.0,80.85,143.54,12.0,0.6,Fibra 500MB,Sul,1,0,0,0.1991,0,BAIXO
124.05,35,0,5,472.5,7.4,21,0.1667,0.0,78.75,41.35,15.54,0.75,Fibra 500MB,Centro,0,2,0,0.1986,0,BAIXO
198.72,52,0,5,512.5,8.7,23,0.1667,0.0,85.42,99.36,20.01,0.75,Fibra 500MB,Oeste,0,1,0,0.1982,0,BAIXO
110.57,18,0,18,121.5,9.6,15,0.6,0.0,40.5,110.57,14.4,0.6,Fibra 200MB,Sul,1,0,0,0.1982,0,BAIXO
158.38,14,1,5,323.4,10.0,24,0.1667,0.0667,53.9,158.38,24.0,0.6,Fibra 500MB,Oeste,1,0,0,0.1982,0,BAIXO
130.38,30,0,0,407.5,6.0,21,0.0,0.0,67.92,43.46,12.6,0.75,Fibra 500MB,Centro,0,2,0,0.1981,0,BAIXO
161.2,51,0,3,323.6,7.8,18,0.1,0.0,53.93,161.2,14.04,0.6,Fibra 500MB,Oeste,1,0,0,0.198,0,BAIXO
100.87,18,0,15,289.8,9.7,10,0.5,0.0,96.6,100.87,9.7,0.6,Fibra 200MB,Sul,1,0,0,0.1979,0,BAIXO
380.35,50,1,6,462.6,6.8,22,0.2,0.0196,51.4,380.35,14.96,0.6,Empresarial,Centro,1,0,0,0.1978,0,BAIXO
164.39,28,0,4,310.9,9.3,24,0.1333,0.0,51.82,82.2,22.32,0.75,Fibra 500MB,Leste,0,1,0,0.1973,0,BAIXO
135.73,28,0,4,201.7,8.0,19,0.1333,0.0,33.62,67.86,15.2,0.75,Fibra 500MB,Sul,0,1,0,0.1969,0,BAIXO
391.21,39,0,7,568.8,10.0,14,0.2333,0.0,63.2,391.21,14.0,0.6,Empresarial,Norte,1,0,0,0.1961,0,BAIXO
157.7,28,0,1,310.1,8.2,24,0.0333,0.0,51.68,157.7,19.68,1.0,Fibra 500MB,Oeste,0,0,1,0.196,0,BAIXO
115.96,59,0,2,252.4,9.2,12,0.0667,0.0,84.13,115.96,11.04,0.6,Fibra 200MB,Sul,1,0,0,0.1959,0,BAIXO
105.49,49,0,21,171.6,6.3,23,0.7,0.0,57.2,52.74,14.49,0.45,Fibra 200MB,Oeste,1,1,1,0.1952,0,BAIXO
108.63,38,0,1,242.7,7.9,21,0.0333,0.0,80.9,36.21,16.59,0.75,Fibra 200MB,Sul,0,2,0,0.1948,0,BAIXO
138.3,32,0,0,432.7,5.2,17,0.0,0.0,72.12,34.58,8.84,0.45,Fibra 500MB,Sul,1,3,0,0.1947,0,BAIXO
90.53,37,0,2,125.2,10.0,8,0.0667,0.0,41.73,90.53,8.0,0.6,Fibra 200MB,Centro,1,0,0,0.1945,0,BAIXO
93.17,35,0,9,263.7,9.2,23,0.3,0.0,87.9,46.58,21.16,0.75,Fibra 200MB,Sul,0,1,0,0.194,0,BAIXO
429.72,17,0,28,482.2,7.6,19,0.9333,0.0,53.58,429.72,14.44,0.6,Empresarial,Sul,1,0,0,0.1938,0,BAIXO
83.77,1,0,5,140.2,8.4,24,0.1667,0.0,93.47,83.77,20.16,0.6,Fibra 100MB,Leste,1,0,0,0.1937,0,BAIXO
101.46,39,0,5,112.9,7.1,23,0.1667,0.0,37.63,33.82,16.33,0.75,Fibra 200MB,Sul,0,2,0,0.1936,0,BAIXO
85.94,3,0,4,51.1,8.4,24,0.1333,0.0,34.07,28.65,20.16,0.45,Fibra 100MB,Leste,1,2,0,0.1934,0,BAIXO
448.48,18,2,1,832.6,6.4,23,0.0333,0.1053,92.51,224.24,14.72,0.45,Empresarial,Sul,1,1,1,0.1934,0,BAIXO
114.45,27,0,5,175.7,9.6,10,0.1667,0.0,58.57,57.22,9.6,0.45,Fibra 200MB,Centro,1,1,0,0.1934,0,BAIXO
105.61,23,1,3,196.3,9.3,23,0.1,0.0417,65.43,105.61,21.39,0.6,Fibra 200MB,Sul,1,0,0,0.1932,0,BAIXO
193.05,15,1,2,523.2,9.5,22,0.0667,0.0625,87.2,193.05,20.9,0.6,Fibra 500MB,Centro,1,0,0,0.1931,0,BAIXO
100.25,34,0,4,272.5,7.2,22,0.1333,0.0,90.83,100.25,15.84,0.6,Fibra 200MB,Leste,1,0,0,0.1927,0,BAIXO
134.84,48,0,3,380.6,8.5,13,0.1,0.0,63.43,67.42,11.05,0.45,Fibra 500MB,Centro,1,1,0,0.1926,0,BAIXO
125.5,49,1,6,518.2,8.3,21,0.2,0.02,86.37,41.83,17.43,0.45,Fibra 500MB,Centro,1,2,0,0.1924,0,BAIXO
170.76,56,1,1,264.9,10.0,9,0.0333,0.0175,44.15,85.38,9.0,0.45,Fibra 500MB,Sul,1,1,0,0.1919,0,BAIXO
93.1,48,0,2,202.6,7.1,23,0.0667,0.0,67.53,46.55,16.33,0.75,Fibra 200MB,Sul,0,1,0,0.1914,0,BAIXO
97.6,3,0,22,135.4,6.1,22,0.7333,0.0,45.13,97.6,13.42,0.6,Fibra 200MB,Sul,1,0,0,0.1914,0,BAIXO
143.05,14,0,4,254.0,8.9,23,0.1333,0.0,42.33,143.05,20.47,1.0,Fibra 500MB,Centro,0,0,0,0.1912,0,BAIXO
492.25,44,0,7,760.2,8.2,14,0.2333,0.0,84.47,246.12,11.48,0.45,Empresarial,Oeste,1,1,0,0.1911,0,BAIXO
126.05,1,0,1,373.3,5.7,18,0.0333,0.0,62.22,63.02,10.26,0.45,Fibra 500MB,Centro,1,1,0,0.1909,0,BAIXO
88.2,24,0,4,110.7,7.9,24,0.1333,0.0,73.8,44.1,18.96,0.45,Fibra 100MB,Leste,1,1,0,0.1906,0,BAIXO
105.58,15,0,5,190.7,7.4,23,0.1667,0.0,63.57,52.79,17.02,0.75,Fibra 200MB,Sul,0,1,0,0.1905,0,BAIXO
154.97,31,1,1,214.0,7.7,21,0.0333,0.0312,35.67,154.97,16.17,0.6,Fibra 500MB,Sul,1,0,0,0.1904,0,BAIXO
149.26,43,0,5,416.0,7.7,23,0.1667,0.0,69.33,149.26,17.71,1.0,Fibra 500MB,Sul,0,0,0,0.1901,0,BAIXO
118.26,49,0,0,125.8,9.9,20,0.0,0.0,41.93,39.42,19.8,0.75,Fibra 200MB,Sul,0,2,1,0.1901,0,BAIXO
124.25,39,0,1,590.9,7.1,16,0.0333,0.0,98.48,31.06,11.36,0.45,Fibra 500MB,Centro,1,3,0,0.19,0,BAIXO
114.93,11,0,4,266.4,4.7,23,0.1333,0.0,88.8,57.46,10.81,1.125,Fibra 200MB,Norte,1,1,1,0.19,0,BAIXO
140.4,14,0,1,308.0,7.8,16,0.0333,0.0,51.33,70.2,12.48,0.45,Fibra 500MB,Oeste,1,1,0,0.1896,0,BAIXO
427.53,52,1,5,615.8,10.0,18,0.1667,0.0189,68.42,427.53,18.0,0.6,Empresarial,Sul,1,0,0,0.1894,0,BAIXO
114.06,32,0,3,164.9,6.2,22,0.1,0.0,54.97,114.06,13.64,0.6,Fibra 200MB,Oeste,1,0,0,0.1892,0,BAIXO
125.91,21,0,17,300.6,8.1,24,0.5667,0.0,50.1,125.91,19.44,0.6,Fibra 500MB,Norte,1,0,0,0.189,0,BAIXO
155.39,42,0,4,250.8,9.5,7,0.1333,0.0,41.8,155.39,6.65,0.6,Fibra 500MB,Sul,1,0,0,0.1889,0,BAIXO
116.31,27,0,0,231.7,6.7,22,0.0,0.0,77.23,38.77,14.74,0.75,Fibra 200MB,Sul,0,2,0,0.1889,0,BAIXO
90.27,35,0,2,127.3,7.5,17,0.0667,0.0,42.43,30.09,12.75,0.45,Fibra 200MB,Sul,1,2,0,0.1886,0,BAIXO
496.61,34,1,22,417.6,7.8,17,0.7333,0.0286,46.4,124.15,13.26,0.45,Empresarial,Sul,1,3,0,0.1875,0,BAIXO
169.62,11,0,1,413.5,6.4,18,0.0333,0.0,68.92,56.54,11.52,0.45,Fibra 500MB,Oeste,1,2,0,0.1875,0,BAIXO
185.11,10,0,0,343.8,8.2,19,0.0,0.0,57.3,185.11,15.58,0.6,Fibra 500MB,Leste,1,0,0,0.1875,0,BAIXO
143.84,13,0,0,263.5,8.2,14,0.0,0.0,43.92,47.95,11.48,0.45,Fibra 500MB,Oeste,1,2,1,0.1874,0,BAIXO
113.24,2,0,9,145.5,7.6,18,0.3,0.0,48.5,56.62,13.68,0.45,Fibra 200MB,Sul,1,1,0,0.1874,0,BAIXO
506.62,6,0,3,327.6,7.1,22,0.1,0.0,36.4,253.31,15.62,0.75,Empresarial,Norte,0,1,1,0.1874,0,BAIXO
97.82,7,0,1,233.6,8.2,22,0.0333,0.0,77.87,48.91,18.04,0.75,Fibra 200MB,Sul,0,1,0,0.187,0,BAIXO
178.99,39,0,4,396.2,8.8,19,0.1333,0.0,66.03,89.5,16.72,0.45,Fibra 500MB,Norte,1,1,0,0.187,0,BAIXO
486.84,32,0,3,512.1,10.0,17,0.1,0.0,56.9,243.42,17.0,0.75,Empresarial,Leste,0,1,0,0.1868,0,BAIXO
143.18,20,0,15,308.5,7.8,22,0.5,0.0,51.42,47.73,17.16,0.75,Fibra 500MB,Sul,0,2,1,0.1868,0,BAIXO
81.43,6,0,5,71.6,6.7,24,0.1667,0.0,47.73,20.36,16.08,0.45,Fibra 100MB,Leste,1,3,0,0.1867,0,BAIXO
112.49,37,0,3,242.3,8.7,16,0.1,0.0,80.77,56.24,13.92,0.45,Fibra 200MB,Centro,1,1,0,0.1865,0,BAIXO
101.78,11,0,1,175.2,7.9,19,0.0333,0.0,58.4,101.78,15.01,0.6,Fibra 200MB,Centro,1,0,0,0.1863,0,BAIXO
132.02,49,1,3,322.2,10.0,19,0.1,0.02,53.7,132.02,19.0,0.6,Fibra 500MB,Sul,1,0,0,0.1861,0,BAIXO
79.87,42,0,3,133.4,7.5,24,0.1,0.0,88.93,79.87,18.0,0.6,Fibra 100MB,Oeste,1,0,0,0.186,0,BAIXO
515.62,47,0,5,764.6,8.3,20,0.1667,0.0,84.96,257.81,16.6,0.75,Empresarial,Centro,0,1,0,0.1858,0,BAIXO
93.42,28,0,3,158.5,8.3,23,0.1,0.0,52.83,46.71,19.09,0.45,Fibra 200MB,Norte,1,1,0,0.1857,0,BAIXO
123.51,29,0,5,233.3,9.0,9,0.1667,0.0,38.88,61.76,8.1,0.45,Fibra 500MB,Sul,1,1,0,0.1853,0,BAIXO
89.05,59,0,0,173.9,6.8,21,0.0,0.0,57.97,44.52,14.28,0.45,Fibra 200MB,Oeste,1,1,0,0.1853,0,BAIXO
512.11,4,0,20,818.6,9.8,16,0.6667,0.0,90.96,256.06,15.68,0.45,Empresarial,Norte,1,1,1,0.1852,0,BAIXO
147.46,49,1,3,236.6,7.2,21,0.1,0.02,39.43,73.73,15.12,0.45,Fibra 500MB,Sul,1,1,0,0.185,0,BAIXO
425.48,17,0,1,470.3,8.0,14,0.0333,0.0,52.26,141.83,11.2,0.45,Empresarial,Norte,1,2,1,0.1845,0,BAIXO
108.06,28,1,2,236.1,7.4,24,0.0667,0.0345,78.7,108.06,17.76,0.6,Fibra 200MB,Sul,1,0,0,0.1845,0,BAIXO
160.22,5,0,4,243.7,7.7,24,0.1333,0.0,40.62,160.22,18.48,1.0,Fibra 500MB,Centro,0,0,0,0.1843,0,BAIXO
382.48,22,0,4,479.5,7.9,19,0.1333,0.0,53.28,191.24,15.01,0.75,Empresarial,Centro,0,1,1,0.1841,0,BAIXO
98.18,50,0,2,167.1,7.1,23,0.0667,0.0,55.7,32.73,16.33,0.45,Fibra 200MB,Norte,1,2,0,0.1841,0,BAIXO
165.13,12,0,2,270.1,9.1,13,0.0667,0.0,45.02,55.04,11.83,0.45,Fibra 500MB,Leste,1,2,0,0.184,0,BAIXO
117.17,31,0,5,209.0,7.0,20,0.1667,0.0,69.67,117.17,14.0,0.6,Fibra 200MB,Sul,1,0,0,0.1839,0,BAIXO
170.61,4,0,29,264.0,8.4,24,0.9667,0.0,44.0,170.61,20.16,0.6,Fibra 500MB,Oeste,1,0,0,0.1838,0,BAIXO
168.4,37,0,4,369.0,7.5,23,0.1333,0.0,61.5,84.2,17.25,0.75,Fibra 500MB,Centro,0,1,0,0.1834,0,BAIXO
79.32,17,0,4,77.8,8.6,24,0.1333,0.0,51.87,79.32,20.64,0.6,Fibra 100MB,Centro,1,0,0,0.1829,0,BAIXO
136.28,31,0,0,595.5,8.3,22,0.0,0.0,99.25,136.28,18.26,0.6,Fibra 500MB,Norte,1,0,0,0.1828,0,BAIXO
412.82,21,0,5,455.4,8.3,14,0.1667,0.0,50.6,412.82,11.62,0.6,Empresarial,Sul,1,0,0,0.1827,0,BAIXO
116.84,20,0,0,201.4,9.2,19,0.0,0.0,67.13,58.42,17.48,0.45,Fibra 200MB,Leste,1,1,0,0.1819,0,BAIXO
92.63,60,0,3,208.5,8.6,24,0.1,0.0,69.5,92.63,20.64,0.6,Fibra 200MB,Leste,1,0,0,0.1815,0,BAIXO
71.96,42,0,5,119.1,9.3,19,0.1667,0.0,79.4,35.98,17.67,0.45,Fibra 100MB,Sul,1,1,0,0.1815,0,BAIXO
169.12,22,0,0,467.4,8.8,10,0.0,0.0,77.9,84.56,8.8,0.45,Fibra 500MB,Sul,1,1,0,0.1811,0,BAIXO
187.99,44,0,5,344.6,7.9,22,0.1667,0.0,57.43,94.0,17.38,0.75,Fibra 500MB,Sul,0,1,0,0.181,0,BAIXO
156.09,1,0,4,586.7,8.6,12,0.1333,0.0,97.78,78.04,10.32,0.45,Fibra 500MB,Sul,1,1,0,0.1809,0,BAIXO
72.13,2,0,0,117.8,9.7,17,0.0,0.0,78.53,36.06,16.49,0.45,Fibra 100MB,Centro,1,1,0,0.1806,0,BAIXO
186.98,50,0,2,521.3,10.0,11,0.0667,0.0,86.88,93.49,11.0,0.45,Fibra 500MB,Leste,1,1,0,0.1805,0,BAIXO
482.94,38,0,0,507.1,7.9,15,0.0,0.0,56.34,160.98,11.85,0.45,Empresarial,Norte,1,2,1,0.1804,0,BAIXO
115.02,58,0,3,155.4,8.5,19,0.1,0.0,51.8,57.51,16.15,0.45,Fibra 200MB,Centro,1,1,0,0.1801,0,BAIXO
104.4,59,0,1,140.1,6.7,24,0.0333,0.0,46.7,34.8,16.08,0.75,Fibra 200MB,Sul,0,2,0,0.1799,0,BAIXO
423.37,39,0,1,612.0,6.8,23,0.0333,0.0,68.0,141.12,15.64,0.75,Empresarial,Norte,0,2,0,0.1798,0,BAIXO
73.12,42,0,2,100.0,5.3,22,0.0667,0.0,66.67,24.37,11.66,0.45,Fibra 100MB,Sul,1,2,0,0.1795,0,BAIXO
77.34,23,0,0,90.8,10.0,17,0.0,0.0,60.53,25.78,17.0,0.45,Fibra 100MB,Centro,1,2,0,0.1793,0,BAIXO
473.51,55,0,0,816.0,8.7,9,0.0,0.0,90.67,118.38,7.83,0.45,Empresarial,Oeste,1,3,0,0.1791,0,BAIXO
119.68,26,0,4,523.4,7.8,23,0.1333,0.0,87.23,39.89,17.94,0.75,Fibra 500MB,Centro,0,2,0,0.179,0,BAIXO
158.8,50,0,0,315.2,8.6,20,0.0,0.0,52.53,79.4,17.2,0.45,Fibra 500MB,Norte,1,1,0,0.1789,0,BAIXO
109.35,11,1,0,272.6,5.8,23,0.0,0.0833,90.87,54.68,13.34,0.45,Fibra 200MB,Sul,1,1,0,0.1788,0,BAIXO
140.19,1,0,5,283.2,7.5,23,0.1667,0.0,47.2,70.1,17.25,0.75,Fibra 500MB,Centro,0,1,1,0.1787,0,BAIXO
403.18,29,1,0,503.0,10.0,16,0.0,0.0333,55.89,403.18,16.0,0.6,Empresarial,Sul,1,0,0,0.1786,0,BAIXO
76.52,36,0,2,142.6,6.3,24,0.0667,0.0,95.07,25.51,15.12,0.45,Fibra 100MB,Leste,1,2,0,0.1786,0,BAIXO
448.67,42,1,3,830.3,8.1,19,0.1,0.0233,92.26,224.34,15.39,0.45,Empresarial,Sul,1,1,0,0.1785,0,BAIXO
196.56,39,0,5,416.7,6.1,22,0.1667,0.0,69.45,196.56,13.42,0.6,Fibra 500MB,Oeste,1,0,1,0.1782,0,BAIXO
175.1,17,1,8,351.2,6.8,24,0.2667,0.0556,58.53,175.1,16.32,0.6,Fibra 500MB,Sul,1,0,0,0.1781,0,BAIXO
166.5,54,0,7,360.6,8.7,23,0.2333,0.0,60.1,83.25,20.01,0.75,Fibra 500MB,Sul,0,1,0,0.1779,0,BAIXO
445.34,9,0,5,582.3,7.5,20,0.1667,0.0,64.7,445.34,15.0,0.6,Empresarial,Oeste,1,0,0,0.1779,0,BAIXO
91.06,52,0,0,103.7,7.7,20,0.0,0.0,34.57,91.06,15.4,0.6,Fibra 200MB,Sul,1,0,0,0.1777,0,BAIXO
147.39,2,0,1,448.8,8.0,21,0.0333,0.0,74.8,73.69,16.8,0.75,Fibra 500MB,Sul,0,1,0,0.1774,0,BAIXO
502.98,58,0,11,809.3,8.4,23,0.3667,0.0,89.92,167.66,19.32,0.75,Empresarial,Oeste,0,2,0,0.1767,0,BAIXO
517.34,3,0,1,889.7,8.0,19,0.0333,0.0,98.86,517.34,15.2,0.6,Empresarial,Centro,1,0,0,0.1765,0,BAIXO
82.43,47,0,1,106.3,6.2,23,0.0333,0.0,70.87,82.43,14.26,0.6,Fibra 100MB,Sul,1,0,0,0.1765,0,BAIXO
131.85,32,0,4,382.3,8.4,24,0.1333,0.0,63.72,65.92,20.16,0.75,Fibra 500MB,Centro,0,1,0,0.1764,0,BAIXO
84.28,58,0,1,140.5,6.6,22,0.0333,0.0,93.67,21.07,14.52,0.45,Fibra 100MB,Centro,1,3,0,0.1762,0,BAIXO
503.35,7,0,4,644.9,9.4,17,0.1333,0.0,71.66,503.35,15.98,0.6,Empresarial,Oeste,1,0,0,0.1757,0,BAIXO
119.95,29,0,0,586.2,8.3,23,0.0,0.0,97.7,119.95,19.09,0.6,Fibra 500MB,Norte,1,0,1,0.1755,0,BAIXO
118.51,4,0,8,140.7,9.0,19,0.2667,0.0,46.9,118.51,17.1,0.6,Fibra 200MB,Sul,1,0,0,0.175,0,BAIXO
172.75,1,0,2,433.1,10.0,24,0.0667,0.0,72.18,57.58,24.0,0.75,Fibra 500MB,Oeste,0,2,0,0.175,0,BAIXO
122.18,24,0,9,461.9,7.4,23,0.3,0.0,76.98,40.73,17.02,0.75,Fibra 500MB,Sul,0,2,1,0.1748,0,BAIXO
96.1,5,0,0,253.0,7.1,23,0.0,0.0,84.33,96.1,16.33,0.6,Fibra 200MB,Leste,1,0,0,0.1744,0,BAIXO
193.0,45,1,1,262.2,10.0,24,0.0333,0.0217,43.7,64.33,24.0,0.45,Fibra 500MB,Oeste,1,2,0,0.173,0,BAIXO
190.27,9,0,0,501.5,7.3,24,0.0,0.0,83.58,190.27,17.52,1.0,Fibra 500MB,Sul,0,0,0,0.1728,0,BAIXO
393.46,39,0,1,879.0,8.2,22,0.0333,0.0,97.67,196.73,18.04,0.75,Empresarial,Centro,0,1,0,0.1728,0,BAIXO
88.38,5,0,5,120.7,7.3,23,0.1667,0.0,80.47,88.38,16.79,0.6,Fibra 100MB,Sul,1,0,0,0.1725,0,BAIXO
102.48,12,0,1,233.3,8.0,19,0.0333,0.0,77.77,51.24,15.2,0.45,Fibra 200MB,Centro,1,1,0,0.1724,0,BAIXO
442.95,12,0,2,752.1,6.8,19,0.0667,0.0,83.57,147.65,12.92,0.45,Empresarial,Norte,1,2,0,0.1723,0,BAIXO
428.82,52,0,4,800.0,6.2,19,0.1333,0.0,88.89,107.2,11.78,0.45,Empresarial,Leste,1,3,0,0.172,0,BAIXO
110.17,51,0,1,198.9,9.4,17,0.0333,0.0,66.3,55.08,15.98,0.45,Fibra 200MB,Centro,1,1,0,0.1719,0,BAIXO
177.91,22,0,18,553.7,10.0,14,0.6,0.0,92.28,44.48,14.0,0.45,Fibra 500MB,Oeste,1,3,0,0.1719,0,BAIXO
452.43,23,0,3,617.4,9.6,21,0.1,0.0,68.6,150.81,20.16,0.75,Empresarial,Leste,0,2,1,0.1712,0,BAIXO
84.42,60,0,0,76.8,7.8,23,0.0,0.0,51.2,42.21,17.94,0.45,Fibra 100MB,Sul,1,1,0,0.1708,0,BAIXO
434.46,47,0,14,647.5,7.4,21,0.4667,0.0,71.94,217.23,15.54,0.45,Empresarial,Leste,1,1,0,0.17,0,BAIXO
111.74,2,0,5,272.5,7.0,19,0.1667,0.0,90.83,37.25,13.3,0.45,Fibra 200MB,Sul,1,2,0,0.1699,0,BAIXO
185.24,18,0,3,280.9,9.2,22,0.1,0.0,46.82,185.24,20.24,0.6,Fibra 500MB,Leste,1,0,0,0.1697,0,BAIXO
80.54,45,0,4,121.5,8.2,24,0.1333,0.0,81.0,80.54,19.68,0.6,Fibra 100MB,Sul,1,0,0,0.1693,0,BAIXO
192.95,13,1,1,276.4,7.6,24,0.0333,0.0714,46.07,192.95,18.24,0.6,Fibra 500MB,Sul,1,0,1,0.1692,0,BAIXO
146.97,50,0,8,533.1,6.6,21,0.2667,0.0,88.85,36.74,13.86,0.45,Fibra 500MB,Oeste,1,3,0,0.169,0,BAIXO
128.11,35,1,4,532.4,7.7,24,0.1333,0.0278,88.73,42.7,18.48,0.45,Fibra 500MB,Centro,1,2,0,0.1688,0,BAIXO
174.54,7,0,5,566.1,5.4,21,0.1667,0.0,94.35,174.54,11.34,0.6,Fibra 500MB,Sul,1,0,0,0.1685,0,BAIXO
149.63,55,0,0,212.7,8.0,18,0.0,0.0,35.45,149.63,14.4,0.6,Fibra 500MB,Sul,1,0,0,0.168,0,BAIXO
134.69,59,0,4,353.7,7.7,18,0.1333,0.0,58.95,67.34,13.86,0.45,Fibra 500MB,Sul,1,1,1,0.1669,0,BAIXO
73.82,9,0,0,134.9,6.3,22,0.0,0.0,89.93,36.91,13.86,0.45,Fibra 100MB,Sul,1,1,0,0.1668,0,BAIXO
499.98,40,0,1,603.6,9.2,11,0.0333,0.0,67.07,249.99,10.12,0.45,Empresarial,Oeste,1,1,0,0.1665,0,BAIXO
76.29,28,0,3,148.6,9.0,21,0.1,0.0,99.07,38.15,18.9,0.45,Fibra 100MB,Sul,1,1,0,0.1664,0,BAIXO
111.64,45,0,1,164.9,6.6,23,0.0333,0.0,54.97,55.82,15.18,0.45,Fibra 200MB,Oeste,1,1,0,0.166,0,BAIXO
75.47,10,0,2,76.7,5.8,24,0.0667,0.0,51.13,75.47,13.92,0.6,Fibra 100MB,Sul,1,0,0,0.1658,0,BAIXO
82.82,17,0,0,148.1,5.2,23,0.0,0.0,98.73,82.82,11.96,0.6,Fibra 100MB,Sul,1,0,0,0.1656,0,BAIXO
122.79,25,0,4,251.7,7.0,22,0.1333,0.0,41.95,61.4,15.4,0.45,Fibra 500MB,Leste,1,1,0,0.1654,0,BAIXO
89.85,37,0,4,199.6,7.8,23,0.1333,0.0,66.53,89.85,17.94,0.6,Fibra 200MB,Centro,1,0,1,0.1652,0,BAIXO
147.94,47,1,1,261.9,4.9,24,0.0333,0.0208,43.65,49.31,11.76,1.125,Fibra 500MB,Centro,1,2,0,0.1652,0,BAIXO
512.69,22,1,2,543.3,7.0,24,0.0667,0.0435,60.37,170.9,16.8,0.75,Empresarial,Sul,0,2,0,0.1648,0,BAIXO
195.59,28,0,1,403.1,7.9,22,0.0333,0.0,67.18,195.59,17.38,0.6,Fibra 500MB,Oeste,1,0,0,0.1647,0,BAIXO
107.25,55,0,4,122.9,10.0,23,0.1333,0.0,40.97,35.75,23.0,0.45,Fibra 200MB,Oeste,1,2,1,0.1647,0,BAIXO
174.24,28,0,5,254.0,6.0,21,0.1667,0.0,42.33,174.24,12.6,0.6,Fibra 500MB,Sul,1,0,0,0.1645,0,BAIXO
91.26,39,0,3,251.5,10.0,21,0.1,0.0,83.83,91.26,21.0,0.6,Fibra 200MB,Centro,1,0,0,0.1633,0,BAIXO
512.92,54,0,3,605.9,10.0,15,0.1,0.0,67.32,170.97,15.0,0.75,Empresarial,Centro,0,2,0,0.1626,0,BAIXO
104.75,43,0,2,274.9,9.5,22,0.0667,0.0,91.63,52.38,20.9,0.45,Fibra 200MB,Oeste,1,1,0,0.1621,0,BAIXO
436.82,8,0,5,420.1,10.0,12,0.1667,0.0,46.68,145.61,12.0,0.75,Empresarial,Centro,0,2,0,0.1618,0,BAIXO
124.77,28,0,4,251.5,8.3,24,0.1333,0.0,41.92,124.77,19.92,0.6,Fibra 500MB,Leste,1,0,0,0.161,0,BAIXO
177.18,19,0,2,290.0,7.4,18,0.0667,0.0,48.33,88.59,13.32,0.45,Fibra 500MB,Sul,1,1,1,0.1609,0,BAIXO
143.08,44,0,2,350.3,9.9,18,0.0667,0.0,58.38,47.69,17.82,0.45,Fibra 500MB,Leste,1,2,0,0.1601,0,BAIXO
123.51,2,0,5,198.7,9.5,14,0.1667,0.0,33.12,123.51,13.3,0.6,Fibra 500MB,Sul,1,0,0,0.1599,0,BAIXO
145.88,6,0,2,301.3,6.8,19,0.0667,0.0,50.22,36.47,12.92,0.45,Fibra 500MB,Centro,1,3,0,0.159,0,BAIXO
99.56,26,0,1,169.5,9.6,22,0.0333,0.0,56.5,33.19,21.12,0.45,Fibra 200MB,Oeste,1,2,0,0.1584,0,BAIXO
460.68,51,0,1,545.4,8.9,10,0.0333,0.0,60.6,153.56,8.9,0.45,Empresarial,Centro,1,2,0,0.1582,0,BAIXO
129.1,37,0,1,238.9,8.8,24,0.0333,0.0,39.82,64.55,21.12,0.45,Fibra 500MB,Norte,1,1,0,0.1577,0,BAIXO
139.25,47,0,5,590.5,9.4,17,0.1667,0.0,98.42,46.42,15.98,0.45,Fibra 500MB,Centro,1,2,0,0.1569,0,BAIXO
454.72,55,0,1,739.2,9.6,24,0.0333,0.0,82.13,454.72,23.04,0.6,Empresarial,Oeste,1,0,0,0.1563,0,BAIXO
179.51,45,0,1,562.9,5.9,21,0.0333,0.0,93.82,59.84,12.39,0.45,Fibra 500MB,Centro,1,2,0,0.156,0,BAIXO
104.31,36,0,2,139.6,10.0,22,0.0667,0.0,46.53,52.16,22.0,0.45,Fibra 200MB,Centro,1,1,0,0.1554,0,BAIXO
449.67,49,0,5,477.8,8.8,22,0.1667,0.0,53.09,224.84,19.36,0.75,Empresarial,Sul,0,1,1,0.1548,0,BAIXO
469.2,1,0,0,680.8,5.7,23,0.0,0.0,75.64,156.4,13.11,0.75,Empresarial,Oeste,0,2,0,0.1546,0,BAIXO
115.2,44,0,0,220.1,5.7,23,0.0,0.0,73.37,57.6,13.11,0.45,Fibra 200MB,Centro,1,1,0,0.1535,0,BAIXO
97.93,47,0,3,277.3,5.2,24,0.1,0.0,92.43,97.93,12.48,0.6,Fibra 200MB,Centro,1,0,0,0.1533,0,BAIXO
156.68,54,0,3,279.3,6.7,23,0.1,0.0,46.55,156.68,15.41,0.6,Fibra 500MB,Centro,1,0,0,0.1531,0,BAIXO
170.39,9,0,0,398.6,9.7,17,0.0,0.0,66.43,85.2,16.49,0.45,Fibra 500MB,Oeste,1,1,0,0.1531,0,BAIXO
115.65,23,0,0,150.6,6.8,23,0.0,0.0,50.2,115.65,15.64,0.6,Fibra 200MB,Sul,1,0,0,0.1527,0,BAIXO
123.03,19,0,4,553.9,7.5,20,0.1333,0.0,92.32,61.52,15.0,0.45,Fibra 500MB,Sul,1,1,0,0.1517,0,BAIXO
163.89,37,0,4,260.7,7.2,23,0.1333,0.0,43.45,163.89,16.56,0.6,Fibra 500MB,Centro,1,0,0,0.1516,0,BAIXO
498.26,29,0,5,585.8,6.7,22,0.1667,0.0,65.09,498.26,14.74,0.6,Empresarial,Sul,1,0,0,0.1511,0,BAIXO
186.87,22,0,5,464.5,10.0,16,0.1667,0.0,77.42,93.44,16.0,0.45,Fibra 500MB,Centro,1,1,0,0.15,0,BAIXO
403.1,34,0,0,344.6,9.1,21,0.0,0.0,38.29,403.1,19.11,0.6,Empresarial,Oeste,1,0,1,0.1498,0,BAIXO
123.97,57,0,16,223.1,6.4,24,0.5333,0.0,37.18,123.97,15.36,0.6,Fibra 500MB,Sul,1,0,1,0.1494,0,BAIXO
172.6,41,0,4,425.6,7.1,22,0.1333,0.0,70.93,86.3,15.62,0.45,Fibra 500MB,Centro,1,1,1,0.1492,0,BAIXO
93.92,36,0,0,295.0,5.8,22,0.0,0.0,98.33,31.31,12.76,0.45,Fibra 200MB,Sul,1,2,0,0.147,0,BAIXO
105.49,8,0,4,115.7,10.0,22,0.1333,0.0,38.57,52.74,22.0,0.45,Fibra 200MB,Sul,1,1,0,0.1458,0,BAIXO
185.57,11,0,0,508.9,7.8,24,0.0,0.0,84.82,92.78,18.72,0.45,Fibra 500MB,Leste,1,1,1,0.1449,0,BAIXO
122.61,25,0,4,368.4,10.0,24,0.1333,0.0,61.4,122.61,24.0,0.6,Fibra 500MB,Centro,1,0,0,0.1446,0,BAIXO
190.86,53,0,16,502.7,9.0,24,0.5333,0.0,83.78,95.43,21.6,0.45,Fibra 500MB,Sul,1,1,0,0.1433,0,BAIXO
175.58,7,0,3,362.0,10.0,19,0.1,0.0,60.33,175.58,19.0,0.6,Fibra 500MB,Sul,1,0,0,0.143,0,BAIXO
125.89,45,0,4,346.3,7.1,23,0.1333,0.0,57.72,125.89,16.33,0.6,Fibra 500MB,Sul,1,0,0,0.143,0,BAIXO
143.46,26,0,3,574.3,10.0,13,0.1,0.0,95.72,47.82,13.0,0.45,Fibra 500MB,Sul,1,2,0,0.1415,0,BAIXO
487.87,30,0,0,366.8,10.0,15,0.0,0.0,40.76,487.87,15.0,0.6,Empresarial,Sul,1,0,1,0.1413,0,BAIXO
441.39,26,0,0,707.8,5.6,24,0.0,0.0,78.64,220.7,13.44,0.75,Empresarial,Sul,0,1,0,0.1408,0,BAIXO
121.28,56,0,2,528.7,10.0,15,0.0667,0.0,88.12,40.43,15.0,0.45,Fibra 500MB,Sul,1,2,1,0.1408,0,BAIXO
126.29,44,0,1,305.1,9.4,20,0.0333,0.0,50.85,42.1,18.8,0.45,Fibra 500MB,Centro,1,2,0,0.14,0,BAIXO
425.33,39,0,5,752.8,9.4,24,0.1667,0.0,83.64,425.33,22.56,0.6,Empresarial,Sul,1,0,0,0.1398,0,BAIXO
504.23,33,0,1,391.4,8.9,20,0.0333,0.0,43.49,252.12,17.8,0.45,Empresarial,Leste,1,1,0,0.1397,0,BAIXO
468.42,51,0,3,416.0,6.6,24,0.1,0.0,46.22,156.14,15.84,0.75,Empresarial,Centro,0,2,0,0.1389,0,BAIXO
195.36,39,0,4,581.3,8.0,23,0.1333,0.0,96.88,65.12,18.4,0.45,Fibra 500MB,Centro,1,2,0,0.1364,0,BAIXO
448.13,56,0,4,678.1,10.0,11,0.1333,0.0,75.34,224.06,11.0,0.45,Empresarial,Sul,1,1,1,0.1361,0,BAIXO
99.48,21,0,1,233.0,9.2,24,0.0333,0.0,77.67,49.74,22.08,0.45,Fibra 200MB,Sul,1,1,0,0.1355,0,BAIXO
157.58,4,0,4,425.6,7.1,24,0.1333,0.0,70.93,157.58,17.04,0.6,Fibra 500MB,Sul,1,0,0,0.1328,0,BAIXO
441.34,38,0,3,569.7,8.6,24,0.1,0.0,63.3,220.67,20.64,0.45,Empresarial,Leste,1,1,0,0.1328,0,BAIXO
111.94,3,0,2,194.1,5.2,24,0.0667,0.0,64.7,55.97,12.48,0.45,Fibra 200MB,Sul,1,1,0,0.1323,0,BAIXO
187.17,9,0,3,361.9,5.7,24,0.1,0.0,60.32,187.17,13.68,0.6,Fibra 500MB,Sul,1,0,0,0.1316,0,BAIXO
135.94,41,0,1,305.5,6.4,24,0.0333,0.0,50.92,135.94,15.36,0.6,Fibra 500MB,Sul,1,0,0,0.1313,0,BAIXO
196.54,28,0,2,291.2,9.1,23,0.0667,0.0,48.53,65.51,20.93,0.45,Fibra 500MB,Centro,1,2,0,0.1289,0,BAIXO
183.06,2,0,2,349.6,8.1,24,0.0667,0.0,58.27,91.53,19.44,0.45,Fibra 500MB,Centro,1,1,0,0.1277,0,BAIXO
471.59,51,0,0,860.2,10.0,10,0.0,0.0,95.58,157.2,10.0,0.45,Empresarial,Sul,1,2,0,0.1272,0,BAIXO
429.62,44,0,1,461.1,6.7,22,0.0333,0.0,51.23,214.81,14.74,0.45,Empresarial,Centro,1,1,1,0.1259,0,BAIXO
155.5,39,0,4,542.0,9.6,24,0.1333,0.0,90.33,51.83,23.04,0.45,Fibra 500MB,Sul,1,2,0,0.125,0,BAIXO
391.43,6,0,1,603.0,8.5,24,0.0333,0.0,67.0,195.72,20.4,0.45,Empresarial,Oeste,1,1,0,0.1203,0,BAIXO
489.82,43,0,4,302.5,5.1,24,0.1333,0.0,33.61,163.27,12.24,0.45,Empresarial,Leste,1,2,0,0.1153,0,BAIXO
